INSERT INTO Residence VALUES
('3009 Willow Court', 'Halifax', 'Alberta', 'Q28 7T6', '9838451214', 4, 'House'),
('0153 Elm Street', 'Oshawa', 'Nunavut', 'C07 9H7', '5550643984', 4, 'Apartment'),
('3658 Magnolia Terrace', 'Saskatoon', 'Northwest Territories', 'O64 5K0', '6136370614', 5, 'House'),
('9972 Maple Avenue', 'Victoria', 'Alberta', 'B26 4B0', '7888817055', 2, 'House'),
('0064 Elm Avenue', 'Chicoutimi', 'Alberta', 'P15 3V5', '5228895797', 2, 'House'),
('6709 Birch Lane', 'St. Johns', 'Northwest Territories', 'N68 4E8', '2260565549', 7, 'Apartment'),
('1220 Magnolia Drive', 'Kanata', 'Nova Scotia', 'J00 7Y3', '8050370889', 7, 'Condominium'),
('2348 Cedar Drive', 'Ottawa', 'Nunavut', 'U16 5W6', '7743078938', 7, 'Semi-Detached House'),
('0294 Cedar Street', 'North Bay', 'Saskatchewan', 'Y35 2S3', '5830806174', 5, 'Apartment'),
('8732 Spruce Terrace', 'Lethbridge', 'Quebec', 'M73 6K2', '8898373969', 7, 'Semi-Detached House'),
('1734 Oak Terrace', 'Mirabel', 'Ontario', 'V79 5K1', '6253484484', 5, 'Condominium'),
('0700 Elm Road', 'Toronto', 'Manitoba', 'O59 2A4', '6182062479', 5, 'Condominium'),
('4560 Willow Circle', 'Hamilton', 'Nunavut', 'C69 4Z7', '6103970205', 5, 'Apartment'),
('5823 Spruce Lane', 'Trois-Rivieres', 'Nova Scotia', 'E15 2Y8', '2289421902', 1, 'Semi-Detached House'),
('4995 Magnolia Boulevard', 'Vancouver', 'Nova Scotia', 'V81 1N1', '3485453747', 7, 'House'),
('6038 Oak Way', 'Prince George', 'Ontario', 'L66 2K7', '3485183549', 3, 'Condominium'),
('3268 Birch Circle', 'Victoriaville', 'Quebec', 'Y70 5B6', '6800330305', 5, 'House'),
('7066 Hickory Avenue', 'Norfolk County', 'Newfoundland and Labrador', 'Q23 2H2', '5362070458', 6, 'Condominium'),
('2288 Pine Road', 'Saint-Jérôme', 'Nova Scotia', 'J67 5V1', '4922615387', 6, 'House'),
('4208 Maple Court', 'Edmonton', 'Saskatchewan', 'J56 8T3', '3819639840', 7, 'Condominium'),
('4727 Magnolia Circle', 'Drummondville', 'Quebec', 'Q87 0V5', '8246558002', 7, 'House'),
('3918 Elm Circle', 'Red Deer', 'New Brunswick', 'B24 7T4', '7302045327', 2, 'House'),
('2071 Willow Road', 'Brandon', 'Ontario', 'S34 5Y8', '4058796826', 4, 'Apartment'),
('0608 Maple Boulevard', 'Aurora', 'Prince Edward Island', 'O26 4X3', '4655186585', 5, 'Condominium'),
('5639 Cedar Way', 'Calgary', 'Nunavut', 'H28 2C5', '6277210950', 6, 'Apartment'),
('7290 Maple Terrace', 'Winnipeg', 'Newfoundland and Labrador', 'A64 0D7', '9185337614', 2, 'Condominium'),
('0257 Spruce Street', 'Peterborough', 'Ontario', 'U67 1H8', '6142945622', 7, 'Semi-Detached House'),
('9523 Pine Court', 'Cornwall', 'British Columbia', 'N31 9B0', '4092618036', 6, 'House'),
('4896 Cedar Lane', 'London', 'British Columbia', 'F90 9B2', '4921101410', 7, 'Semi-Detached House'),
('5194 Cedar Avenue', 'Regina', 'British Columbia', 'N53 6I2', '5211569448', 4, 'Condominium'),
('5872 Spruce Boulevard', 'Quebec City', 'Prince Edward Island', 'M18 2D3', '7662864337', 7, 'House'),
('9262 Hickory Street', 'Abbotsford', 'Quebec', 'I10 5K8', '2292552877', 3, 'Semi-Detached House'),
('4142 Maple Way', 'Montreal', 'Saskatchewan', 'N08 6L2', '5115213407', 7, 'Apartment'),
('5032 Magnolia Court', 'St. Albert', 'Northwest Territories', 'H09 0X2', '8729286383', 6, 'Semi-Detached House'),
('7783 Birch Court', 'Kelowna', 'British Columbia', 'N80 1L6', '7372695151', 6, 'Condominium'),
('7741 Magnolia Avenue', 'Medicine Hat', 'British Columbia', 'M02 2C3', '4978874861', 2, 'House'),
('3673 Maple Street', 'Newmarket', 'Northwest Territories', 'R73 0Y8', '9594677283', 6, 'House'),
('6056 Pine Circle', 'Moncton', 'Manitoba', 'R20 4N1', '8217086692', 1, 'Condominium'),
('9920 Maple Road', 'Belleville', 'British Columbia', 'W04 2S7', '5365183938', 3, 'Semi-Detached House'),
('1417 Pine Way', 'Windsor', 'British Columbia', 'J94 6V1', '9962980946', 6, 'Condominium');


INSERT INTO Residence VALUES
('5869 Magnolia Avenue', 'Brandon', 'Manitoba', 'E76 7V3', '5922515653', 7, 'Condominium'),
('1696 Willow Circle', 'Sherbrooke', 'Ontario', 'E93 3Z3', '4322864743', 2, 'Semi-Detached House'),
('7467 Birch Avenue', 'Quebec City', 'Prince Edward Island', 'G85 8K8', '2086976855', 2, 'House'),
('5606 Willow Drive', 'Saint-Jérôme', 'Ontario', 'A43 7G8', '3571883841', 6, 'Apartment'),
('4431 Birch Boulevard', 'London', 'New Brunswick', 'Z60 3B9', '8067378282', 6, 'Semi-Detached House');

INSERT INTO Residence VALUES
('4164 Elm Drive', 'Winnipeg', 'Nunavut', 'H94 1D3', '5624055152', 4, 'Condominium'),
('0626 Willow Circle', 'Medicine Hat', 'Nova Scotia', 'E83 1N9', '8837452214', 2, 'House'),
('0427 Cedar Boulevard', 'Kitchener', 'Prince Edward Island', 'V83 6D1', '6531934753', 5, 'Semi-Detached House'),
('5176 Oak Lane', 'Newmarket', 'Nova Scotia', 'U70 3D8', '6672605352', 7, 'Condominium'),
('0868 Birch Terrace', 'Saskatoon', 'British Columbia', 'V54 8N7', '2357786402', 7, 'Condominium');

INSERT INTO Residence VALUES
('3191 Elm Road', 'Abbotsford', 'Alberta', 'P03 6R2', '4819686209', 4, 'House'),
('6539 Magnolia Court', 'Ottawa', 'Prince Edward Island', 'H26 2P3', '2210999726', 6, 'Condominium'),
('5101 Magnolia Boulevard', 'Montreal', 'Quebec', 'Y30 2T8', '9679275003', 5, 'Apartment'),
('0079 Oak Avenue', 'St. Johns', 'Northwest Territories', 'S16 8V3', '3695508765', 3, 'House'),
('6622 Willow Drive', 'North Bay', 'British Columbia', 'L85 6Z1', '2012095428', 3, 'Apartment');

INSERT INTO Residence VALUES
('2588 Oak Lane', 'Edmonton', 'Quebec', 'S54 2F9', '4608183392', 4, 'House'),
('3753 Maple Drive', 'Aurora', 'British Columbia', 'Y45 0W1', '6933548756', 7, 'House'),
('6100 Magnolia Road', 'Belleville', 'Manitoba', 'P39 8B4', '7926115184', 2, 'Condominium'),
('6299 Maple Street', 'London', 'Quebec', 'S09 9Y1', '8559425009', 6, 'Apartment'),
('9987 Maple Circle', 'Trois-Rivieres', 'Quebec', 'E34 3S2', '2540877912', 2, 'Condominium');

INSERT INTO Residence VALUES
('9310 Willow Avenue', 'Belleville', 'Manitoba', 'Y05 8B2', '8233875722', 4, 'Semi-Detached House'),
('1063 Oak Boulevard', 'Saint-Jérôme', 'Alberta', 'N68 5C4', '8787484321', 3, 'Condominium'),
('1877 Hickory Avenue', 'Halifax', 'Manitoba', 'N48 3W7', '9817452851', 2, 'Apartment'),
('8634 Oak Way', 'Drummondville', 'Quebec', 'Z04 7Y8', '5149505508', 4, 'Condominium'),
('7215 Elm Street', 'Vancouver', 'Alberta', 'S51 9G5', '6607913799', 3, 'House');

INSERT INTO Residence VALUES
('2474 Birch Drive', 'Quebec City', 'New Brunswick', 'C17 0Z9', '5346487304', 2, 'Condominium'),
('8737 Pine Court', 'Kelowna', 'Prince Edward Island', 'O74 2N6', '6891896922', 1, 'Apartment'),
('0467 Birch Lane', 'Guelph', 'Northwest Territories', 'H07 2B4', '9612120016', 7, 'Condominium'),
('2236 Magnolia Street', 'Montreal', 'Ontario', 'G27 4H0', '9052974873', 4, 'House'),
('4637 Spruce Boulevard', 'Saint John', 'Saskatchewan', 'A95 8A3', '2357753565', 7, 'Semi-Detached House');

INSERT INTO Residence VALUES
('2642 Hickory Road', 'Abbotsford', 'Newfoundland and Labrador', 'V18 3P1', '5533457352', 1, 'Condominium'),
('0605 Maple Court', 'Saint-Jérôme', 'Newfoundland and Labrador', 'L61 9J0', '7796725015', 6, 'Apartment'),
('4637 Birch Lane', 'Chicoutimi', 'Manitoba', 'C24 5I7', '8740059220', 1, 'Semi-Detached House'),
('8254 Spruce Street', 'Medicine Hat', 'Manitoba', 'I01 7I8', '3550872092', 7, 'Condominium'),
('7887 Pine Circle', 'St. Albert', 'British Columbia', 'C40 3U0', '7547695048', 6, 'Condominium');

INSERT INTO Residence VALUES
('6276 Oak Court', 'Halifax', 'Nunavut', 'K66 0Z5', '2438094514', 4, 'Semi-Detached House'),
('8339 Hickory Avenue', 'Moncton', 'Nova Scotia', 'M44 7G1', '5409713294', 3, 'Apartment'),
('0529 Willow Boulevard', 'Hamilton', 'Ontario', 'G71 1D0', '5274021338', 1, 'Apartment'),
('9679 Birch Way', 'Kitchener', 'Newfoundland and Labrador', 'K12 2T4', '9134719649', 1, 'Semi-Detached House'),
('6612 Cedar Terrace', 'Red Deer', 'Ontario', 'D23 9C7', '7519727975', 7, 'House');

INSERT INTO Residence VALUES
('4675 Elm Terrace', 'Norfolk County', 'Northwest Territories', 'Q18 7Y8', '5595899937', 5, 'Apartment'),
('8974 Maple Circle', 'Chicoutimi', 'Newfoundland and Labrador', 'P24 1P9', '7503922574', 3, 'Apartment'),
('3764 Oak Way', 'St. Johns', 'Northwest Territories', 'Q25 8T2', '8782649659', 3, 'House'),
('5436 Cedar Lane', 'Cornwall', 'Saskatchewan', 'A69 3D9', '9859837105', 6, 'Apartment'),
('6784 Pine Way', 'Saint John', 'Nova Scotia', 'H66 9Q5', '2965018840', 1, 'Semi-Detached House');

INSERT INTO Residence VALUES
('5623 Spruce Way', 'Moncton', 'Newfoundland and Labrador', 'N55 4Z4', '2045163350', 4, 'Semi-Detached House'),
('7357 Magnolia Street', 'Kingston', 'Prince Edward Island', 'L09 9S3', '5219930958', 4, 'House'),
('5688 Willow Lane', 'Vancouver', 'Northwest Territories', 'I78 6Z6', '9371117034', 6, 'Condominium'),
('6217 Oak Drive', 'Belleville', 'Northwest Territories', 'R95 1O2', '8033176801', 5, 'Semi-Detached House'),
('5344 Spruce Terrace', 'Brandon', 'Nova Scotia', 'D41 5S6', '4878952709', 2, 'Semi-Detached House');

INSERT INTO Residence VALUES
('5865 Willow Circle', 'Windsor', 'New Brunswick', 'S92 0A1', '7144374891', 2, 'House'),
('4997 Elm Road', 'Brandon', 'Prince Edward Island', 'P63 8L8', '6804245498', 6, 'Condominium'),
('5060 Magnolia Avenue', 'Fredericton', 'Quebec', 'A86 1W3', '5023136837', 6, 'Condominium'),
('8418 Magnolia Drive', 'Aurora', 'New Brunswick', 'C59 1R5', '5883654280', 3, 'Apartment'),
('9352 Maple Road', 'Oshawa', 'Prince Edward Island', 'U48 0J4', '9070694689', 7, 'Semi-Detached House');

INSERT INTO Residence VALUES
('8384 Maple Circle', 'Saskatoon', 'Newfoundland and Labrador', 'L42 0D0', '9008683034', 4, 'House'),
('5336 Magnolia Terrace', 'Saint-Hyacinthe', 'New Brunswick', 'J35 8Y9', '9505448358', 6, 'Semi-Detached House'),
('2274 Magnolia Lane', 'Norfolk County', 'Alberta', 'V36 9F7', '5662018273', 7, 'Apartment'),
('1952 Oak Road', 'Halifax', 'British Columbia', 'B11 3V3', '9012085041', 2, 'Condominium'),
('8809 Cedar Lane', 'Victoria', 'British Columbia', 'P23 3J6', '2824965548', 4, 'Condominium');

INSERT INTO Residence VALUES
('1093 Hickory Way', 'Saint John', 'Nova Scotia', 'Q13 3I6', '5530116803', 1, 'House'),
('6266 Magnolia Court', 'Medicine Hat', 'Manitoba', 'V16 5E1', '8106189610', 1, 'Condominium'),
('8932 Hickory Drive', 'Ottawa', 'Manitoba', 'W03 3W1', '7021255857', 5, 'Semi-Detached House'),
('5479 Spruce Terrace', 'Kelowna', 'Quebec', 'K75 5D4', '6962313082', 5, 'Condominium'),
('6125 Oak Circle', 'Fredericton', 'Newfoundland and Labrador', 'O59 8C1', '6663004449', 5, 'House');

INSERT INTO Person VALUES
('4652676288', 'Scarlett', 'Evans', '2004-6-6', 'Y055143745', '3072933999', 'Canadian', 'scarlettevans21@gmail.com', 'Bartender', '6038 Oak Way'),
('0926016027', 'Carter', 'Mitchell', '1942-5-26', 'F797671484', '6109778514', 'Canadian', 'cartermitchell96@gmail.com', 'Lawyer', '0257 Spruce Street'),
('7688511368', 'Samuel', 'Harris', '1980-5-1', 'I939669011', '7037482311', 'Canadian', 'samuelharris59@gmail.com', 'Journalist', '3658 Magnolia Terrace'),
('5691679080', 'Mila', 'Martinez', '1962-9-21', 'K718952726', '5002889480', 'Canadian', 'milamartinez96@gmail.com', 'Chef', '0153 Elm Street'),
('3936856948', 'Amelia', 'Allen', '1977-5-21', 'Y660931028', '3811870460', 'Canadian', 'ameliaallen49@gmail.com', 'Artist', '3673 Maple Street'),
('1834903106', 'Liam', 'Edwards', '1964-11-26', 'J462529284', '7143270726', 'Canadian', 'liamedwards24@gmail.com', 'Web Designer', '0257 Spruce Street'),
('9331197341', 'Mia', 'Davis', '2013-9-10', 'A899342847', '3148676454', 'Canadian', 'miadavis21@gmail.com', 'Marketing Manager', '0294 Cedar Street'),
('4885738135', 'Emily', 'Adams', '1994-5-11', 'A390079275', '2957652778', 'Canadian', 'emilyadams06@gmail.com', 'Real Estate Agent', '5639 Cedar Way'),
('7208214952', 'Victoria', 'Moore', '1958-4-13', 'C634507438', '8043709936', 'Canadian', 'victoriamoore87@gmail.com', 'Construction Worker', '5872 Spruce Boulevard'),
('2096448779', 'Victoria', 'Martinez', '1997-7-22', 'S858845371', '5932055099', 'Canadian', 'victoriamartinez87@gmail.com', 'Carpenter', '3673 Maple Street'),
('3330310117', 'Daniel', 'White', '1963-6-7', 'T427504623', '8681922145', 'Canadian', 'danielwhite17@gmail.com', 'Pharmacist', '5639 Cedar Way'),
('9119806257', 'Avery', 'Anderson', '2013-1-1', 'Z237368743', '4517895087', 'Canadian', 'averyanderson57@gmail.com', 'Photographer', '6709 Birch Lane'),
('3411198947', 'Logan', 'Allen', '1995-11-24', 'V918505799', '9671525691', 'Canadian', 'loganallen08@gmail.com', 'Electrician', '7783 Birch Court'),
('8588284874', 'Madison', 'Davis', '1992-9-2', 'A152324117', '2608024705', 'Canadian', 'madisondavis21@gmail.com', 'Social Worker', '1734 Oak Terrace'),
('4919351651', 'Sebastian', 'Anderson', '1961-10-13', 'P174284701', '8142953781', 'Canadian', 'sebastiananderson07@gmail.com', 'Architect', '3009 Willow Court'),
('3874122262', 'Elizabeth', 'Jackson', '2014-3-27', 'I482019463', '4716062134', 'Canadian', 'elizabethjackson75@gmail.com', 'Financial Analyst', '7290 Maple Terrace'),
('2750282849', 'Samuel', 'Campbell', '2002-2-21', 'Q727731140', '5435383883', 'Canadian', 'samuelcampbell09@gmail.com', 'Marine Biologist', '5194 Cedar Avenue'),
('1040228505', 'Samuel', 'Carter', '1955-2-23', 'I337621143', '7534306336', 'Canadian', 'samuelcarter53@gmail.com', 'Actor', '7741 Magnolia Avenue'),
('3285557877', 'Sophia', 'Lopez', '1981-4-12', 'D441882341', '8210145278', 'Canadian', 'sophialopez05@gmail.com', 'Meteorologist', '0257 Spruce Street'),
('3615234867', 'Mila', 'Evans', '1991-4-18', 'L656830564', '2977576070', 'Canadian', 'milaevans05@gmail.com', 'Accountant', '7066 Hickory Avenue'),
('6341422905', 'Matthew', 'Walker', '2004-6-27', 'U231783622', '8851375431', 'Canadian', 'matthewwalker35@gmail.com', 'Economist', '4995 Magnolia Boulevard'),
('2333699560', 'Lily', 'Harris', '1979-1-4', 'R961491809', '7765390960', 'Canadian', 'lilyharris72@gmail.com', 'Biologist', '7066 Hickory Avenue'),
('7115467936', 'Victoria', 'Green', '1978-4-16', 'X998154077', '7869123980', 'Canadian', 'victoriagreen51@gmail.com', 'Police Officer', '5823 Spruce Lane'),
('7656964983', 'Matthew', 'Hill', '2008-2-21', 'G821865737', '6296821749', 'Canadian', 'matthewhill22@gmail.com', 'Engineer', '6038 Oak Way'),
('4929938740', 'Avery', 'Wilson', '2007-10-8', 'O648425817', '6020680645', 'Canadian', 'averywilson87@gmail.com', 'Interior Designer', '7066 Hickory Avenue'),
('8677839699', 'Mia', 'Wilson', '1996-11-12', 'B266470179', '3393514700', 'Canadian', 'miawilson18@gmail.com', 'Doctor', '3658 Magnolia Terrace'),
('8711076556', 'Henry', 'Phillips', '1964-8-19', 'A675458953', '9184167639', 'Canadian', 'henryphillips42@gmail.com', 'Mechanic', '7783 Birch Court'),
('1729842175', 'Liam', 'Martinez', '1993-11-19', 'V374295388', '8230616669', 'Canadian', 'liammartinez09@gmail.com', 'Plumber', '5032 Magnolia Court'),
('8926786758', 'Mason', 'Gonzalez', '1989-5-17', 'T801708243', '2971437617', 'Canadian', 'masongonzalez75@gmail.com', 'Fitness Trainer', '7741 Magnolia Avenue'),
('7380630290', 'Alexander', 'Martin', '1960-5-26', 'S683386398', '6645387750', 'Canadian', 'alexandermartin28@gmail.com', 'Software Developer', '8732 Spruce Terrace'),
('4609293344', 'Mia', 'Rodriguez', '1995-7-19', 'X409023959', '9838393955', 'Canadian', 'miarodriguez50@gmail.com', 'Fashion Designer', '7741 Magnolia Avenue'),
('6767986694', 'Henry', 'Johnson', '1949-10-18', 'L462551229', '9682176655', 'Canadian', 'henryjohnson27@gmail.com', 'Paramedic', '4896 Cedar Lane'),
('5186091304', 'Olivia', 'Nelson', '1989-4-6', 'P127359544', '9400477556', 'Canadian', 'olivianelson75@gmail.com', 'Chemist', '6709 Birch Lane'),
('1300444673', 'Sophia', 'Garcia', '1991-8-14', 'X600896125', '4256066941', 'Canadian', 'sophiagarcia26@gmail.com', 'Writer', '2288 Pine Road'),
('1780023289', 'Amelia', 'Hill', '1975-11-25', 'L941920042', '8518938559', 'Canadian', 'ameliahill17@gmail.com', 'Veterinarian', '7741 Magnolia Avenue'),
('3297863459', 'Daniel', 'Miller', '1986-8-11', 'T921464445', '3701893621', 'Canadian', 'danielmiller95@gmail.com', 'Graphic Designer', '3658 Magnolia Terrace'),
('2856034153', 'Henry', 'Carter', '2017-2-24', 'B786547400', '6546026633', 'Canadian', 'henrycarter01@gmail.com', 'Sales Representative', '5823 Spruce Lane'),
('2066346940', 'Ella', 'Brown', '1989-4-1', 'L146630249', '2462223403', 'Canadian', 'ellabrown65@gmail.com', 'Translator', '6038 Oak Way'),
('3227091248', 'Mason', 'Martin', '1970-3-20', 'H590452612', '8730770753', 'Canadian', 'masonmartin35@gmail.com', 'Flight Attendant', '4208 Maple Court'),
('4687416768', 'Abigail', 'Green', '2020-6-22', 'E552108497', '9005993958', 'Canadian', 'abigailgreen89@gmail.com', 'Psychologist', '9523 Pine Court');


INSERT INTO Person VALUES
('3731597370', 'Chloe', 'Phillips', '1971-4-20', 'X284896164', '3908403615', 'Canadian', 'chloephillips46@gmail.com', 'Bartender', '7467 Birch Avenue'),
('0763421475', 'Evelyn', 'Jones', '2003-10-19', 'G760528915', '8722203107', 'Canadian', 'evelynjones15@gmail.com', 'Pharmacist', '5606 Willow Drive'),
('9405217598', 'Riley', 'Martinez', '1990-1-26', 'R649257687', '4959535321', 'Canadian', 'rileymartinez36@gmail.com', 'Accountant', '1696 Willow Circle'),
('1124819673', 'Noah', 'Williams', '1963-7-2', 'Z842785317', '8160310200', 'Canadian', 'noahwilliams37@gmail.com', 'Police Officer', '5606 Willow Drive'),
('4102531803', 'Emily', 'Lewis', '2009-6-23', 'W183761840', '6702282358', 'Canadian', 'emilylewis97@gmail.com', 'Actor', '7467 Birch Avenue'),
('6434725606', 'Charlotte', 'Nelson', '1976-10-17', 'B889939580', '2820758230', 'Canadian', 'charlottenelson83@gmail.com', 'Psychologist', '5869 Magnolia Avenue'),
('5857080851', 'Mia', 'Lee', '2013-6-16', 'K067763527', '3585255465', 'Canadian', 'mialee42@gmail.com', 'Real Estate Agent', '5606 Willow Drive'),
('6583371714', 'Sebastian', 'Anderson', '1998-4-10', 'M276267966', '3931846586', 'Canadian', 'sebastiananderson80@gmail.com', 'Plumber', '5869 Magnolia Avenue'),
('7998995325', 'Mila', 'Anderson', '1954-11-5', 'Y602163137', '3625517013', 'Canadian', 'milaanderson53@gmail.com', 'Electrician', '5606 Willow Drive'),
('6385616610', 'Avery', 'Hill', '2011-1-26', 'P552174933', '9951542755', 'Canadian', 'averyhill00@gmail.com', 'Economist', '5606 Willow Drive'),
('9387031128', 'Abigail', 'Phillips', '1978-3-23', 'D809652420', '9155320417', 'Canadian', 'abigailphillips13@gmail.com', 'Translator', '7467 Birch Avenue'),
('6130485953', 'Chloe', 'Gonzalez', '2010-11-25', 'P041466572', '2240885591', 'Canadian', 'chloegonzalez14@gmail.com', 'Engineer', '5869 Magnolia Avenue'),
('9501688478', 'Lucas', 'Davis', '1996-7-17', 'O587263317', '9051542216', 'Canadian', 'lucasdavis56@gmail.com', 'Veterinarian', '7467 Birch Avenue'),
('6814350882', 'Sebastian', 'Lopez', '1996-8-8', 'S656337912', '3104446634', 'Canadian', 'sebastianlopez78@gmail.com', 'Photographer', '7467 Birch Avenue'),
('4644320119', 'Joseph', 'Smith', '1944-1-20', 'T161333762', '7582010757', 'Canadian', 'josephsmith57@gmail.com', 'Fitness Trainer', '1696 Willow Circle'),
('1622210886', 'James', 'Jones', '1985-3-23', 'M867295985', '3883610159', 'Canadian', 'jamesjones27@gmail.com', 'Teacher', '7467 Birch Avenue'),
('3048428723', 'Grace', 'Taylor', '1992-9-18', 'S158689210', '3039306631', 'Canadian', 'gracetaylor12@gmail.com', 'Financial Analyst', '5869 Magnolia Avenue'),
('5849431555', 'Isabella', 'Williams', '1977-11-6', 'Y121751505', '8885636995', 'Canadian', 'isabellawilliams73@gmail.com', 'Marketing Manager', '5869 Magnolia Avenue'),
('0637013001', 'David', 'Perez', '2012-3-7', 'S152534160', '3369956558', 'Canadian', 'davidperez57@gmail.com', 'Software Developer', '5869 Magnolia Avenue'),
('9780066562', 'Lucas', 'Perez', '2005-2-21', 'B580137439', '7616386692', 'Canadian', 'lucasperez50@gmail.com', 'Flight Attendant', '5606 Willow Drive'),
('7013496960', 'Riley', 'Garcia', '1949-7-22', 'R641380991', '6863747995', 'Canadian', 'rileygarcia09@gmail.com', 'Meteorologist', '5606 Willow Drive'),
('5857141640', 'Isabella', 'Anderson', '1995-10-1', 'X951573027', '4048754988', 'Canadian', 'isabellaanderson72@gmail.com', 'Chemist', '1696 Willow Circle'),
('0364082357', 'Aiden', 'Brown', '1963-6-10', 'I149708542', '9815581397', 'Canadian', 'aidenbrown93@gmail.com', 'Lawyer', '1696 Willow Circle'),
('2372239636', 'Evelyn', 'Gonzalez', '2013-5-18', 'S127940062', '7402209209', 'Canadian', 'evelyngonzalez77@gmail.com', 'Geologist', '5606 Willow Drive'),
('4143215804', 'Lily', 'Rodriguez', '1952-3-15', 'G074331372', '6800590816', 'Canadian', 'lilyrodriguez19@gmail.com', 'HR Manager', '5606 Willow Drive'),
('7074446269', 'Isabella', 'White', '2015-5-21', 'A863563218', '9055439832', 'Canadian', 'isabellawhite60@gmail.com', 'Social Worker', '1696 Willow Circle'),
('1150850213', 'Lucas', 'Allen', '1948-5-14', 'S172330823', '6659661897', 'Canadian', 'lucasallen24@gmail.com', 'Dentist', '5606 Willow Drive'),
('5413537264', 'Ava', 'Perez', '1976-4-15', 'Y810562360', '7478652239', 'Canadian', 'avaperez14@gmail.com', 'Mechanic', '5869 Magnolia Avenue'),
('5087872605', 'Isabella', 'King', '2011-4-13', 'N596961839', '6890349689', 'Canadian', 'isabellaking73@gmail.com', 'Construction Worker', '5869 Magnolia Avenue'),
('2704647799', 'Aiden', 'Adams', '1952-4-5', 'M211483332', '4738590926', 'Canadian', 'aidenadams15@gmail.com', 'Writer', '7467 Birch Avenue'),
('1902658794', 'Henry', 'Clark', '1980-3-10', 'N026472921', '9211795156', 'Canadian', 'henryclark92@gmail.com', 'Carpenter', '5606 Willow Drive'),
('9237019198', 'William', 'Lewis', '1993-9-15', 'N967616458', '6415290693', 'Canadian', 'williamlewis67@gmail.com', 'Journalist', '5606 Willow Drive'),
('5807609745', 'Lucas', 'Wilson', '2020-11-24', 'F690649212', '8904423259', 'Canadian', 'lucaswilson30@gmail.com', 'Pilot', '5606 Willow Drive'),
('5122000167', 'Ava', 'Brown', '1970-11-8', 'O449099393', '6602578031', 'Canadian', 'avabrown91@gmail.com', 'Paramedic', '7467 Birch Avenue'),
('5521411177', 'Mia', 'Hill', '2012-1-5', 'K474796071', '9004527093', 'Canadian', 'miahill16@gmail.com', 'Graphic Designer', '1696 Willow Circle'),
('7779733482', 'Lucas', 'Scott', '1947-3-17', 'N413971731', '7932605043', 'Canadian', 'lucasscott09@gmail.com', 'Architect', '5606 Willow Drive'),
('9797582316', 'Lily', 'Nelson', '1975-4-7', 'B419465687', '6932874523', 'Canadian', 'lilynelson28@gmail.com', 'Interior Designer', '7467 Birch Avenue'),
('3485599850', 'Riley', 'Williams', '1988-6-24', 'V250068800', '7371206718', 'Canadian', 'rileywilliams26@gmail.com', 'Doctor', '5869 Magnolia Avenue'),
('8268805656', 'Chloe', 'Hall', '1982-9-11', 'Q485547397', '5839235087', 'Canadian', 'chloehall89@gmail.com', 'Marine Biologist', '5606 Willow Drive'),
('3143142569', 'Emma', 'Thomas', '1981-9-23', 'F025432662', '6596448410', 'Canadian', 'emmathomas98@gmail.com', 'Chef', '7467 Birch Avenue');

INSERT INTO Person VALUES
('9608393089', 'Ethan', 'Parker', '2001-7-8', 'Q182689881', '2658191586', 'Canadian', 'ethanparker43@gmail.com', 'Real Estate Agent', '4164 Elm Drive'),
('2721914764', 'Elizabeth', 'Taylor', '1999-4-24', 'T316579673', '4994875097', 'Canadian', 'elizabethtaylor52@gmail.com', 'Marketing Manager', '0626 Willow Circle'),
('8422859904', 'Emma', 'Mitchell', '1992-9-25', 'I152901505', '4003150766', 'Canadian', 'emmamitchell72@gmail.com', 'Fashion Designer', '4164 Elm Drive'),
('7017131490', 'Sofia', 'Jackson', '1998-1-23', 'Y868180187', '8027381742', 'Canadian', 'sofiajackson83@gmail.com', 'Pilot', '0626 Willow Circle'),
('6326189344', 'James', 'Harris', '1970-2-13', 'M381102629', '8568105742', 'Canadian', 'jamesharris01@gmail.com', 'Dentist', '0427 Cedar Boulevard'),
('1518407343', 'Olivia', 'Anderson', '1982-7-18', 'B886266475', '8330655023', 'Canadian', 'oliviaanderson38@gmail.com', 'Marine Biologist', '0626 Willow Circle'),
('7898626805', 'Samuel', 'Parker', '1964-9-5', 'K860745733', '2287168896', 'Canadian', 'samuelparker49@gmail.com', 'Graphic Designer', '5176 Oak Lane'),
('3704753278', 'Chloe', 'Perez', '1982-4-18', 'U860143335', '5489234140', 'Canadian', 'chloeperez18@gmail.com', 'Translator', '4164 Elm Drive'),
('1830901007', 'Emma', 'Hill', '1951-11-4', 'Y798477112', '7304035466', 'Canadian', 'emmahill24@gmail.com', 'Web Designer', '5176 Oak Lane'),
('7212370986', 'Abigail', 'Rodriguez', '1983-6-15', 'H118590117', '5853292631', 'Canadian', 'abigailrodriguez50@gmail.com', 'Librarian', '0626 Willow Circle'),
('9796546920', 'Jacob', 'Jackson', '1980-9-10', 'V880026217', '2768393026', 'Canadian', 'jacobjackson45@gmail.com', 'Journalist', '4164 Elm Drive'),
('1972128682', 'Sebastian', 'Edwards', '1968-9-19', 'U729494471', '6224637436', 'Canadian', 'sebastianedwards97@gmail.com', 'Biologist', '5176 Oak Lane'),
('0086284698', 'Ethan', 'Mitchell', '1955-3-18', 'R071498066', '8575987007', 'Canadian', 'ethanmitchell77@gmail.com', 'Electrician', '4164 Elm Drive'),
('1298705573', 'Henry', 'Taylor', '1964-3-17', 'D175044142', '6115381417', 'Canadian', 'henrytaylor94@gmail.com', 'Writer', '5176 Oak Lane'),
('8488465271', 'Scarlett', 'Taylor', '1975-5-1', 'V577664312', '6028204206', 'Canadian', 'scarletttaylor08@gmail.com', 'Architect', '4164 Elm Drive'),
('6133465698', 'Victoria', 'Moore', '1953-8-10', 'S829090665', '4165706766', 'Canadian', 'victoriamoore77@gmail.com', 'Mechanic', '4164 Elm Drive'),
('2268358192', 'Mila', 'Anderson', '1957-3-23', 'R508251059', '6511320077', 'Canadian', 'milaanderson67@gmail.com', 'Psychologist', '0427 Cedar Boulevard'),
('1341010333', 'Ava', 'Gonzalez', '2005-10-7', 'J382009395', '3348925270', 'Canadian', 'avagonzalez70@gmail.com', 'Teacher', '4164 Elm Drive'),
('1267695125', 'Joseph', 'Lee', '1986-7-4', 'B698697118', '6846468962', 'Canadian', 'josephlee11@gmail.com', 'Financial Analyst', '5176 Oak Lane'),
('8266935889', 'Elizabeth', 'Wilson', '2011-8-7', 'B437266931', '7947100836', 'Canadian', 'elizabethwilson08@gmail.com', 'Police Officer', '0427 Cedar Boulevard'),
('8650333745', 'Scarlett', 'Harris', '1954-1-18', 'P712191048', '9697699860', 'Canadian', 'scarlettharris02@gmail.com', 'Engineer', '5176 Oak Lane'),
('4799693777', 'Aria', 'Smith', '1975-7-22', 'L428453931', '8496578997', 'Canadian', 'ariasmith01@gmail.com', 'Meteorologist', '0626 Willow Circle'),
('8718871088', 'Joseph', 'Evans', '1994-11-24', 'Z774038415', '8962923468', 'Canadian', 'josephevans30@gmail.com', 'Waiter/Waitress', '0626 Willow Circle'),
('0597055447', 'Mila', 'Young', '2010-8-16', 'N110768743', '8639704671', 'Canadian', 'milayoung37@gmail.com', 'Plumber', '0626 Willow Circle'),
('7419641767', 'David', 'Phillips', '1986-2-25', 'A136376950', '8405201777', 'Canadian', 'davidphillips08@gmail.com', 'Accountant', '5176 Oak Lane'),
('2056939704', 'Jackson', 'Adams', '1966-4-10', 'T806575027', '7979321035', 'Canadian', 'jacksonadams17@gmail.com', 'Doctor', '0626 Willow Circle'),
('1710951942', 'Emma', 'Anderson', '1972-2-4', 'G544432003', '9933938327', 'Canadian', 'emmaanderson86@gmail.com', 'Photographer', '5176 Oak Lane'),
('4442042132', 'Charlotte', 'Walker', '1973-4-14', 'V178839553', '8959161970', 'Canadian', 'charlottewalker04@gmail.com', 'Flight Attendant', '4164 Elm Drive'),
('7144912609', 'Sebastian', 'Moore', '2019-9-17', 'D283270362', '4049279463', 'Canadian', 'sebastianmoore31@gmail.com', 'Nurse', '5176 Oak Lane'),
('4431023475', 'Isabella', 'Gonzalez', '1988-4-11', 'D750631352', '8199238166', 'Canadian', 'isabellagonzalez92@gmail.com', 'Sales Representative', '0626 Willow Circle'),
('1668563568', 'Ella', 'Parker', '1964-2-23', 'S923928694', '8770778875', 'Canadian', 'ellaparker88@gmail.com', 'Software Developer', '5176 Oak Lane'),
('4049327447', 'Jacob', 'Turner', '2020-2-10', 'O184538279', '6935517695', 'Canadian', 'jacobturner81@gmail.com', 'Construction Worker', '5176 Oak Lane'),
('8037147400', 'Jackson', 'Lopez', '2022-4-15', 'U537244990', '3246891620', 'Canadian', 'jacksonlopez67@gmail.com', 'Actor', '0427 Cedar Boulevard'),
('3912924958', 'Samuel', 'Evans', '1983-5-11', 'Z199294087', '6163992779', 'Canadian', 'samuelevans46@gmail.com', 'Carpenter', '0626 Willow Circle'),
('7951004898', 'Joseph', 'Allen', '1948-2-8', 'T107726116', '4637341615', 'Canadian', 'josephallen57@gmail.com', 'Economist', '4164 Elm Drive'),
('8641604677', 'Ella', 'Hill', '1990-10-25', 'V109969507', '6313663721', 'Canadian', 'ellahill04@gmail.com', 'Social Worker', '0427 Cedar Boulevard'),
('3983484091', 'Joseph', 'Martinez', '1957-4-24', 'F563513966', '4798577146', 'Canadian', 'josephmartinez21@gmail.com', 'Geologist', '5176 Oak Lane'),
('3653765933', 'Ella', 'Rodriguez', '1957-3-25', 'H180041058', '8337513176', 'Canadian', 'ellarodriguez99@gmail.com', 'Lawyer', '0427 Cedar Boulevard'),
('2265041318', 'Sophia', 'Lewis', '1977-3-5', 'U367676507', '4000938525', 'Canadian', 'sophialewis48@gmail.com', 'Veterinarian', '5176 Oak Lane'),
('6960135459', 'Lily', 'Hill', '1981-5-25', 'K548243994', '8305587300', 'Canadian', 'lilyhill96@gmail.com', 'Fitness Trainer', '0427 Cedar Boulevard');

INSERT INTO Person VALUES
('1196322207', 'Sofia', 'Wilson', '1949-1-2', 'V860803835', '8131165793', 'Canadian', 'sofiawilson81@gmail.com', 'Bartender', '0079 Oak Avenue'),
('3632399467', 'James', 'Perez', '2021-3-16', 'P544051286', '3755450385', 'Canadian', 'jamesperez06@gmail.com', 'Librarian', '3191 Elm Road'),
('5152457605', 'Charlotte', 'Lewis', '2018-3-9', 'U944935918', '5095435255', 'Canadian', 'charlottelewis78@gmail.com', 'Pilot', '3191 Elm Road'),
('3109862265', 'Joseph', 'Jackson', '1944-5-4', 'Q426558117', '3357828065', 'Canadian', 'josephjackson20@gmail.com', 'Teacher', '0079 Oak Avenue'),
('0317647014', 'Elijah', 'Jackson', '1969-3-26', 'O668605760', '2775435802', 'Canadian', 'elijahjackson13@gmail.com', 'Software Developer', '6539 Magnolia Court'),
('4216545336', 'Emily', 'Harris', '1993-11-12', 'F672519681', '3442658566', 'Canadian', 'emilyharris48@gmail.com', 'Police Officer', '3191 Elm Road'),
('7971633832', 'Mila', 'Turner', '2010-6-13', 'L130807271', '4330520811', 'Canadian', 'milaturner95@gmail.com', 'Graphic Designer', '0079 Oak Avenue'),
('7596263446', 'Sebastian', 'Williams', '2021-6-14', 'F465091206', '8646531364', 'Canadian', 'sebastianwilliams61@gmail.com', 'Electrician', '0079 Oak Avenue'),
('7594920148', 'Amelia', 'Jones', '2000-4-27', 'B795008276', '3180443088', 'Canadian', 'ameliajones62@gmail.com', 'Economist', '3191 Elm Road'),
('2104441924', 'Sebastian', 'Edwards', '2004-7-24', 'R399615412', '5148605243', 'Canadian', 'sebastianedwards32@gmail.com', 'Photographer', '6539 Magnolia Court'),
('7612388820', 'Isabella', 'Rodriguez', '1992-1-15', 'R253799304', '3003057348', 'Canadian', 'isabellarodriguez58@gmail.com', 'Architect', '5101 Magnolia Boulevard'),
('2094621624', 'Olivia', 'Mitchell', '1940-11-9', 'Y646623490', '4921680610', 'Canadian', 'oliviamitchell74@gmail.com', 'Fashion Designer', '5101 Magnolia Boulevard'),
('4825103718', 'Amelia', 'Perez', '1943-5-6', 'D809193272', '8898354283', 'Canadian', 'ameliaperez78@gmail.com', 'Biologist', '3191 Elm Road'),
('4990048526', 'Mia', 'Phillips', '1995-11-11', 'I609374623', '9411345365', 'Canadian', 'miaphillips13@gmail.com', 'Financial Analyst', '0079 Oak Avenue'),
('4200780049', 'David', 'Anderson', '2010-6-9', 'C190161004', '9233158625', 'Canadian', 'davidanderson18@gmail.com', 'Artist', '5101 Magnolia Boulevard'),
('9462321053', 'Benjamin', 'Walker', '1974-5-22', 'P516763732', '5295510503', 'Canadian', 'benjaminwalker24@gmail.com', 'Geologist', '6539 Magnolia Court'),
('7816485856', 'William', 'Nelson', '1982-2-10', 'Q746394130', '3954530952', 'Canadian', 'williamnelson64@gmail.com', 'Marine Biologist', '0079 Oak Avenue'),
('1790495275', 'Lily', 'Martinez', '1946-10-20', 'Z862010081', '7061563443', 'Canadian', 'lilymartinez38@gmail.com', 'Plumber', '3191 Elm Road'),
('7101263885', 'Liam', 'Phillips', '1981-7-23', 'Y156203251', '4859354634', 'Canadian', 'liamphillips97@gmail.com', 'HR Manager', '6539 Magnolia Court'),
('0927252201', 'Mia', 'Robinson', '2021-1-13', 'D139104075', '5530715002', 'Canadian', 'miarobinson55@gmail.com', 'Mechanic', '0079 Oak Avenue'),
('0509148128', 'Sebastian', 'Robinson', '1980-4-15', 'F373918470', '7839936832', 'Canadian', 'sebastianrobinson35@gmail.com', 'Web Designer', '3191 Elm Road'),
('6867421007', 'Henry', 'Brown', '1987-10-20', 'A739839126', '2000424771', 'Canadian', 'henrybrown86@gmail.com', 'Flight Attendant', '0079 Oak Avenue'),
('1992274014', 'Ava', 'White', '2005-9-22', 'R226008128', '2577303751', 'Canadian', 'avawhite31@gmail.com', 'Paramedic', '3191 Elm Road'),
('8887651257', 'Sofia', 'Nelson', '2015-1-11', 'M275325161', '6143184293', 'Canadian', 'sofianelson82@gmail.com', 'Journalist', '6539 Magnolia Court'),
('9280596248', 'Isabella', 'Young', '1941-5-6', 'F184019521', '5423659181', 'Canadian', 'isabellayoung12@gmail.com', 'Chemist', '0079 Oak Avenue'),
('0574641663', 'Victoria', 'Lopez', '1941-11-3', 'A496182822', '6359263370', 'Canadian', 'victorialopez04@gmail.com', 'Carpenter', '5101 Magnolia Boulevard'),
('7209086001', 'Mia', 'Martin', '2019-1-2', 'B793852616', '4187354930', 'Canadian', 'miamartin41@gmail.com', 'Lawyer', '5101 Magnolia Boulevard'),
('1290762045', 'Madison', 'Walker', '1998-5-1', 'A573301427', '4061494064', 'Canadian', 'madisonwalker19@gmail.com', 'Fitness Trainer', '5101 Magnolia Boulevard'),
('0902818214', 'Ava', 'Thompson', '2002-6-20', 'A438815378', '5424921488', 'Canadian', 'avathompson68@gmail.com', 'Sales Representative', '6539 Magnolia Court'),
('6988533576', 'Daniel', 'Garcia', '1971-6-10', 'B671896695', '5120082327', 'Canadian', 'danielgarcia17@gmail.com', 'Waiter/Waitress', '3191 Elm Road'),
('9219499841', 'Isabella', 'Smith', '1999-5-8', 'W989401863', '6774197643', 'Canadian', 'isabellasmith80@gmail.com', 'Chef', '6539 Magnolia Court'),
('1020440581', 'Evelyn', 'Jones', '1998-9-7', 'M575760238', '9411971408', 'Canadian', 'evelynjones16@gmail.com', 'Engineer', '0079 Oak Avenue'),
('1361458421', 'Liam', 'Parker', '1981-9-1', 'P748106096', '8819032730', 'Canadian', 'liamparker96@gmail.com', 'Doctor', '0079 Oak Avenue'),
('3806053739', 'Oliver', 'Gonzalez', '1948-2-11', 'Z950263559', '5073418214', 'Canadian', 'olivergonzalez23@gmail.com', 'Marketing Manager', '3191 Elm Road'),
('3262292577', 'Carter', 'Garcia', '1944-10-2', 'W077488997', '7397251353', 'Canadian', 'cartergarcia89@gmail.com', 'Accountant', '3191 Elm Road'),
('9319367411', 'Liam', 'Thompson', '1974-4-1', 'L746242766', '7322057916', 'Canadian', 'liamthompson70@gmail.com', 'Social Worker', '0079 Oak Avenue'),
('2599674884', 'Aiden', 'Thompson', '1944-11-9', 'Q816238594', '5408120086', 'Canadian', 'aidenthompson96@gmail.com', 'Writer', '3191 Elm Road'),
('6083136192', 'Amelia', 'Nelson', '1951-8-14', 'L895624698', '3001683362', 'Canadian', 'amelianelson83@gmail.com', 'Psychologist', '5101 Magnolia Boulevard'),
('3878438425', 'Matthew', 'Parker', '1964-8-4', 'M480587673', '2054718441', 'Canadian', 'matthewparker84@gmail.com', 'Dentist', '3191 Elm Road'),
('2207562022', 'Lily', 'Walker', '1995-9-25', 'D440206092', '4215725506', 'Canadian', 'lilywalker22@gmail.com', 'Interior Designer', '6539 Magnolia Court');

INSERT INTO Person VALUES
('0867264305', 'Oliver', 'Scott', '1979-6-20', 'S134069217', '9593749442', 'Canadian', 'oliverscott80@gmail.com', 'Nurse', '6299 Maple Street'),
('5028370842', 'Noah', 'Campbell', '1974-8-24', 'R841087059', '4334761814', 'Canadian', 'noahcampbell29@gmail.com', 'Bartender', '6299 Maple Street'),
('4802803048', 'Grace', 'Clark', '1957-11-23', 'Y343845711', '5411523214', 'Canadian', 'graceclark83@gmail.com', 'Interior Designer', '6100 Magnolia Road'),
('4552191824', 'Jackson', 'Taylor', '1957-7-18', 'P194435226', '7132949004', 'Canadian', 'jacksontaylor92@gmail.com', 'Accountant', '2588 Oak Lane'),
('9706796381', 'Mila', 'Lee', '2006-4-16', 'B632452640', '5484918372', 'Canadian', 'milalee89@gmail.com', 'Artist', '3753 Maple Drive'),
('9584244630', 'Harper', 'Thompson', '2001-6-14', 'F537261819', '2014100668', 'Canadian', 'harperthompson69@gmail.com', 'Architect', '6100 Magnolia Road'),
('6195427035', 'David', 'Evans', '1961-6-13', 'Y859163862', '4583273048', 'Canadian', 'davidevans42@gmail.com', 'Lawyer', '6299 Maple Street'),
('6327767351', 'Daniel', 'Adams', '1972-1-6', 'G911814950', '8517814958', 'Canadian', 'danieladams09@gmail.com', 'Writer', '6299 Maple Street'),
('9618847102', 'Sebastian', 'Rodriguez', '1982-7-17', 'F912777186', '7314105657', 'Canadian', 'sebastianrodriguez43@gmail.com', 'Pilot', '6299 Maple Street'),
('4081639153', 'Ava', 'Harris', '2015-7-26', 'N788941373', '5031874190', 'Canadian', 'avaharris69@gmail.com', 'Pharmacist', '3753 Maple Drive'),
('2179961421', 'Madison', 'Hill', '1999-9-3', 'K448865003', '7245255288', 'Canadian', 'madisonhill89@gmail.com', 'Meteorologist', '6100 Magnolia Road'),
('6543292653', 'Sebastian', 'Smith', '1992-7-12', 'K907132463', '8878504802', 'Canadian', 'sebastiansmith72@gmail.com', 'Biologist', '3753 Maple Drive'),
('4317770994', 'Matthew', 'Hernandez', '1958-3-12', 'Q822986213', '4943619969', 'Canadian', 'matthewhernandez38@gmail.com', 'Social Worker', '2588 Oak Lane'),
('1833523357', 'Avery', 'Green', '2004-8-21', 'Z626713035', '7825927123', 'Canadian', 'averygreen63@gmail.com', 'Fashion Designer', '6100 Magnolia Road'),
('7947680244', 'Olivia', 'Robinson', '1953-9-8', 'W673329250', '4296751204', 'Canadian', 'oliviarobinson39@gmail.com', 'Teacher', '3753 Maple Drive'),
('5846940426', 'Riley', 'Evans', '1978-8-9', 'A180836159', '5211429658', 'Canadian', 'rileyevans18@gmail.com', 'Chemist', '6299 Maple Street'),
('3911093811', 'Samuel', 'Mitchell', '1986-3-2', 'G663864145', '8006562894', 'Canadian', 'samuelmitchell06@gmail.com', 'Graphic Designer', '6100 Magnolia Road'),
('2440510282', 'Daniel', 'Martin', '1950-8-11', 'K658827488', '5412137858', 'Canadian', 'danielmartin81@gmail.com', 'Electrician', '6100 Magnolia Road'),
('7493535870', 'Grace', 'Perez', '1996-5-26', 'Z727916363', '3921355931', 'Canadian', 'graceperez53@gmail.com', 'Dentist', '6100 Magnolia Road'),
('5933050591', 'Ethan', 'Campbell', '1993-7-25', 'X594886142', '5586260660', 'Canadian', 'ethancampbell68@gmail.com', 'Financial Analyst', '2588 Oak Lane'),
('7248708074', 'Oliver', 'Mitchell', '1960-2-4', 'D399002129', '6910479655', 'Canadian', 'olivermitchell71@gmail.com', 'Translator', '2588 Oak Lane'),
('2794871211', 'William', 'Nelson', '1970-9-13', 'R755706415', '9209867682', 'Canadian', 'williamnelson51@gmail.com', 'HR Manager', '6100 Magnolia Road'),
('5006035763', 'Aria', 'Thompson', '1987-4-3', 'M574827130', '4965766408', 'Canadian', 'ariathompson35@gmail.com', 'Veterinarian', '6299 Maple Street'),
('6556636427', 'Abigail', 'Campbell', '1970-2-10', 'U428694895', '4856320483', 'Canadian', 'abigailcampbell33@gmail.com', 'Fitness Trainer', '6299 Maple Street'),
('7583889651', 'Carter', 'King', '2003-5-25', 'G213075739', '2555957353', 'Canadian', 'carterking13@gmail.com', 'Plumber', '3753 Maple Drive'),
('2015805836', 'Jacob', 'Allen', '1973-6-10', 'R872685203', '6735271065', 'Canadian', 'jacoballen62@gmail.com', 'Carpenter', '6100 Magnolia Road'),
('7401711022', 'Isabella', 'White', '2006-2-2', 'A733527291', '4992632679', 'Canadian', 'isabellawhite84@gmail.com', 'Photographer', '6299 Maple Street'),
('0908665582', 'Samuel', 'Hall', '1982-3-14', 'W599466932', '6796275302', 'Canadian', 'samuelhall42@gmail.com', 'Economist', '6100 Magnolia Road'),
('1463449314', 'Sofia', 'Williams', '1947-5-18', 'B446276232', '3032283126', 'Canadian', 'sofiawilliams07@gmail.com', 'Web Designer', '2588 Oak Lane'),
('8902774946', 'Sophia', 'Davis', '2018-7-22', 'U337689885', '7936197149', 'Canadian', 'sophiadavis46@gmail.com', 'Marketing Manager', '3753 Maple Drive'),
('4613693163', 'Victoria', 'Edwards', '1965-4-20', 'D587300503', '9089207349', 'Canadian', 'victoriaedwards79@gmail.com', 'Journalist', '2588 Oak Lane'),
('5814304173', 'James', 'Miller', '1957-7-14', 'T601560819', '9431135445', 'Canadian', 'jamesmiller40@gmail.com', 'Flight Attendant', '6299 Maple Street'),
('4387293361', 'Henry', 'Garcia', '2005-10-9', 'F667704226', '7963856891', 'Canadian', 'henrygarcia08@gmail.com', 'Marine Biologist', '3753 Maple Drive'),
('4615640391', 'Ethan', 'Williams', '2006-10-22', 'X867771900', '4810305655', 'Canadian', 'ethanwilliams44@gmail.com', 'Engineer', '6299 Maple Street'),
('8885351215', 'Evelyn', 'Harris', '1979-9-9', 'Y744351287', '4593940239', 'Canadian', 'evelynharris34@gmail.com', 'Sales Representative', '2588 Oak Lane'),
('7013626792', 'Liam', 'Roberts', '1972-9-16', 'P216202724', '3923586181', 'Canadian', 'liamroberts06@gmail.com', 'Librarian', '2588 Oak Lane'),
('7906948367', 'Carter', 'Wilson', '2010-2-20', 'E835646298', '2406486082', 'Canadian', 'carterwilson57@gmail.com', 'Geologist', '2588 Oak Lane'),
('7574391257', 'Ava', 'Wilson', '1944-11-2', 'K046145247', '5880733636', 'Canadian', 'avawilson40@gmail.com', 'Police Officer', '6100 Magnolia Road'),
('1031167205', 'Michael', 'Campbell', '2017-5-27', 'P323041479', '8370154200', 'Canadian', 'michaelcampbell47@gmail.com', 'Software Developer', '2588 Oak Lane'),
('4246310505', 'Sophia', 'Lewis', '1964-4-15', 'Q401446507', '5477727579', 'Canadian', 'sophialewis93@gmail.com', 'Paramedic', '2588 Oak Lane');

INSERT INTO Person VALUES
('6711904737', 'Elizabeth', 'Evans', '1968-11-8', 'T122071978', '8624665430', 'Canadian', 'elizabethevans64@gmail.com', 'Electrician', '1063 Oak Boulevard'),
('0627431989', 'Mia', 'Brown', '1991-3-11', 'F660696725', '7279702770', 'Canadian', 'miabrown11@gmail.com', 'Teacher', '8634 Oak Way'),
('0699751523', 'Lucas', 'Davis', '1948-5-7', 'J506783504', '8264849318', 'Canadian', 'lucasdavis78@gmail.com', 'Artist', '8634 Oak Way'),
('0212428326', 'Aiden', 'Garcia', '1974-11-22', 'U266930908', '5310490737', 'Canadian', 'aidengarcia48@gmail.com', 'Nurse', '1063 Oak Boulevard'),
('5457033719', 'Matthew', 'Taylor', '2016-11-5', 'M682179586', '9217789159', 'Canadian', 'matthewtaylor59@gmail.com', 'Pilot', '1063 Oak Boulevard'),
('2894810892', 'Noah', 'Williams', '1969-10-10', 'R488997140', '3381478141', 'Canadian', 'noahwilliams51@gmail.com', 'Chemist', '1063 Oak Boulevard'),
('7303126733', 'Henry', 'Hernandez', '1996-1-10', 'V375217553', '8230755371', 'Canadian', 'henryhernandez85@gmail.com', 'Graphic Designer', '9310 Willow Avenue'),
('0622570068', 'Joseph', 'Taylor', '2016-11-3', 'Z402674336', '5204273564', 'Canadian', 'josephtaylor58@gmail.com', 'Financial Analyst', '1877 Hickory Avenue'),
('9756288131', 'Ethan', 'Thompson', '1978-7-1', 'J353858438', '9804846016', 'Canadian', 'ethanthompson16@gmail.com', 'Geologist', '1063 Oak Boulevard'),
('3855750042', 'Madison', 'Wilson', '1991-8-20', 'L307805565', '2643402924', 'Canadian', 'madisonwilson32@gmail.com', 'Engineer', '8634 Oak Way'),
('8515256187', 'Elijah', 'Phillips', '1949-9-23', 'Y779475584', '2580111617', 'Canadian', 'elijahphillips94@gmail.com', 'Carpenter', '1063 Oak Boulevard'),
('5433787172', 'Aria', 'Hernandez', '2008-9-9', 'L125437654', '6506552310', 'Canadian', 'ariahernandez55@gmail.com', 'Librarian', '1063 Oak Boulevard'),
('4251185518', 'James', 'Lee', '1945-1-26', 'Q921410019', '5324308013', 'Canadian', 'jameslee15@gmail.com', 'Writer', '8634 Oak Way'),
('0444660752', 'Oliver', 'Martin', '1990-8-26', 'I038697855', '9597049734', 'Canadian', 'olivermartin44@gmail.com', 'HR Manager', '9310 Willow Avenue'),
('7415509631', 'Madison', 'Rodriguez', '1968-11-17', 'L577852622', '9160042863', 'Canadian', 'madisonrodriguez98@gmail.com', 'Doctor', '1063 Oak Boulevard'),
('7087228419', 'Alexander', 'Campbell', '1969-3-8', 'H715851779', '4442074582', 'Canadian', 'alexandercampbell94@gmail.com', 'Sales Representative', '1063 Oak Boulevard'),
('0179674846', 'Abigail', 'Scott', '2014-11-3', 'A657518567', '9234803289', 'Canadian', 'abigailscott61@gmail.com', 'Flight Attendant', '1063 Oak Boulevard'),
('9118052278', 'Carter', 'Miller', '1965-6-2', 'S150496634', '8139951721', 'Canadian', 'cartermiller19@gmail.com', 'Waiter/Waitress', '1063 Oak Boulevard'),
('3030458540', 'Jacob', 'Green', '1945-3-23', 'X350382187', '6674280396', 'Canadian', 'jacobgreen63@gmail.com', 'Software Developer', '8634 Oak Way'),
('4118205854', 'Abigail', 'Roberts', '2008-10-1', 'M329384623', '3496824855', 'Canadian', 'abigailroberts01@gmail.com', 'Chef', '1877 Hickory Avenue'),
('9743367091', 'Benjamin', 'Wilson', '1978-7-5', 'V820905061', '7397021440', 'Canadian', 'benjaminwilson86@gmail.com', 'Web Designer', '9310 Willow Avenue'),
('6040718310', 'Matthew', 'Robinson', '2023-5-24', 'S963797374', '7103410371', 'Canadian', 'matthewrobinson32@gmail.com', 'Biologist', '8634 Oak Way'),
('7084642411', 'Olivia', 'Wright', '2002-8-26', 'G381668335', '9283391230', 'Canadian', 'oliviawright44@gmail.com', 'Pharmacist', '8634 Oak Way'),
('7432600748', 'Matthew', 'Perez', '1945-4-25', 'L133791789', '7477577173', 'Canadian', 'matthewperez37@gmail.com', 'Police Officer', '8634 Oak Way'),
('4101275999', 'James', 'White', '1960-10-27', 'I981470073', '2108303703', 'Canadian', 'jameswhite25@gmail.com', 'Fashion Designer', '9310 Willow Avenue'),
('6518943971', 'Evelyn', 'Martin', '1945-10-18', 'T770216612', '6505034222', 'Canadian', 'evelynmartin23@gmail.com', 'Journalist', '1877 Hickory Avenue'),
('5703209163', 'Charlotte', 'Roberts', '1963-1-13', 'K367899162', '2556712769', 'Canadian', 'charlotteroberts36@gmail.com', 'Meteorologist', '1063 Oak Boulevard'),
('3711179163', 'Mila', 'Hernandez', '2016-2-14', 'F912312283', '3141758601', 'Canadian', 'milahernandez24@gmail.com', 'Marine Biologist', '9310 Willow Avenue'),
('8275892662', 'William', 'Green', '2005-2-6', 'U736823512', '9693040158', 'Canadian', 'williamgreen59@gmail.com', 'Psychologist', '1877 Hickory Avenue'),
('3367809961', 'Joseph', 'Mitchell', '1948-1-25', 'D879666419', '9909792269', 'Canadian', 'josephmitchell75@gmail.com', 'Interior Designer', '1063 Oak Boulevard'),
('1066401328', 'Lily', 'Rodriguez', '2004-2-25', 'V150963311', '3522307480', 'Canadian', 'lilyrodriguez72@gmail.com', 'Lawyer', '1877 Hickory Avenue'),
('4106676494', 'Mason', 'Martinez', '1963-4-4', 'N383292132', '4522750021', 'Canadian', 'masonmartinez32@gmail.com', 'Translator', '8634 Oak Way'),
('6261031672', 'Chloe', 'Wilson', '1971-6-19', 'H161012764', '8622586628', 'Canadian', 'chloewilson52@gmail.com', 'Marketing Manager', '9310 Willow Avenue'),
('2732840628', 'Avery', 'Evans', '1957-9-2', 'B213155038', '3993938684', 'Canadian', 'averyevans28@gmail.com', 'Photographer', '8634 Oak Way'),
('2675191038', 'Daniel', 'Carter', '1944-2-5', 'P929987742', '4672207230', 'Canadian', 'danielcarter34@gmail.com', 'Plumber', '9310 Willow Avenue'),
('8182697585', 'Scarlett', 'Nelson', '1948-5-7', 'C349027042', '6887551656', 'Canadian', 'scarlettnelson73@gmail.com', 'Architect', '1877 Hickory Avenue'),
('0368376261', 'Lily', 'Davis', '1974-1-13', 'C448166261', '8400219241', 'Canadian', 'lilydavis62@gmail.com', 'Social Worker', '1063 Oak Boulevard'),
('2271855328', 'Lily', 'Miller', '1961-4-10', 'C314626515', '6931160109', 'Canadian', 'lilymiller97@gmail.com', 'Economist', '1063 Oak Boulevard'),
('0616443509', 'Ava', 'Lewis', '2010-7-6', 'Y323644695', '3665315269', 'Canadian', 'avalewis38@gmail.com', 'Mechanic', '1063 Oak Boulevard'),
('9807288716', 'Jacob', 'Allen', '2013-6-25', 'M776537377', '4266750373', 'Canadian', 'jacoballen60@gmail.com', 'Accountant', '9310 Willow Avenue');

INSERT INTO Person VALUES
('3123625671', 'Elijah', 'Smith', '2012-4-7', 'O212934557', '4536367211', 'Canadian', 'elijahsmith11@gmail.com', 'Marketing Manager', '0467 Birch Lane'),
('4562260312', 'Avery', 'Allen', '1988-11-23', 'U987679582', '4274903355', 'Canadian', 'averyallen06@gmail.com', 'Chemist', '2474 Birch Drive'),
('1818074478', 'Ethan', 'Gonzalez', '1989-9-20', 'S329512545', '8786351167', 'Canadian', 'ethangonzalez41@gmail.com', 'Psychologist', '2236 Magnolia Street'),
('3032724736', 'Avery', 'Rodriguez', '1966-4-7', 'K265007548', '8448066214', 'Canadian', 'averyrodriguez73@gmail.com', 'Mechanic', '8737 Pine Court'),
('0557240853', 'Daniel', 'Martinez', '2003-6-8', 'U792314441', '9223456505', 'Canadian', 'danielmartinez71@gmail.com', 'Flight Attendant', '8737 Pine Court'),
('8045863080', 'Ethan', 'Martinez', '1996-1-2', 'Q946475826', '3934532790', 'Canadian', 'ethanmartinez39@gmail.com', 'Pharmacist', '0467 Birch Lane'),
('8700344367', 'James', 'Rodriguez', '1980-6-16', 'G389761349', '9812144314', 'Canadian', 'jamesrodriguez77@gmail.com', 'Chef', '2474 Birch Drive'),
('6635292838', 'Victoria', 'King', '1994-8-27', 'T956538775', '7790281441', 'Canadian', 'victoriaking97@gmail.com', 'Fitness Trainer', '8737 Pine Court'),
('9848676348', 'Oliver', 'Green', '2023-6-21', 'C503106645', '3316424182', 'Canadian', 'olivergreen17@gmail.com', 'Electrician', '2236 Magnolia Street'),
('9572368483', 'Joseph', 'Thomas', '2005-7-22', 'Z562164338', '8013522774', 'Canadian', 'josephthomas04@gmail.com', 'Plumber', '8737 Pine Court'),
('5222941488', 'Michael', 'Carter', '1995-2-18', 'M551908716', '9951136150', 'Canadian', 'michaelcarter44@gmail.com', 'Artist', '2474 Birch Drive'),
('3810035076', 'Chloe', 'Robinson', '1985-4-24', 'W101635809', '8945939247', 'Canadian', 'chloerobinson53@gmail.com', 'Bartender', '0467 Birch Lane'),
('9940982218', 'Daniel', 'Roberts', '2011-10-11', 'E420140152', '9362316808', 'Canadian', 'danielroberts95@gmail.com', 'Lawyer', '2236 Magnolia Street'),
('2273749965', 'Joseph', 'Robinson', '1950-5-6', 'L078434337', '9784634299', 'Canadian', 'josephrobinson87@gmail.com', 'Police Officer', '8737 Pine Court'),
('8957704015', 'Ethan', 'Smith', '1968-2-22', 'O520239849', '5875304140', 'Canadian', 'ethansmith11@gmail.com', 'Waiter/Waitress', '2474 Birch Drive'),
('5777815873', 'Charlotte', 'Wright', '2012-2-8', 'Z729141748', '4322948248', 'Canadian', 'charlottewright43@gmail.com', 'Paramedic', '2236 Magnolia Street'),
('8723508925', 'Jackson', 'Miller', '2001-7-24', 'L859007206', '7043556634', 'Canadian', 'jacksonmiller77@gmail.com', 'Fashion Designer', '0467 Birch Lane'),
('4423410439', 'Ava', 'Thomas', '2019-2-3', 'V732378096', '7332141552', 'Canadian', 'avathomas08@gmail.com', 'Veterinarian', '0467 Birch Lane'),
('8813913765', 'Amelia', 'Walker', '1954-8-7', 'S658148716', '8975916076', 'Canadian', 'ameliawalker04@gmail.com', 'Doctor', '2236 Magnolia Street'),
('3603180777', 'Noah', 'Johnson', '1977-7-2', 'B379049237', '6611208476', 'Canadian', 'noahjohnson18@gmail.com', 'Accountant', '0467 Birch Lane'),
('8930146311', 'Mila', 'Thompson', '1993-2-13', 'F357302118', '9320962832', 'Canadian', 'milathompson72@gmail.com', 'Economist', '2474 Birch Drive'),
('4263559488', 'Elizabeth', 'Miller', '1948-2-9', 'E810148975', '8708106930', 'Canadian', 'elizabethmiller52@gmail.com', 'Architect', '2474 Birch Drive'),
('9213514238', 'Ethan', 'Nelson', '2011-3-15', 'U405927664', '2050357521', 'Canadian', 'ethannelson99@gmail.com', 'Photographer', '0467 Birch Lane'),
('6425897100', 'Mason', 'Scott', '1961-3-20', 'A240001307', '7793212215', 'Canadian', 'masonscott74@gmail.com', 'Translator', '8737 Pine Court'),
('9740009927', 'Olivia', 'Moore', '1994-11-25', 'I942870293', '6770037515', 'Canadian', 'oliviamoore20@gmail.com', 'HR Manager', '0467 Birch Lane'),
('7369521841', 'Joseph', 'Young', '1998-6-10', 'G104417466', '2012404978', 'Canadian', 'josephyoung23@gmail.com', 'Meteorologist', '0467 Birch Lane'),
('1659520391', 'Charlotte', 'Wilson', '2001-10-25', 'X866740053', '7838733483', 'Canadian', 'charlottewilson17@gmail.com', 'Geologist', '2474 Birch Drive'),
('8691496693', 'Aria', 'Lee', '2018-6-18', 'V143880637', '6741209972', 'Canadian', 'arialee96@gmail.com', 'Construction Worker', '8737 Pine Court'),
('3462311464', 'Elijah', 'Anderson', '1947-1-7', 'R878416341', '6903278992', 'Canadian', 'elijahanderson66@gmail.com', 'Financial Analyst', '2236 Magnolia Street'),
('0581249480', 'Joseph', 'King', '2000-6-23', 'R958170805', '5679950014', 'Canadian', 'josephking21@gmail.com', 'Interior Designer', '8737 Pine Court'),
('3582407076', 'Samuel', 'Thomas', '1999-4-1', 'D294599348', '4533441113', 'Canadian', 'samuelthomas89@gmail.com', 'Journalist', '0467 Birch Lane'),
('2836804953', 'Sofia', 'King', '1981-9-4', 'F569459479', '8650573666', 'Canadian', 'sofiaking37@gmail.com', 'Teacher', '2474 Birch Drive'),
('9068336568', 'James', 'Perez', '1962-8-24', 'V014759035', '3176457198', 'Canadian', 'jamesperez07@gmail.com', 'Social Worker', '8737 Pine Court'),
('5004939439', 'Grace', 'Johnson', '2017-7-25', 'B002845970', '7762842587', 'Canadian', 'gracejohnson69@gmail.com', 'Writer', '2474 Birch Drive'),
('2630368589', 'Harper', 'Allen', '2021-1-23', 'O193668314', '2589060336', 'Canadian', 'harperallen73@gmail.com', 'Librarian', '0467 Birch Lane'),
('2831465580', 'Avery', 'Phillips', '2018-9-24', 'T533908128', '5530692114', 'Canadian', 'averyphillips17@gmail.com', 'Real Estate Agent', '2474 Birch Drive'),
('3792786306', 'Grace', 'Anderson', '2014-7-5', 'X201052792', '5228713509', 'Canadian', 'graceanderson92@gmail.com', 'Nurse', '2474 Birch Drive'),
('1049269295', 'Mia', 'Wright', '2022-3-25', 'K349367177', '2878462467', 'Canadian', 'miawright96@gmail.com', 'Actor', '0467 Birch Lane'),
('0546631072', 'Joseph', 'Carter', '2009-7-26', 'H911334188', '5983239758', 'Canadian', 'josephcarter58@gmail.com', 'Pilot', '0467 Birch Lane'),
('4002246137', 'Jacob', 'Thomas', '1994-4-18', 'C173440878', '4282254830', 'Canadian', 'jacobthomas65@gmail.com', 'Software Developer', '2474 Birch Drive');

INSERT INTO Person VALUES
('3414301846', 'Chloe', 'Jackson', '1968-9-4', 'J897412089', '6216884774', 'Canadian', 'chloejackson34@gmail.com', 'Actor', '2642 Hickory Road'),
('6873563542', 'Jackson', 'Martin', '1995-10-17', 'E071273507', '3184365167', 'Canadian', 'jacksonmartin53@gmail.com', 'Journalist', '2642 Hickory Road'),
('6565759854', 'Daniel', 'Hall', '1971-11-11', 'L293119717', '4837667093', 'Canadian', 'danielhall88@gmail.com', 'Mechanic', '8254 Spruce Street'),
('2687212510', 'Lucas', 'Perez', '1998-3-22', 'T611391300', '7549756661', 'Canadian', 'lucasperez98@gmail.com', 'Teacher', '8254 Spruce Street'),
('0749332671', 'Michael', 'Campbell', '1975-3-23', 'K976759346', '9613312013', 'Canadian', 'michaelcampbell05@gmail.com', 'Carpenter', '0605 Maple Court'),
('8462338007', 'Madison', 'Lee', '1959-2-9', 'Z410939858', '9634458866', 'Canadian', 'madisonlee50@gmail.com', 'Sales Representative', '8254 Spruce Street'),
('4556080309', 'Olivia', 'Wright', '1962-10-3', 'N890329946', '2147775306', 'Canadian', 'oliviawright73@gmail.com', 'Accountant', '2642 Hickory Road'),
('2806383993', 'Benjamin', 'Davis', '1994-7-12', 'I179029254', '8652504946', 'Canadian', 'benjamindavis75@gmail.com', 'Lawyer', '0605 Maple Court'),
('5826542236', 'Logan', 'Johnson', '1989-3-13', 'O912543516', '4432267721', 'Canadian', 'loganjohnson36@gmail.com', 'Bartender', '8254 Spruce Street'),
('7076575761', 'William', 'Young', '1991-3-26', 'W129745593', '8373859870', 'Canadian', 'williamyoung43@gmail.com', 'Nurse', '4637 Birch Lane'),
('6240346499', 'James', 'Phillips', '1975-1-6', 'N439763093', '9754966230', 'Canadian', 'jamesphillips97@gmail.com', 'Paramedic', '2642 Hickory Road'),
('1411512463', 'Aria', 'Martinez', '1958-3-13', 'C629403582', '4441259654', 'Canadian', 'ariamartinez45@gmail.com', 'Economist', '0605 Maple Court'),
('6874384735', 'Sofia', 'Carter', '1949-6-4', 'Y042610128', '8691884683', 'Canadian', 'sofiacarter22@gmail.com', 'Software Developer', '4637 Birch Lane'),
('0116160856', 'Emma', 'Smith', '1959-1-18', 'J846808760', '7875035003', 'Canadian', 'emmasmith84@gmail.com', 'Construction Worker', '4637 Birch Lane'),
('7943006602', 'Sophia', 'Jones', '2017-6-18', 'W815454996', '5300335066', 'Canadian', 'sophiajones72@gmail.com', 'Engineer', '8254 Spruce Street'),
('1991876623', 'Benjamin', 'Turner', '1944-1-2', 'L192691702', '6723506664', 'Canadian', 'benjaminturner86@gmail.com', 'Pilot', '8254 Spruce Street'),
('8609665953', 'Benjamin', 'Garcia', '1986-11-14', 'L217433583', '3147523731', 'Canadian', 'benjamingarcia36@gmail.com', 'Dentist', '2642 Hickory Road'),
('4913955120', 'Liam', 'Rodriguez', '1981-10-1', 'D238885609', '7000603915', 'Canadian', 'liamrodriguez08@gmail.com', 'Biologist', '0605 Maple Court'),
('3512453533', 'Grace', 'Mitchell', '1953-5-24', 'X546118134', '9766954383', 'Canadian', 'gracemitchell54@gmail.com', 'Electrician', '0605 Maple Court'),
('8875100260', 'Sebastian', 'Allen', '1974-8-18', 'R481630136', '9858432101', 'Canadian', 'sebastianallen69@gmail.com', 'Real Estate Agent', '4637 Birch Lane'),
('9482533961', 'Jackson', 'Jackson', '2020-6-15', 'O874082535', '7945563807', 'Canadian', 'jacksonjackson25@gmail.com', 'Geologist', '2642 Hickory Road'),
('4105930769', 'Lily', 'Scott', '2009-11-3', 'R638666202', '7777234785', 'Canadian', 'lilyscott54@gmail.com', 'Writer', '0605 Maple Court'),
('4545040910', 'Noah', 'Hill', '2006-5-1', 'M866209578', '2346462057', 'Canadian', 'noahhill00@gmail.com', 'Librarian', '4637 Birch Lane'),
('0611926264', 'Aiden', 'Williams', '1951-4-21', 'G223451421', '3881172574', 'Canadian', 'aidenwilliams78@gmail.com', 'Marketing Manager', '0605 Maple Court'),
('6793493442', 'Charlotte', 'Lee', '2023-9-25', 'N422712811', '5342822740', 'Canadian', 'charlottelee26@gmail.com', 'Psychologist', '2642 Hickory Road'),
('7545348833', 'Michael', 'Martinez', '2014-2-23', 'H872525903', '2244192161', 'Canadian', 'michaelmartinez92@gmail.com', 'Web Designer', '4637 Birch Lane'),
('7774856331', 'Mila', 'Roberts', '2011-10-17', 'S299752330', '9897138758', 'Canadian', 'milaroberts87@gmail.com', 'Chemist', '8254 Spruce Street'),
('0914800221', 'Ethan', 'Perez', '1950-3-4', 'F037301161', '2846556335', 'Canadian', 'ethanperez87@gmail.com', 'Artist', '8254 Spruce Street'),
('1283631970', 'Evelyn', 'Martin', '2021-2-11', 'Q169484851', '6903454360', 'Canadian', 'evelynmartin70@gmail.com', 'Plumber', '8254 Spruce Street'),
('3097115464', 'Mason', 'Carter', '2015-11-10', 'K537041948', '3843344301', 'Canadian', 'masoncarter87@gmail.com', 'Graphic Designer', '4637 Birch Lane'),
('2035991963', 'Jacob', 'Martin', '1952-8-4', 'D543373504', '6218553446', 'Canadian', 'jacobmartin15@gmail.com', 'Fashion Designer', '8254 Spruce Street'),
('8716850884', 'Sebastian', 'Walker', '1991-7-4', 'Z779146847', '4069919466', 'Canadian', 'sebastianwalker49@gmail.com', 'Pharmacist', '8254 Spruce Street'),
('8218252272', 'Grace', 'Brown', '1940-5-2', 'L975142180', '2956913105', 'Canadian', 'gracebrown39@gmail.com', 'Translator', '2642 Hickory Road'),
('7340431850', 'Benjamin', 'Green', '2013-11-15', 'A289857827', '2225477039', 'Canadian', 'benjamingreen24@gmail.com', 'Marine Biologist', '2642 Hickory Road'),
('3577657186', 'Ella', 'Carter', '1947-8-22', 'C332870180', '5689076343', 'Canadian', 'ellacarter26@gmail.com', 'Veterinarian', '0605 Maple Court'),
('9786142568', 'Logan', 'Young', '1999-3-21', 'I438258769', '2922077781', 'Canadian', 'loganyoung21@gmail.com', 'Police Officer', '0605 Maple Court'),
('8829351149', 'Lucas', 'Young', '1961-3-4', 'V191279807', '2939412757', 'Canadian', 'lucasyoung90@gmail.com', 'Waiter/Waitress', '2642 Hickory Road'),
('8729802629', 'David', 'Phillips', '1951-1-1', 'H907169750', '3779941300', 'Canadian', 'davidphillips37@gmail.com', 'Architect', '8254 Spruce Street'),
('1530284376', 'Madison', 'Taylor', '1944-6-17', 'V700194761', '4676389012', 'Canadian', 'madisontaylor26@gmail.com', 'Meteorologist', '2642 Hickory Road'),
('2059709726', 'Lucas', 'White', '2014-10-13', 'L905299478', '7971083784', 'Canadian', 'lucaswhite08@gmail.com', 'HR Manager', '4637 Birch Lane');

INSERT INTO Person VALUES
('3443655472', 'Logan', 'Nelson', '2015-8-18', 'V049898895', '9781630486', 'Canadian', 'logannelson80@gmail.com', 'Sales Representative', '9679 Birch Way'),
('7445416641', 'Aria', 'Smith', '1947-3-9', 'U734782926', '6208995081', 'Canadian', 'ariasmith51@gmail.com', 'Chemist', '9679 Birch Way'),
('4702669959', 'Isabella', 'Green', '1944-8-15', 'M612156213', '3274090009', 'Canadian', 'isabellagreen67@gmail.com', 'Bartender', '6276 Oak Court'),
('8834908307', 'Carter', 'Moore', '1981-11-10', 'R702219544', '7474521052', 'Canadian', 'cartermoore97@gmail.com', 'Mechanic', '9679 Birch Way'),
('9151989453', 'William', 'Hill', '2010-9-24', 'Q076924221', '5712336655', 'Canadian', 'williamhill35@gmail.com', 'Police Officer', '8339 Hickory Avenue'),
('2703481877', 'Carter', 'Hill', '1952-10-6', 'P454264409', '9406268679', 'Canadian', 'carterhill15@gmail.com', 'Social Worker', '8339 Hickory Avenue'),
('7586925057', 'James', 'Wright', '1994-2-9', 'L189629616', '9567778017', 'Canadian', 'jameswright41@gmail.com', 'Doctor', '8339 Hickory Avenue'),
('5376368929', 'Mila', 'Smith', '2004-7-2', 'U336822095', '5756050525', 'Canadian', 'milasmith72@gmail.com', 'Engineer', '9679 Birch Way'),
('9792383692', 'Abigail', 'Campbell', '2020-1-19', 'R779265254', '5523951464', 'Canadian', 'abigailcampbell17@gmail.com', 'Psychologist', '0529 Willow Boulevard'),
('3944036131', 'Ethan', 'Parker', '1945-11-2', 'O594100667', '7813145856', 'Canadian', 'ethanparker01@gmail.com', 'Fashion Designer', '0529 Willow Boulevard'),
('8666716945', 'Joseph', 'Moore', '1988-4-21', 'I271441468', '8408836574', 'Canadian', 'josephmoore50@gmail.com', 'Teacher', '6276 Oak Court'),
('1560934153', 'Grace', 'Davis', '1947-1-17', 'E061044685', '2310346589', 'Canadian', 'gracedavis62@gmail.com', 'Architect', '8339 Hickory Avenue'),
('9498801969', 'Jacob', 'Jackson', '2012-11-11', 'C329342000', '7441279543', 'Canadian', 'jacobjackson65@gmail.com', 'Nurse', '6276 Oak Court'),
('6468605262', 'Elizabeth', 'Evans', '2003-7-4', 'X020244064', '8833569780', 'Canadian', 'elizabethevans72@gmail.com', 'Biologist', '0529 Willow Boulevard'),
('7166881557', 'Olivia', 'Green', '1960-10-26', 'S839775761', '2434390239', 'Canadian', 'oliviagreen48@gmail.com', 'Financial Analyst', '6276 Oak Court'),
('4846337024', 'Noah', 'Lee', '1960-3-8', 'M859105908', '3503116167', 'Canadian', 'noahlee01@gmail.com', 'Real Estate Agent', '0529 Willow Boulevard'),
('5308853239', 'Victoria', 'Wright', '1941-10-12', 'J036041078', '6311763040', 'Canadian', 'victoriawright23@gmail.com', 'Marine Biologist', '0529 Willow Boulevard'),
('1691323853', 'William', 'Allen', '1972-9-8', 'I858751816', '3324797535', 'Canadian', 'williamallen80@gmail.com', 'Software Developer', '8339 Hickory Avenue'),
('2849874192', 'Charlotte', 'Jones', '1943-7-18', 'Y077965218', '4355045587', 'Canadian', 'charlottejones78@gmail.com', 'HR Manager', '0529 Willow Boulevard'),
('4159773007', 'Samuel', 'Wright', '1955-7-17', 'W698255870', '9950855044', 'Canadian', 'samuelwright68@gmail.com', 'Marketing Manager', '9679 Birch Way'),
('7366322889', 'Benjamin', 'Taylor', '1967-4-17', 'Z875052474', '4894320951', 'Canadian', 'benjamintaylor46@gmail.com', 'Librarian', '6276 Oak Court'),
('2624406487', 'Riley', 'Taylor', '1970-7-2', 'V575108744', '5318835683', 'Canadian', 'rileytaylor31@gmail.com', 'Pilot', '9679 Birch Way'),
('5887110871', 'Noah', 'Campbell', '1951-9-5', 'Z893317769', '5574251982', 'Canadian', 'noahcampbell24@gmail.com', 'Dentist', '9679 Birch Way'),
('0071500456', 'Amelia', 'Campbell', '2005-8-25', 'E866488068', '2052454988', 'Canadian', 'ameliacampbell25@gmail.com', 'Flight Attendant', '6276 Oak Court'),
('1418645503', 'Sebastian', 'Anderson', '2017-3-21', 'G549686682', '9290914210', 'Canadian', 'sebastiananderson19@gmail.com', 'Pharmacist', '0529 Willow Boulevard'),
('6455661735', 'Victoria', 'Scott', '2013-1-8', 'F489664634', '8584151657', 'Canadian', 'victoriascott61@gmail.com', 'Paramedic', '0529 Willow Boulevard'),
('0709111270', 'Mila', 'Roberts', '2021-9-13', 'P503430914', '2222520841', 'Canadian', 'milaroberts61@gmail.com', 'Economist', '8339 Hickory Avenue'),
('2524450099', 'Noah', 'Thomas', '2006-4-25', 'X853955535', '6231871383', 'Canadian', 'noahthomas29@gmail.com', 'Interior Designer', '9679 Birch Way'),
('0306685822', 'Noah', 'Baker', '1944-7-17', 'A816347228', '4256364037', 'Canadian', 'noahbaker71@gmail.com', 'Writer', '9679 Birch Way'),
('2336347815', 'Elizabeth', 'Campbell', '1972-3-23', 'L277884923', '9227445302', 'Canadian', 'elizabethcampbell31@gmail.com', 'Artist', '0529 Willow Boulevard'),
('8578682711', 'Oliver', 'Edwards', '2006-7-26', 'U379885724', '2806850417', 'Canadian', 'oliveredwards32@gmail.com', 'Photographer', '8339 Hickory Avenue'),
('2876564222', 'William', 'Robinson', '1966-3-5', 'Y387043756', '5594939243', 'Canadian', 'williamrobinson56@gmail.com', 'Lawyer', '9679 Birch Way'),
('6682530574', 'Ella', 'Lee', '1991-1-24', 'N771141365', '9056395556', 'Canadian', 'ellalee94@gmail.com', 'Fitness Trainer', '8339 Hickory Avenue'),
('8027521115', 'Aria', 'Allen', '1998-10-25', 'B240812663', '5637408851', 'Canadian', 'ariaallen66@gmail.com', 'Electrician', '9679 Birch Way'),
('7119221387', 'Jacob', 'Edwards', '1995-9-23', 'A733728975', '5345339310', 'Canadian', 'jacobedwards33@gmail.com', 'Carpenter', '6276 Oak Court'),
('4637198741', 'Matthew', 'Garcia', '2018-1-12', 'H465518860', '8432523884', 'Canadian', 'matthewgarcia62@gmail.com', 'Construction Worker', '0529 Willow Boulevard'),
('1295473612', 'Noah', 'Perez', '1970-10-16', 'Z523867505', '4654700891', 'Canadian', 'noahperez75@gmail.com', 'Journalist', '0529 Willow Boulevard'),
('1915215236', 'Sebastian', 'Baker', '1967-10-22', 'E102161316', '5139678328', 'Canadian', 'sebastianbaker72@gmail.com', 'Accountant', '6276 Oak Court'),
('0517815453', 'Mason', 'Walker', '1966-2-1', 'H851476325', '5358322453', 'Canadian', 'masonwalker61@gmail.com', 'Meteorologist', '6276 Oak Court'),
('1328881607', 'Liam', 'Hernandez', '1970-3-9', 'L691599761', '9641332472', 'Canadian', 'liamhernandez11@gmail.com', 'Plumber', '8339 Hickory Avenue');

INSERT INTO Person VALUES
('0396716151', 'Carter', 'Turner', '1989-6-2', 'W209774867', '3847235374', 'Canadian', 'carterturner30@gmail.com', 'Pharmacist', '3764 Oak Way'),
('0069436237', 'Elijah', 'Mitchell', '1982-1-14', 'S160664045', '7141848063', 'Canadian', 'elijahmitchell92@gmail.com', 'Translator', '4675 Elm Terrace'),
('6168193109', 'Victoria', 'Jackson', '2019-8-13', 'E162734768', '6582188941', 'Canadian', 'victoriajackson37@gmail.com', 'Software Developer', '8974 Maple Circle'),
('0353624788', 'Riley', 'Jones', '1962-4-20', 'A774942425', '3315449930', 'Canadian', 'rileyjones66@gmail.com', 'Nurse', '4675 Elm Terrace'),
('5034347458', 'Michael', 'Martin', '1943-3-16', 'J514086079', '3407722345', 'Canadian', 'michaelmartin94@gmail.com', 'Fashion Designer', '3764 Oak Way'),
('4864289911', 'Charlotte', 'Lewis', '1996-6-4', 'C595161088', '7488692221', 'Canadian', 'charlottelewis27@gmail.com', 'Electrician', '5436 Cedar Lane'),
('3009136203', 'Avery', 'Davis', '1964-1-13', 'B484241086', '7686664134', 'Canadian', 'averydavis75@gmail.com', 'Paramedic', '5436 Cedar Lane'),
('8489530631', 'Joseph', 'Martinez', '2015-9-9', 'Q649754687', '8303522614', 'Canadian', 'josephmartinez00@gmail.com', 'Teacher', '4675 Elm Terrace'),
('2887969271', 'Jackson', 'Lee', '1950-8-11', 'P189366954', '7554109709', 'Canadian', 'jacksonlee88@gmail.com', 'Artist', '4675 Elm Terrace'),
('1541752197', 'Noah', 'Taylor', '1979-8-7', 'H088313494', '6085704956', 'Canadian', 'noahtaylor22@gmail.com', 'Architect', '5436 Cedar Lane'),
('2933914652', 'Jackson', 'Nelson', '2002-2-12', 'L263259829', '7438515052', 'Canadian', 'jacksonnelson70@gmail.com', 'Waiter/Waitress', '8974 Maple Circle'),
('7348345496', 'Noah', 'Johnson', '1963-6-6', 'N903019026', '5679891224', 'Canadian', 'noahjohnson52@gmail.com', 'Marketing Manager', '5436 Cedar Lane'),
('3151260114', 'Isabella', 'Wright', '1958-8-19', 'Q146689049', '7276315766', 'Canadian', 'isabellawright80@gmail.com', 'Lawyer', '8974 Maple Circle'),
('7441064991', 'Emma', 'Campbell', '2013-1-9', 'M497492893', '2958029071', 'Canadian', 'emmacampbell53@gmail.com', 'Bartender', '4675 Elm Terrace'),
('6008552732', 'Michael', 'Miller', '1962-10-17', 'F392949082', '7903621721', 'Canadian', 'michaelmiller69@gmail.com', 'Social Worker', '8974 Maple Circle'),
('5658395814', 'Olivia', 'Wright', '1991-4-2', 'K739608811', '9776639190', 'Canadian', 'oliviawright92@gmail.com', 'Flight Attendant', '4675 Elm Terrace'),
('2284114877', 'Ethan', 'Evans', '2012-8-22', 'D078171545', '9897412872', 'Canadian', 'ethanevans82@gmail.com', 'Interior Designer', '8974 Maple Circle'),
('0975892907', 'Ella', 'Lopez', '2021-5-8', 'Y727033626', '2953096596', 'Canadian', 'ellalopez02@gmail.com', 'Economist', '4675 Elm Terrace'),
('8589494804', 'Mason', 'Evans', '1995-4-26', 'U108162808', '7654413717', 'Canadian', 'masonevans60@gmail.com', 'Writer', '4675 Elm Terrace'),
('6275146010', 'Jacob', 'Turner', '1998-10-21', 'M086408996', '4209487745', 'Canadian', 'jacobturner79@gmail.com', 'Sales Representative', '4675 Elm Terrace'),
('4345036995', 'Mason', 'Williams', '2006-10-10', 'O073590494', '8670616475', 'Canadian', 'masonwilliams31@gmail.com', 'Marine Biologist', '4675 Elm Terrace'),
('6472151379', 'Olivia', 'Perez', '2000-3-27', 'R753547529', '5184836921', 'Canadian', 'oliviaperez51@gmail.com', 'Pilot', '8974 Maple Circle'),
('3397871879', 'Ethan', 'Gonzalez', '1941-11-13', 'F863525800', '5897157830', 'Canadian', 'ethangonzalez80@gmail.com', 'Police Officer', '5436 Cedar Lane'),
('4942806473', 'Evelyn', 'Williams', '1997-11-5', 'W271623197', '2890262374', 'Canadian', 'evelynwilliams79@gmail.com', 'Photographer', '4675 Elm Terrace'),
('4909233870', 'Liam', 'Perez', '1972-6-25', 'Q382375366', '7155918633', 'Canadian', 'liamperez55@gmail.com', 'Mechanic', '4675 Elm Terrace'),
('2888152858', 'Evelyn', 'Phillips', '1995-11-22', 'O807863476', '6040499898', 'Canadian', 'evelynphillips54@gmail.com', 'Librarian', '3764 Oak Way'),
('9180494867', 'Olivia', 'Brown', '1945-2-6', 'W493664187', '2717217470', 'Canadian', 'oliviabrown35@gmail.com', 'Journalist', '8974 Maple Circle'),
('6885799561', 'Matthew', 'Taylor', '2000-7-16', 'W610697190', '2415248296', 'Canadian', 'matthewtaylor15@gmail.com', 'Graphic Designer', '4675 Elm Terrace'),
('3433369607', 'Matthew', 'Thomas', '1962-3-1', 'Y249891124', '3665615424', 'Canadian', 'matthewthomas63@gmail.com', 'HR Manager', '3764 Oak Way'),
('5824665684', 'Henry', 'Moore', '1948-11-8', 'P898900673', '8757525478', 'Canadian', 'henrymoore37@gmail.com', 'Financial Analyst', '5436 Cedar Lane'),
('6282534723', 'Amelia', 'Turner', '1943-11-14', 'W668988241', '7993846828', 'Canadian', 'ameliaturner78@gmail.com', 'Dentist', '3764 Oak Way'),
('8509428520', 'Jacob', 'Rodriguez', '2016-1-18', 'N373692137', '8402847410', 'Canadian', 'jacobrodriguez34@gmail.com', 'Actor', '8974 Maple Circle'),
('1220971574', 'Amelia', 'King', '1989-2-1', 'J443627015', '4073418781', 'Canadian', 'ameliaking45@gmail.com', 'Meteorologist', '8974 Maple Circle'),
('1907311136', 'Madison', 'Lopez', '1959-5-14', 'H791215744', '5834859472', 'Canadian', 'madisonlopez57@gmail.com', 'Construction Worker', '8974 Maple Circle'),
('4965643129', 'Mila', 'White', '2019-7-15', 'L494301102', '3088757148', 'Canadian', 'milawhite45@gmail.com', 'Real Estate Agent', '4675 Elm Terrace'),
('4499100510', 'Liam', 'Adams', '1954-11-21', 'Z794087330', '2394737180', 'Canadian', 'liamadams88@gmail.com', 'Geologist', '5436 Cedar Lane'),
('4471888086', 'Carter', 'Taylor', '1963-10-21', 'K748373999', '8362003914', 'Canadian', 'cartertaylor06@gmail.com', 'Veterinarian', '3764 Oak Way'),
('4671565872', 'Samuel', 'Wright', '1958-2-10', 'Y764235977', '5051862275', 'Canadian', 'samuelwright84@gmail.com', 'Plumber', '4675 Elm Terrace'),
('1275156953', 'Chloe', 'Anderson', '1958-11-9', 'M576526671', '2217835375', 'Canadian', 'chloeanderson40@gmail.com', 'Web Designer', '3764 Oak Way'),
('3030511440', 'Michael', 'Clark', '1974-4-25', 'F364011345', '8531909229', 'Canadian', 'michaelclark17@gmail.com', 'Accountant', '4675 Elm Terrace');

INSERT INTO Person VALUES
('9610988652', 'Jackson', 'Wilson', '1946-8-2', 'W165442580', '9042779235', 'Canadian', 'jacksonwilson15@gmail.com', 'Interior Designer', '5688 Willow Lane'),
('1396599568', 'Grace', 'Davis', '2023-9-23', 'E691860807', '2822258779', 'Canadian', 'gracedavis30@gmail.com', 'Electrician', '7357 Magnolia Street'),
('1296058205', 'Michael', 'Nelson', '2022-2-15', 'S937074515', '8428451899', 'Canadian', 'michaelnelson19@gmail.com', 'Waiter/Waitress', '5688 Willow Lane'),
('5818984426', 'Joseph', 'Hall', '1949-10-11', 'Z258978073', '2521239204', 'Canadian', 'josephhall33@gmail.com', 'Engineer', '5623 Spruce Way'),
('6285693951', 'Mila', 'Johnson', '1993-4-18', 'O019197108', '5131925904', 'Canadian', 'milajohnson08@gmail.com', 'Pilot', '7357 Magnolia Street'),
('6276962140', 'Michael', 'Adams', '1944-4-16', 'S489849253', '4959916852', 'Canadian', 'michaeladams71@gmail.com', 'Graphic Designer', '7357 Magnolia Street'),
('9386820158', 'Ethan', 'Lopez', '2006-10-8', 'H026984209', '5666343294', 'Canadian', 'ethanlopez61@gmail.com', 'Real Estate Agent', '5688 Willow Lane'),
('2039666557', 'Avery', 'Wright', '1965-4-13', 'B088072854', '4739766236', 'Canadian', 'averywright65@gmail.com', 'Geologist', '6217 Oak Drive'),
('5936358662', 'Charlotte', 'Moore', '1950-11-8', 'B515215394', '2203319808', 'Canadian', 'charlottemoore89@gmail.com', 'Journalist', '5688 Willow Lane'),
('3263068261', 'Lily', 'Nelson', '2006-7-11', 'J755916429', '3017732266', 'Canadian', 'lilynelson78@gmail.com', 'Librarian', '5623 Spruce Way'),
('4030602162', 'Amelia', 'Green', '2014-3-25', 'B683260780', '4170714922', 'Canadian', 'ameliagreen28@gmail.com', 'Biologist', '6217 Oak Drive'),
('7571896818', 'Carter', 'Evans', '1973-2-27', 'M616732589', '4542090647', 'Canadian', 'carterevans31@gmail.com', 'Marketing Manager', '5688 Willow Lane'),
('9327294103', 'Carter', 'Baker', '1976-9-9', 'F812860646', '3435877863', 'Canadian', 'carterbaker00@gmail.com', 'Accountant', '7357 Magnolia Street'),
('9556684022', 'Victoria', 'Lee', '2007-8-7', 'E913539623', '8326754836', 'Canadian', 'victorialee23@gmail.com', 'Translator', '6217 Oak Drive'),
('8926907195', 'Madison', 'Lewis', '1959-9-24', 'O671991587', '9692937316', 'Canadian', 'madisonlewis69@gmail.com', 'Pharmacist', '7357 Magnolia Street'),
('0059332139', 'William', 'Taylor', '1972-3-10', 'D359582840', '4152921134', 'Canadian', 'williamtaylor38@gmail.com', 'Sales Representative', '5623 Spruce Way'),
('7891413753', 'James', 'Roberts', '2021-3-19', 'S577816958', '7585604950', 'Canadian', 'jamesroberts27@gmail.com', 'HR Manager', '7357 Magnolia Street'),
('2241739985', 'Liam', 'Lee', '2012-8-27', 'R288108503', '3939783238', 'Canadian', 'liamlee42@gmail.com', 'Dentist', '6217 Oak Drive'),
('1414877646', 'Noah', 'Carter', '1997-9-27', 'P551047377', '8465403009', 'Canadian', 'noahcarter94@gmail.com', 'Mechanic', '5688 Willow Lane'),
('8841864915', 'Benjamin', 'Hernandez', '2009-11-16', 'J727193828', '4390778940', 'Canadian', 'benjaminhernandez37@gmail.com', 'Plumber', '5688 Willow Lane'),
('4608435247', 'Jackson', 'Evans', '1943-2-26', 'M049217155', '9166760711', 'Canadian', 'jacksonevans00@gmail.com', 'Teacher', '5623 Spruce Way'),
('6109721081', 'Matthew', 'Hall', '1962-5-12', 'S078037542', '9697930522', 'Canadian', 'matthewhall59@gmail.com', 'Actor', '5688 Willow Lane'),
('2998019781', 'Sebastian', 'White', '1981-11-5', 'F897186047', '5420749832', 'Canadian', 'sebastianwhite91@gmail.com', 'Social Worker', '7357 Magnolia Street'),
('1490502142', 'Olivia', 'Wright', '2018-7-17', 'H462642201', '6201904034', 'Canadian', 'oliviawright27@gmail.com', 'Fashion Designer', '5688 Willow Lane'),
('9445345144', 'Mia', 'Moore', '1941-3-10', 'V621958989', '9186679588', 'Canadian', 'miamoore88@gmail.com', 'Software Developer', '5688 Willow Lane'),
('2774298036', 'Jacob', 'Hill', '1978-1-2', 'X757639176', '8753786827', 'Canadian', 'jacobhill49@gmail.com', 'Construction Worker', '5623 Spruce Way'),
('8084312767', 'Aria', 'King', '1957-11-16', 'N106444983', '9127560388', 'Canadian', 'ariaking35@gmail.com', 'Carpenter', '6217 Oak Drive'),
('2576392493', 'Benjamin', 'Edwards', '2021-6-8', 'F304771750', '8934272129', 'Canadian', 'benjaminedwards93@gmail.com', 'Flight Attendant', '5688 Willow Lane'),
('3447017165', 'Isabella', 'Baker', '2016-3-12', 'O088039363', '7840310924', 'Canadian', 'isabellabaker45@gmail.com', 'Lawyer', '7357 Magnolia Street'),
('4762030558', 'James', 'Mitchell', '2013-8-14', 'N127237763', '3345086688', 'Canadian', 'jamesmitchell17@gmail.com', 'Chemist', '6217 Oak Drive'),
('6729735302', 'Madison', 'Rodriguez', '2008-6-22', 'E710238542', '8108795106', 'Canadian', 'madisonrodriguez42@gmail.com', 'Web Designer', '7357 Magnolia Street'),
('8270977320', 'Mila', 'Jones', '1990-9-17', 'W110459938', '9128949984', 'Canadian', 'milajones65@gmail.com', 'Nurse', '7357 Magnolia Street'),
('6990146092', 'Joseph', 'Martinez', '2007-5-20', 'H303588916', '5299995002', 'Canadian', 'josephmartinez49@gmail.com', 'Doctor', '5688 Willow Lane'),
('5421216407', 'Ella', 'Wright', '1966-10-10', 'F151733529', '7428412178', 'Canadian', 'ellawright81@gmail.com', 'Veterinarian', '5688 Willow Lane'),
('9117805633', 'Daniel', 'Miller', '1945-4-3', 'N456354957', '3041733709', 'Canadian', 'danielmiller31@gmail.com', 'Meteorologist', '7357 Magnolia Street'),
('2351332712', 'Mila', 'Clark', '1979-4-19', 'A520714629', '2733423111', 'Canadian', 'milaclark03@gmail.com', 'Writer', '7357 Magnolia Street'),
('2108745769', 'Joseph', 'Thompson', '2008-7-13', 'L769613506', '4919631614', 'Canadian', 'josephthompson04@gmail.com', 'Paramedic', '5688 Willow Lane'),
('9221031843', 'Ava', 'White', '2002-11-16', 'R774486340', '6934073207', 'Canadian', 'avawhite44@gmail.com', 'Artist', '6217 Oak Drive'),
('7929152400', 'David', 'Lewis', '1996-5-15', 'O914528849', '8830292492', 'Canadian', 'davidlewis92@gmail.com', 'Architect', '6217 Oak Drive'),
('0355193211', 'Amelia', 'Scott', '2009-3-16', 'U682315451', '8852317619', 'Canadian', 'ameliascott70@gmail.com', 'Fitness Trainer', '5623 Spruce Way');

INSERT INTO Person VALUES
('4970192452', 'Chloe', 'Anderson', '1952-2-8', 'W743165577', '2601290273', 'Canadian', 'chloeanderson67@gmail.com', 'Geologist', '8418 Magnolia Drive'),
('3942725413', 'Emma', 'Evans', '1984-2-16', 'N102934958', '2662603176', 'Canadian', 'emmaevans31@gmail.com', 'Carpenter', '5060 Magnolia Avenue'),
('1861491220', 'Grace', 'Martin', '1977-4-12', 'U123361134', '2001988754', 'Canadian', 'gracemartin06@gmail.com', 'Photographer', '5865 Willow Circle'),
('5789776053', 'Sebastian', 'Martinez', '1948-10-24', 'R024880221', '5640364050', 'Canadian', 'sebastianmartinez20@gmail.com', 'Real Estate Agent', '5865 Willow Circle'),
('3181848574', 'Carter', 'Allen', '1953-11-7', 'K780304400', '6037589254', 'Canadian', 'carterallen52@gmail.com', 'Construction Worker', '5865 Willow Circle'),
('5628427847', 'Sofia', 'Hall', '2016-10-25', 'I774174485', '4888539892', 'Canadian', 'sofiahall01@gmail.com', 'Marine Biologist', '5060 Magnolia Avenue'),
('9689364517', 'Victoria', 'Young', '1946-6-6', 'D355973623', '6531403335', 'Canadian', 'victoriayoung05@gmail.com', 'Veterinarian', '8418 Magnolia Drive'),
('6049447932', 'Sebastian', 'Hill', '2007-5-14', 'O693684086', '7802952929', 'Canadian', 'sebastianhill05@gmail.com', 'Pharmacist', '5060 Magnolia Avenue'),
('1052262892', 'Aiden', 'Turner', '1988-11-3', 'X134839959', '9055086302', 'Canadian', 'aidenturner18@gmail.com', 'Doctor', '5060 Magnolia Avenue'),
('0203896412', 'Jackson', 'Lewis', '1980-7-17', 'A095194109', '7389404306', 'Canadian', 'jacksonlewis58@gmail.com', 'Teacher', '4997 Elm Road'),
('3375169919', 'David', 'Green', '1989-8-9', 'H653695671', '5076223251', 'Canadian', 'davidgreen64@gmail.com', 'Mechanic', '8418 Magnolia Drive'),
('0436865294', 'Riley', 'White', '1990-4-9', 'B328087597', '3344498136', 'Canadian', 'rileywhite65@gmail.com', 'Nurse', '5060 Magnolia Avenue'),
('8963844529', 'Avery', 'Smith', '1985-6-14', 'O162971408', '2960202340', 'Canadian', 'averysmith51@gmail.com', 'Meteorologist', '8418 Magnolia Drive'),
('1903315573', 'Matthew', 'Walker', '1943-10-11', 'N953138036', '4099077157', 'Canadian', 'matthewwalker38@gmail.com', 'Accountant', '8418 Magnolia Drive'),
('0670597038', 'Alexander', 'Robinson', '1989-11-19', 'T147848703', '4091910146', 'Canadian', 'alexanderrobinson22@gmail.com', 'Chemist', '4997 Elm Road'),
('4485320315', 'Michael', 'Adams', '2023-8-1', 'N095657122', '2266915897', 'Canadian', 'michaeladams48@gmail.com', 'Fitness Trainer', '8418 Magnolia Drive'),
('4168364844', 'Logan', 'Rodriguez', '2001-5-6', 'H712245816', '9956928249', 'Canadian', 'loganrodriguez84@gmail.com', 'Marketing Manager', '5060 Magnolia Avenue'),
('4254068235', 'James', 'Phillips', '2011-10-26', 'N208953839', '6335387887', 'Canadian', 'jamesphillips86@gmail.com', 'Flight Attendant', '8418 Magnolia Drive'),
('5122092407', 'Charlotte', 'Turner', '1999-11-6', 'D739890678', '6073498339', 'Canadian', 'charlotteturner42@gmail.com', 'Architect', '5060 Magnolia Avenue'),
('7792084961', 'Ella', 'Thomas', '2020-9-8', 'E598575766', '7862007526', 'Canadian', 'ellathomas88@gmail.com', 'Economist', '5060 Magnolia Avenue'),
('9332407457', 'Evelyn', 'Lopez', '1946-7-14', 'F396010041', '7493262574', 'Canadian', 'evelynlopez03@gmail.com', 'Engineer', '8418 Magnolia Drive'),
('5529284913', 'Ethan', 'White', '2005-11-17', 'A292771532', '5550714143', 'Canadian', 'ethanwhite91@gmail.com', 'HR Manager', '4997 Elm Road'),
('8429215079', 'Jackson', 'Williams', '1986-3-15', 'U364482935', '2633363086', 'Canadian', 'jacksonwilliams46@gmail.com', 'Web Designer', '5865 Willow Circle'),
('8703804363', 'Lucas', 'Williams', '1998-2-2', 'R198945894', '2892408331', 'Canadian', 'lucaswilliams61@gmail.com', 'Electrician', '4997 Elm Road'),
('8223729295', 'Elijah', 'Parker', '2002-9-5', 'H142421899', '8033052327', 'Canadian', 'elijahparker99@gmail.com', 'Lawyer', '4997 Elm Road'),
('6088794400', 'Mia', 'Baker', '1993-4-2', 'N754054193', '6934641033', 'Canadian', 'miabaker25@gmail.com', 'Software Developer', '5865 Willow Circle'),
('2562278691', 'Scarlett', 'Anderson', '1985-2-10', 'B997087096', '4228498164', 'Canadian', 'scarlettanderson24@gmail.com', 'Psychologist', '8418 Magnolia Drive'),
('7013686973', 'Evelyn', 'Johnson', '2015-5-7', 'Y434362498', '2326792481', 'Canadian', 'evelynjohnson14@gmail.com', 'Pilot', '5865 Willow Circle'),
('0206329912', 'Evelyn', 'Baker', '1944-6-1', 'F017216610', '6838420840', 'Canadian', 'evelynbaker48@gmail.com', 'Translator', '4997 Elm Road'),
('8160029890', 'Mason', 'Green', '1943-7-24', 'T712624751', '6286571004', 'Canadian', 'masongreen89@gmail.com', 'Plumber', '5060 Magnolia Avenue'),
('2775022084', 'Elizabeth', 'Anderson', '1987-7-23', 'T874933633', '9823868200', 'Canadian', 'elizabethanderson60@gmail.com', 'Fashion Designer', '4997 Elm Road'),
('6821530676', 'Joseph', 'Hernandez', '1957-2-4', 'M838923613', '5845745815', 'Canadian', 'josephhernandez95@gmail.com', 'Actor', '5060 Magnolia Avenue'),
('2423772315', 'Madison', 'Anderson', '2020-8-6', 'Y998535548', '5668171198', 'Canadian', 'madisonanderson81@gmail.com', 'Biologist', '8418 Magnolia Drive'),
('8532555862', 'William', 'Garcia', '1979-3-21', 'Z638653626', '6799533557', 'Canadian', 'williamgarcia67@gmail.com', 'Graphic Designer', '4997 Elm Road'),
('9577592165', 'Abigail', 'Mitchell', '1958-9-3', 'Q059883915', '4248834527', 'Canadian', 'abigailmitchell03@gmail.com', 'Artist', '5865 Willow Circle'),
('4239314289', 'Alexander', 'Roberts', '1985-1-20', 'P058674556', '9927872331', 'Canadian', 'alexanderroberts66@gmail.com', 'Bartender', '5060 Magnolia Avenue'),
('0490826362', 'Lucas', 'Lewis', '1976-5-14', 'T246840967', '6448928844', 'Canadian', 'lucaslewis06@gmail.com', 'Police Officer', '5060 Magnolia Avenue'),
('4062969283', 'Noah', 'Thomas', '1972-8-27', 'I272066551', '7834563507', 'Canadian', 'noahthomas73@gmail.com', 'Dentist', '4997 Elm Road'),
('6019308294', 'Charlotte', 'Allen', '1959-11-27', 'X356099187', '9476466471', 'Canadian', 'charlotteallen96@gmail.com', 'Financial Analyst', '5865 Willow Circle'),
('5568836268', 'Ella', 'Young', '1977-5-4', 'O867857943', '2078392298', 'Canadian', 'ellayoung58@gmail.com', 'Paramedic', '5865 Willow Circle');

INSERT INTO Person VALUES
('2737502833', 'Elijah', 'Phillips', '2017-10-26', 'W684059098', '5452870838', 'Canadian', 'elijahphillips54@gmail.com', 'Chef', '1952 Oak Road'),
('6169698931', 'Carter', 'Davis', '2015-9-6', 'G111757553', '2365143463', 'Canadian', 'carterdavis62@gmail.com', 'Pilot', '1952 Oak Road'),
('8692089475', 'Madison', 'Adams', '1958-1-22', 'Z354222338', '2043683970', 'Canadian', 'madisonadams61@gmail.com', 'Fashion Designer', '8384 Maple Circle'),
('8560774766', 'Sofia', 'Lopez', '1973-6-22', 'C606479674', '7298217846', 'Canadian', 'sofialopez60@gmail.com', 'Librarian', '1952 Oak Road'),
('4064641798', 'Aiden', 'Williams', '2008-11-19', 'R159611646', '9156491138', 'Canadian', 'aidenwilliams03@gmail.com', 'Electrician', '5336 Magnolia Terrace'),
('1892236402', 'Ella', 'Green', '1940-8-23', 'Y737537527', '9686654660', 'Canadian', 'ellagreen81@gmail.com', 'Translator', '2274 Magnolia Lane'),
('0482891004', 'Sophia', 'Davis', '1961-5-10', 'Y332046926', '4374653673', 'Canadian', 'sophiadavis50@gmail.com', 'Marine Biologist', '1952 Oak Road'),
('6731606633', 'Scarlett', 'Hernandez', '2015-10-5', 'W787317242', '9685986335', 'Canadian', 'scarletthernandez79@gmail.com', 'Psychologist', '8384 Maple Circle'),
('7139672105', 'Mason', 'Rodriguez', '2013-6-5', 'X993263371', '5065039002', 'Canadian', 'masonrodriguez49@gmail.com', 'Mechanic', '2274 Magnolia Lane'),
('5048397062', 'Jacob', 'Rodriguez', '2005-4-19', 'K941395628', '4325394903', 'Canadian', 'jacobrodriguez89@gmail.com', 'Fitness Trainer', '5336 Magnolia Terrace'),
('5467675260', 'Evelyn', 'Baker', '1972-6-15', 'A304683984', '5496992970', 'Canadian', 'evelynbaker85@gmail.com', 'Financial Analyst', '5336 Magnolia Terrace'),
('5365201170', 'Amelia', 'Lewis', '1946-9-14', 'B933023457', '7169172268', 'Canadian', 'amelialewis28@gmail.com', 'Meteorologist', '1952 Oak Road'),
('5082195556', 'Scarlett', 'Mitchell', '1997-10-22', 'Y179871454', '5035641777', 'Canadian', 'scarlettmitchell83@gmail.com', 'Waiter/Waitress', '2274 Magnolia Lane'),
('3435567923', 'Elijah', 'White', '1997-6-24', 'U050077916', '9836321980', 'Canadian', 'elijahwhite40@gmail.com', 'HR Manager', '1952 Oak Road'),
('1630159435', 'Chloe', 'Thomas', '1998-5-5', 'X314048056', '4530257146', 'Canadian', 'chloethomas18@gmail.com', 'Engineer', '5336 Magnolia Terrace'),
('1155595158', 'Abigail', 'Hill', '1974-4-15', 'W855453245', '6431409205', 'Canadian', 'abigailhill25@gmail.com', 'Real Estate Agent', '8384 Maple Circle'),
('6899751134', 'Charlotte', 'Perez', '2010-10-13', 'T439465944', '4162444550', 'Canadian', 'charlotteperez05@gmail.com', 'Artist', '2274 Magnolia Lane'),
('4766127987', 'Emily', 'Robinson', '1977-11-2', 'M215316439', '8155486295', 'Canadian', 'emilyrobinson26@gmail.com', 'Social Worker', '2274 Magnolia Lane'),
('8482157244', 'Oliver', 'Gonzalez', '1947-1-3', 'H451591471', '9034696891', 'Canadian', 'olivergonzalez96@gmail.com', 'Pharmacist', '8384 Maple Circle'),
('9834982345', 'Riley', 'King', '1979-4-8', 'O876585934', '5596620112', 'Canadian', 'rileyking16@gmail.com', 'Software Developer', '2274 Magnolia Lane'),
('3551149589', 'Carter', 'Smith', '2022-11-19', 'X104137517', '5567148298', 'Canadian', 'cartersmith41@gmail.com', 'Construction Worker', '5336 Magnolia Terrace'),
('7228377421', 'Jackson', 'Thompson', '1943-5-6', 'E102770136', '9242251219', 'Canadian', 'jacksonthompson68@gmail.com', 'Actor', '5336 Magnolia Terrace'),
('3698141994', 'Mila', 'Phillips', '2008-5-14', 'N722767013', '5892487311', 'Canadian', 'milaphillips91@gmail.com', 'Marketing Manager', '2274 Magnolia Lane'),
('5923771594', 'Mason', 'Phillips', '1997-3-1', 'U029437475', '9085811004', 'Canadian', 'masonphillips38@gmail.com', 'Architect', '5336 Magnolia Terrace'),
('5141915642', 'James', 'Miller', '1979-5-7', 'Z820285860', '4303168335', 'Canadian', 'jamesmiller42@gmail.com', 'Journalist', '8384 Maple Circle'),
('4624594744', 'Avery', 'Moore', '1968-1-27', 'S535676125', '3356445728', 'Canadian', 'averymoore65@gmail.com', 'Lawyer', '5336 Magnolia Terrace'),
('8863766518', 'Benjamin', 'Harris', '1970-7-13', 'E814754542', '9348283624', 'Canadian', 'benjaminharris31@gmail.com', 'Police Officer', '5336 Magnolia Terrace'),
('9412052132', 'Jacob', 'Allen', '2006-10-26', 'S198076466', '9820202946', 'Canadian', 'jacoballen47@gmail.com', 'Dentist', '5336 Magnolia Terrace'),
('5874922296', 'Henry', 'Walker', '2005-5-12', 'K833642516', '2286671504', 'Canadian', 'henrywalker31@gmail.com', 'Sales Representative', '5336 Magnolia Terrace'),
('4084572520', 'Alexander', 'Wilson', '1995-9-25', 'L402032488', '7337664481', 'Canadian', 'alexanderwilson74@gmail.com', 'Veterinarian', '1952 Oak Road'),
('9597349176', 'Emily', 'Scott', '1966-11-5', 'F555673842', '6299299021', 'Canadian', 'emilyscott38@gmail.com', 'Paramedic', '1952 Oak Road'),
('8255753522', 'Lily', 'Hall', '2011-11-25', 'S873854407', '3335349175', 'Canadian', 'lilyhall05@gmail.com', 'Carpenter', '5336 Magnolia Terrace'),
('6820397240', 'Henry', 'Campbell', '1966-2-18', 'W729696993', '4944107998', 'Canadian', 'henrycampbell63@gmail.com', 'Geologist', '1952 Oak Road'),
('6778439348', 'Elizabeth', 'White', '1941-9-7', 'U291297740', '6730678922', 'Canadian', 'elizabethwhite22@gmail.com', 'Interior Designer', '2274 Magnolia Lane'),
('5708993545', 'Scarlett', 'White', '2007-8-4', 'X903420149', '3513846626', 'Canadian', 'scarlettwhite71@gmail.com', 'Biologist', '1952 Oak Road'),
('5407227446', 'Logan', 'King', '2004-4-8', 'P291038670', '4834812324', 'Canadian', 'loganking20@gmail.com', 'Flight Attendant', '5336 Magnolia Terrace'),
('9663031697', 'Daniel', 'Phillips', '1982-11-23', 'B988798551', '8357108249', 'Canadian', 'danielphillips80@gmail.com', 'Accountant', '2274 Magnolia Lane'),
('1871041128', 'Ethan', 'Garcia', '2019-3-25', 'M432220930', '2925318337', 'Canadian', 'ethangarcia31@gmail.com', 'Graphic Designer', '5336 Magnolia Terrace'),
('9112778073', 'Olivia', 'Phillips', '1982-1-17', 'X043143104', '7184666943', 'Canadian', 'oliviaphillips45@gmail.com', 'Doctor', '1952 Oak Road'),
('0877611772', 'Joseph', 'Gonzalez', '1953-9-22', 'E323587131', '6278715583', 'Canadian', 'josephgonzalez16@gmail.com', 'Economist', '1952 Oak Road');

INSERT INTO Person VALUES
('2304910785', 'Jacob', 'Turner', '1961-2-20', 'Z762545688', '7068071595', 'Canadian', 'jacobturner67@gmail.com', 'Librarian', '8932 Hickory Drive'),
('3224373619', 'Elizabeth', 'Scott', '1957-1-15', 'N236811436', '3024626690', 'Canadian', 'elizabethscott94@gmail.com', 'Architect', '6266 Magnolia Court'),
('6906233802', 'Lily', 'Parker', '1996-5-27', 'Y446538277', '8648263091', 'Canadian', 'lilyparker49@gmail.com', 'Sales Representative', '1093 Hickory Way'),
('6850309747', 'Ava', 'Brown', '1990-10-22', 'M382862049', '2622988442', 'Canadian', 'avabrown99@gmail.com', 'Veterinarian', '6266 Magnolia Court'),
('9859628597', 'Harper', 'Taylor', '1993-2-25', 'K550446603', '9819911347', 'Canadian', 'harpertaylor01@gmail.com', 'Financial Analyst', '5479 Spruce Terrace'),
('2972528505', 'Liam', 'Martin', '1950-1-20', 'J027239540', '9570961473', 'Canadian', 'liammartin27@gmail.com', 'Electrician', '5479 Spruce Terrace'),
('8898188269', 'Benjamin', 'Carter', '1953-8-18', 'W302763677', '7868626299', 'Canadian', 'benjamincarter47@gmail.com', 'Psychologist', '6266 Magnolia Court'),
('7883523370', 'Victoria', 'Green', '1978-9-4', 'Q659300740', '2692432502', 'Canadian', 'victoriagreen72@gmail.com', 'Nurse', '5479 Spruce Terrace'),
('5606426400', 'Oliver', 'Brown', '2004-3-17', 'V254129193', '5022329680', 'Canadian', 'oliverbrown82@gmail.com', 'Actor', '6266 Magnolia Court'),
('5523944111', 'Henry', 'Smith', '1944-6-15', 'D244428405', '5568042673', 'Canadian', 'henrysmith33@gmail.com', 'Social Worker', '5479 Spruce Terrace'),
('4755618442', 'Evelyn', 'Edwards', '1973-8-1', 'J494742555', '5752072193', 'Canadian', 'evelynedwards35@gmail.com', 'Police Officer', '5479 Spruce Terrace'),
('8518440081', 'William', 'Green', '1969-10-18', 'M483613483', '5259929304', 'Canadian', 'williamgreen22@gmail.com', 'Mechanic', '1093 Hickory Way'),
('9459058168', 'Chloe', 'Green', '1942-10-9', 'N096901648', '5509030569', 'Canadian', 'chloegreen20@gmail.com', 'Bartender', '1093 Hickory Way'),
('6390795011', 'Chloe', 'Rodriguez', '1991-9-15', 'Q687207895', '7421369671', 'Canadian', 'chloerodriguez22@gmail.com', 'Dentist', '1093 Hickory Way'),
('3346081227', 'Ella', 'Phillips', '1953-5-26', 'Q509177358', '7532586770', 'Canadian', 'ellaphillips85@gmail.com', 'Lawyer', '1093 Hickory Way'),
('6471132034', 'Noah', 'Jackson', '1997-6-6', 'E341946019', '8441871462', 'Canadian', 'noahjackson95@gmail.com', 'Pilot', '1093 Hickory Way'),
('6982564762', 'Noah', 'Martin', '2017-4-23', 'B268927478', '5568534477', 'Canadian', 'noahmartin15@gmail.com', 'Waiter/Waitress', '8932 Hickory Drive'),
('0315128728', 'Ella', 'Martinez', '1955-2-14', 'J076483488', '2774525946', 'Canadian', 'ellamartinez94@gmail.com', 'Pharmacist', '6266 Magnolia Court'),
('0760884913', 'Aiden', 'Carter', '1965-11-2', 'S960178109', '5465475642', 'Canadian', 'aidencarter01@gmail.com', 'Interior Designer', '6266 Magnolia Court'),
('6633438499', 'Alexander', 'Smith', '2002-5-16', 'H690154442', '9267492297', 'Canadian', 'alexandersmith97@gmail.com', 'Real Estate Agent', '5479 Spruce Terrace'),
('2328158742', 'Elizabeth', 'Turner', '1991-8-12', 'D975569237', '7603850220', 'Canadian', 'elizabethturner95@gmail.com', 'Plumber', '5479 Spruce Terrace'),
('3954319106', 'Jackson', 'Adams', '1943-7-6', 'E332437278', '2336080902', 'Canadian', 'jacksonadams25@gmail.com', 'Journalist', '1093 Hickory Way'),
('0634416379', 'Ava', 'Green', '1961-11-16', 'C784670283', '6995699990', 'Canadian', 'avagreen30@gmail.com', 'Web Designer', '5479 Spruce Terrace'),
('2711885218', 'Abigail', 'Allen', '2017-10-2', 'N793825932', '3635101927', 'Canadian', 'abigailallen12@gmail.com', 'Construction Worker', '8932 Hickory Drive'),
('0649268741', 'Grace', 'Wright', '2016-11-13', 'D651214252', '2720547259', 'Canadian', 'gracewright78@gmail.com', 'Graphic Designer', '8932 Hickory Drive'),
('0774570488', 'Madison', 'Wright', '2006-5-11', 'B819840136', '7293939843', 'Canadian', 'madisonwright01@gmail.com', 'Software Developer', '8932 Hickory Drive'),
('2717053374', 'David', 'Hall', '2009-4-21', 'K994218321', '6575720451', 'Canadian', 'davidhall23@gmail.com', 'Geologist', '8932 Hickory Drive'),
('4579058998', 'Aiden', 'Nelson', '1940-10-26', 'T668457368', '8569999518', 'Canadian', 'aidennelson37@gmail.com', 'Engineer', '1093 Hickory Way'),
('1171437106', 'Sofia', 'Taylor', '1956-10-27', 'D415347623', '8543727557', 'Canadian', 'sofiataylor09@gmail.com', 'Fashion Designer', '5479 Spruce Terrace'),
('4502825446', 'Oliver', 'Hill', '2012-3-2', 'A297077717', '6999744455', 'Canadian', 'oliverhill15@gmail.com', 'Biologist', '1093 Hickory Way'),
('9295962588', 'Elizabeth', 'Clark', '1987-6-12', 'E597910945', '4925281545', 'Canadian', 'elizabethclark85@gmail.com', 'Photographer', '6266 Magnolia Court'),
('0128962439', 'Alexander', 'Hernandez', '1972-9-24', 'O364747986', '8609787512', 'Canadian', 'alexanderhernandez19@gmail.com', 'Fitness Trainer', '8932 Hickory Drive'),
('4265445939', 'Benjamin', 'Edwards', '2008-11-16', 'U308986802', '9556516502', 'Canadian', 'benjaminedwards54@gmail.com', 'Carpenter', '8932 Hickory Drive'),
('6771044413', 'Sebastian', 'Lewis', '2021-1-8', 'M248987807', '6681816176', 'Canadian', 'sebastianlewis83@gmail.com', 'Teacher', '5479 Spruce Terrace'),
('6185887580', 'William', 'Mitchell', '1981-8-26', 'W485311711', '3172423427', 'Canadian', 'williammitchell39@gmail.com', 'Meteorologist', '5479 Spruce Terrace'),
('4945531736', 'Harper', 'Perez', '1999-8-13', 'K761769611', '4030063980', 'Canadian', 'harperperez86@gmail.com', 'Flight Attendant', '1093 Hickory Way'),
('8574973031', 'Michael', 'Martinez', '2005-5-26', 'B126429498', '8947711533', 'Canadian', 'michaelmartinez30@gmail.com', 'Translator', '1093 Hickory Way'),
('6686908871', 'Ethan', 'Anderson', '1999-6-25', 'G999621064', '6633361764', 'Canadian', 'ethananderson55@gmail.com', 'Writer', '1093 Hickory Way'),
('1128620876', 'Emma', 'Johnson', '1991-10-21', 'K597569647', '3478793861', 'Canadian', 'emmajohnson72@gmail.com', 'Artist', '1093 Hickory Way'),
('6319225595', 'Avery', 'Williams', '1963-10-22', 'M993847913', '2562222358', 'Canadian', 'averywilliams69@gmail.com', 'Marketing Manager', '5479 Spruce Terrace');

INSERT INTO Employee VALUES
('3227091248', 'Pharmacist'),
('4885738135', 'Regular Employee'),
('7380630290', 'Administrative Personnel'),
('3874122262', 'Doctor'),
('0926016027', 'Cashier'),
('1834903106', 'Regular Employee'),
('8588284874', 'Nurse'),
('8677839699', 'Security Personnel'),
('8711076556', 'Receptionist'),
('4609293344', 'Pharmacist'),
('4652676288', 'Receptionist'),
('7688511368', 'Cashier'),
('7656964983', 'Receptionist'),
('3330310117', 'Cashier'),
('1729842175', 'Regular Employee'),
('3285557877', 'Regular Employee'),
('7115467936', 'Administrative Personnel'),
('6767986694', 'Administrative Personnel'),
('2750282849', 'Nurse'),
('5186091304', 'Pharmacist'),
('9119806257', 'Nurse'),
('1300444673', 'Pharmacist'),
('3411198947', 'Pharmacist'),
('9331197341', 'Doctor'),
('2096448779', 'Receptionist'),
('3297863459', 'Doctor'),
('6341422905', 'Security Personnel'),
('4919351651', 'Regular Employee'),
('3615234867', 'Cashier'),
('1780023289', 'Receptionist'),
('2066346940', 'Pharmacist'),
('7208214952', 'Receptionist'),
('2856034153', 'Doctor'),
('2333699560', 'Pharmacist'),
('8926786758', 'Administrative Personnel');


INSERT INTO Employee VALUES
('9501688478', 'Administrative Personnel'),
('0364082357', 'Nurse'),
('3048428723', 'Regular Employee'),
('6814350882', 'Security Personnel'),
('3731597370', 'Nurse'),
('7779733482', 'Administrative Personnel'),
('1150850213', 'Security Personnel'),
('5857080851', 'Regular Employee'),
('5849431555', 'Receptionist'),
('5857141640', 'Receptionist'),
('5087872605', 'Receptionist'),
('3143142569', 'Administrative Personnel'),
('4102531803', 'Doctor'),
('6385616610', 'Nurse'),
('9780066562', 'Cashier'),
('6130485953', 'Administrative Personnel'),
('2704647799', 'Administrative Personnel'),
('7013496960', 'Receptionist'),
('0637013001', 'Administrative Personnel'),
('0763421475', 'Pharmacist'),
('6434725606', 'Cashier'),
('4143215804', 'Nurse'),
('1622210886', 'Cashier'),
('5807609745', 'Doctor'),
('3485599850', 'Doctor'),
('7074446269', 'Administrative Personnel'),
('5122000167', 'Cashier'),
('2372239636', 'Pharmacist'),
('1902658794', 'Receptionist'),
('9797582316', 'Security Personnel'),
('5413537264', 'Nurse'),
('6583371714', 'Administrative Personnel'),
('9237019198', 'Cashier'),
('5521411177', 'Pharmacist'),
('8268805656', 'Regular Employee');

INSERT INTO Employee VALUES
('3983484091', 'Nurse'),
('3653765933', 'Security Personnel'),
('7419641767', 'Receptionist'),
('8650333745', 'Receptionist'),
('7017131490', 'Cashier'),
('8718871088', 'Regular Employee'),
('7212370986', 'Nurse'),
('0597055447', 'Regular Employee'),
('3704753278', 'Receptionist'),
('1298705573', 'Administrative Personnel'),
('1668563568', 'Cashier'),
('6133465698', 'Receptionist'),
('8641604677', 'Regular Employee'),
('4442042132', 'Regular Employee'),
('8266935889', 'Cashier'),
('8488465271', 'Administrative Personnel'),
('0086284698', 'Receptionist'),
('7144912609', 'Pharmacist'),
('1710951942', 'Nurse'),
('2721914764', 'Receptionist'),
('2265041318', 'Nurse'),
('4049327447', 'Nurse'),
('2056939704', 'Administrative Personnel'),
('1830901007', 'Doctor'),
('8037147400', 'Receptionist'),
('7951004898', 'Nurse'),
('9608393089', 'Pharmacist'),
('3912924958', 'Security Personnel'),
('1267695125', 'Administrative Personnel'),
('1972128682', 'Receptionist'),
('9796546920', 'Pharmacist'),
('1341010333', 'Cashier'),
('7898626805', 'Nurse'),
('2268358192', 'Regular Employee'),
('4431023475', 'Regular Employee');

INSERT INTO Employee VALUES
('3262292577', 'Doctor'),
('7816485856', 'Security Personnel'),
('9280596248', 'Administrative Personnel'),
('0574641663', 'Security Personnel'),
('0509148128', 'Receptionist'),
('1361458421', 'Cashier'),
('9319367411', 'Doctor'),
('1020440581', 'Receptionist'),
('4200780049', 'Administrative Personnel'),
('4990048526', 'Nurse'),
('7596263446', 'Pharmacist'),
('3806053739', 'Nurse'),
('1290762045', 'Doctor'),
('3878438425', 'Nurse'),
('3632399467', 'Regular Employee'),
('7612388820', 'Receptionist'),
('6083136192', 'Doctor'),
('7209086001', 'Pharmacist'),
('0927252201', 'Security Personnel'),
('1992274014', 'Regular Employee'),
('2104441924', 'Receptionist'),
('7101263885', 'Regular Employee'),
('9462321053', 'Receptionist'),
('0902818214', 'Administrative Personnel'),
('4825103718', 'Security Personnel'),
('8887651257', 'Security Personnel'),
('1790495275', 'Administrative Personnel'),
('0317647014', 'Security Personnel'),
('7971633832', 'Nurse'),
('3109862265', 'Receptionist'),
('2599674884', 'Regular Employee'),
('4216545336', 'Receptionist'),
('9219499841', 'Nurse'),
('6988533576', 'Cashier'),
('7594920148', 'Nurse');

INSERT INTO Employee VALUES
('6556636427', 'Administrative Personnel'),
('1833523357', 'Security Personnel'),
('9618847102', 'Security Personnel'),
('4802803048', 'Pharmacist'),
('4246310505', 'Security Personnel'),
('7583889651', 'Regular Employee'),
('1031167205', 'Security Personnel'),
('7906948367', 'Doctor'),
('7947680244', 'Regular Employee'),
('7248708074', 'Cashier'),
('6543292653', 'Receptionist'),
('4081639153', 'Pharmacist'),
('4387293361', 'Administrative Personnel'),
('3911093811', 'Administrative Personnel'),
('2179961421', 'Pharmacist'),
('4613693163', 'Receptionist'),
('0867264305', 'Nurse'),
('8902774946', 'Doctor'),
('9706796381', 'Pharmacist'),
('7013626792', 'Administrative Personnel'),
('5933050591', 'Security Personnel'),
('6327767351', 'Nurse'),
('5028370842', 'Nurse'),
('7493535870', 'Cashier'),
('1463449314', 'Pharmacist'),
('5814304173', 'Nurse'),
('0908665582', 'Receptionist'),
('4615640391', 'Doctor'),
('5006035763', 'Doctor'),
('7574391257', 'Administrative Personnel'),
('2440510282', 'Nurse'),
('9584244630', 'Administrative Personnel'),
('2794871211', 'Security Personnel'),
('2015805836', 'Cashier'),
('7401711022', 'Pharmacist');

INSERT INTO Employee VALUES
('7084642411', 'Administrative Personnel'),
('7087228419', 'Administrative Personnel'),
('2732840628', 'Cashier'),
('7415509631', 'Nurse'),
('3711179163', 'Doctor'),
('9118052278', 'Security Personnel'),
('4101275999', 'Receptionist'),
('1066401328', 'Receptionist'),
('4106676494', 'Doctor'),
('6711904737', 'Administrative Personnel'),
('0212428326', 'Nurse'),
('4118205854', 'Cashier'),
('4251185518', 'Pharmacist'),
('2675191038', 'Nurse'),
('7303126733', 'Cashier'),
('2271855328', 'Cashier'),
('6518943971', 'Doctor'),
('6261031672', 'Regular Employee'),
('3030458540', 'Regular Employee'),
('6040718310', 'Pharmacist'),
('0444660752', 'Doctor'),
('9756288131', 'Receptionist'),
('8182697585', 'Pharmacist'),
('0616443509', 'Administrative Personnel'),
('0368376261', 'Cashier'),
('0627431989', 'Doctor'),
('2894810892', 'Regular Employee'),
('5433787172', 'Receptionist'),
('9743367091', 'Nurse'),
('3367809961', 'Regular Employee'),
('0622570068', 'Cashier'),
('3855750042', 'Security Personnel'),
('7432600748', 'Pharmacist'),
('0179674846', 'Security Personnel'),
('5457033719', 'Nurse');

INSERT INTO Employee VALUES
('2831465580', 'Doctor'),
('3810035076', 'Cashier'),
('9940982218', 'Regular Employee'),
('8045863080', 'Doctor'),
('3603180777', 'Security Personnel'),
('2836804953', 'Pharmacist'),
('4562260312', 'Security Personnel'),
('5004939439', 'Receptionist'),
('6635292838', 'Security Personnel'),
('5777815873', 'Pharmacist'),
('6425897100', 'Cashier'),
('8957704015', 'Administrative Personnel'),
('1818074478', 'Cashier'),
('0546631072', 'Nurse'),
('3582407076', 'Receptionist'),
('1049269295', 'Doctor'),
('9740009927', 'Receptionist'),
('9213514238', 'Receptionist'),
('3123625671', 'Administrative Personnel'),
('9068336568', 'Administrative Personnel'),
('3462311464', 'Regular Employee'),
('3792786306', 'Receptionist'),
('4263559488', 'Nurse'),
('0557240853', 'Nurse'),
('4002246137', 'Security Personnel'),
('9572368483', 'Pharmacist'),
('3032724736', 'Regular Employee'),
('5222941488', 'Receptionist'),
('4423410439', 'Doctor'),
('9848676348', 'Administrative Personnel'),
('0581249480', 'Administrative Personnel'),
('7369521841', 'Administrative Personnel'),
('8813913765', 'Cashier'),
('8700344367', 'Doctor'),
('8723508925', 'Regular Employee');

INSERT INTO Employee VALUES
('4105930769', 'Pharmacist'),
('5826542236', 'Pharmacist'),
('2035991963', 'Pharmacist'),
('1411512463', 'Administrative Personnel'),
('3414301846', 'Security Personnel'),
('1530284376', 'Doctor'),
('6793493442', 'Security Personnel'),
('0611926264', 'Administrative Personnel'),
('4556080309', 'Pharmacist'),
('9482533961', 'Administrative Personnel'),
('3512453533', 'Administrative Personnel'),
('7340431850', 'Nurse'),
('3577657186', 'Doctor'),
('8875100260', 'Administrative Personnel'),
('4545040910', 'Administrative Personnel'),
('8729802629', 'Receptionist'),
('8829351149', 'Receptionist'),
('1283631970', 'Cashier'),
('8218252272', 'Regular Employee'),
('0116160856', 'Administrative Personnel'),
('3097115464', 'Receptionist'),
('7076575761', 'Doctor'),
('6873563542', 'Security Personnel'),
('8716850884', 'Regular Employee'),
('6240346499', 'Administrative Personnel'),
('2806383993', 'Receptionist'),
('4913955120', 'Administrative Personnel'),
('0749332671', 'Nurse'),
('0914800221', 'Pharmacist'),
('9786142568', 'Doctor'),
('6874384735', 'Receptionist'),
('8462338007', 'Doctor'),
('6565759854', 'Administrative Personnel'),
('1991876623', 'Receptionist'),
('2059709726', 'Receptionist');

INSERT INTO Employee VALUES
('1295473612', 'Nurse'),
('5376368929', 'Pharmacist'),
('2336347815', 'Pharmacist'),
('1328881607', 'Nurse'),
('4702669959', 'Nurse'),
('9151989453', 'Pharmacist'),
('7366322889', 'Regular Employee'),
('0709111270', 'Security Personnel'),
('0306685822', 'Security Personnel'),
('5308853239', 'Cashier'),
('9792383692', 'Pharmacist'),
('2624406487', 'Administrative Personnel'),
('5887110871', 'Nurse'),
('1418645503', 'Regular Employee'),
('8834908307', 'Regular Employee'),
('2703481877', 'Receptionist'),
('6455661735', 'Nurse'),
('2524450099', 'Nurse'),
('3944036131', 'Administrative Personnel'),
('0517815453', 'Nurse'),
('7166881557', 'Cashier'),
('7586925057', 'Nurse'),
('1691323853', 'Nurse'),
('4846337024', 'Security Personnel'),
('9498801969', 'Regular Employee'),
('7445416641', 'Nurse'),
('2849874192', 'Cashier'),
('1915215236', 'Nurse'),
('2876564222', 'Regular Employee'),
('4159773007', 'Nurse'),
('4637198741', 'Cashier'),
('8578682711', 'Administrative Personnel'),
('0071500456', 'Pharmacist'),
('6468605262', 'Administrative Personnel'),
('3443655472', 'Regular Employee');

INSERT INTO Employee VALUES
('7441064991', 'Cashier'),
('3433369607', 'Security Personnel'),
('5824665684', 'Administrative Personnel'),
('0396716151', 'Receptionist'),
('5034347458', 'Pharmacist'),
('2887969271', 'Security Personnel'),
('6885799561', 'Pharmacist'),
('8509428520', 'Regular Employee'),
('6282534723', 'Cashier'),
('6472151379', 'Security Personnel'),
('3151260114', 'Regular Employee'),
('4942806473', 'Nurse'),
('7348345496', 'Pharmacist'),
('4499100510', 'Cashier'),
('1275156953', 'Cashier'),
('1541752197', 'Administrative Personnel'),
('0975892907', 'Security Personnel'),
('1907311136', 'Cashier'),
('4345036995', 'Pharmacist'),
('0069436237', 'Receptionist'),
('9180494867', 'Cashier'),
('4965643129', 'Doctor'),
('4671565872', 'Receptionist'),
('4864289911', 'Cashier'),
('3030511440', 'Doctor'),
('3009136203', 'Doctor'),
('5658395814', 'Administrative Personnel'),
('3397871879', 'Nurse'),
('2284114877', 'Receptionist'),
('2933914652', 'Receptionist'),
('1220971574', 'Security Personnel'),
('6008552732', 'Security Personnel'),
('6168193109', 'Administrative Personnel'),
('2888152858', 'Regular Employee'),
('8589494804', 'Pharmacist');

INSERT INTO Employee VALUES
('6990146092', 'Receptionist'),
('4030602162', 'Security Personnel'),
('4608435247', 'Doctor'),
('9386820158', 'Cashier'),
('2108745769', 'Security Personnel'),
('5818984426', 'Doctor'),
('1396599568', 'Regular Employee'),
('1490502142', 'Doctor'),
('0059332139', 'Nurse'),
('3447017165', 'Regular Employee'),
('3263068261', 'Receptionist'),
('2351332712', 'Doctor'),
('6276962140', 'Administrative Personnel'),
('6109721081', 'Cashier'),
('2039666557', 'Doctor'),
('7891413753', 'Doctor'),
('2241739985', 'Receptionist'),
('5936358662', 'Administrative Personnel'),
('7571896818', 'Nurse'),
('5421216407', 'Regular Employee'),
('8270977320', 'Pharmacist'),
('1414877646', 'Doctor'),
('9327294103', 'Nurse'),
('0355193211', 'Administrative Personnel'),
('1296058205', 'Cashier'),
('9221031843', 'Doctor'),
('9610988652', 'Cashier'),
('6729735302', 'Doctor'),
('9556684022', 'Administrative Personnel'),
('9445345144', 'Regular Employee'),
('7929152400', 'Regular Employee'),
('2998019781', 'Cashier'),
('2774298036', 'Regular Employee'),
('2576392493', 'Receptionist'),
('8084312767', 'Regular Employee');

INSERT INTO Employee VALUES
('5529284913', 'Doctor'),
('3375169919', 'Pharmacist'),
('2775022084', 'Cashier'),
('8223729295', 'Nurse'),
('0436865294', 'Pharmacist'),
('8963844529', 'Administrative Personnel'),
('3181848574', 'Pharmacist'),
('2562278691', 'Cashier'),
('0203896412', 'Pharmacist'),
('0670597038', 'Cashier'),
('8429215079', 'Regular Employee'),
('6088794400', 'Nurse'),
('8160029890', 'Security Personnel'),
('7792084961', 'Pharmacist'),
('2423772315', 'Regular Employee'),
('5568836268', 'Security Personnel'),
('3942725413', 'Nurse'),
('6019308294', 'Security Personnel'),
('9332407457', 'Nurse'),
('5789776053', 'Security Personnel'),
('1052262892', 'Pharmacist'),
('8532555862', 'Receptionist'),
('4970192452', 'Pharmacist'),
('5122092407', 'Doctor'),
('4254068235', 'Doctor'),
('4062969283', 'Administrative Personnel'),
('6049447932', 'Nurse'),
('4239314289', 'Receptionist'),
('0206329912', 'Cashier'),
('1903315573', 'Doctor'),
('4168364844', 'Pharmacist'),
('1861491220', 'Nurse'),
('9577592165', 'Security Personnel'),
('8703804363', 'Doctor'),
('7013686973', 'Security Personnel');

INSERT INTO Employee VALUES
('5365201170', 'Doctor'),
('3698141994', 'Nurse'),
('6820397240', 'Nurse'),
('7139672105', 'Regular Employee'),
('0482891004', 'Receptionist'),
('8863766518', 'Regular Employee'),
('6731606633', 'Cashier'),
('4766127987', 'Regular Employee'),
('6169698931', 'Receptionist'),
('8560774766', 'Security Personnel'),
('9834982345', 'Administrative Personnel'),
('8692089475', 'Pharmacist'),
('5407227446', 'Security Personnel'),
('6778439348', 'Regular Employee'),
('1871041128', 'Regular Employee'),
('4084572520', 'Doctor'),
('1892236402', 'Administrative Personnel'),
('2737502833', 'Nurse'),
('5141915642', 'Security Personnel'),
('8255753522', 'Regular Employee'),
('5923771594', 'Pharmacist'),
('3435567923', 'Nurse'),
('9597349176', 'Administrative Personnel'),
('5874922296', 'Pharmacist'),
('1155595158', 'Cashier'),
('7228377421', 'Pharmacist'),
('3551149589', 'Receptionist'),
('0877611772', 'Regular Employee'),
('6899751134', 'Receptionist'),
('5708993545', 'Pharmacist'),
('4624594744', 'Pharmacist'),
('8482157244', 'Security Personnel'),
('5467675260', 'Security Personnel'),
('5048397062', 'Doctor'),
('1630159435', 'Nurse');

INSERT INTO Employee VALUES
('8518440081', 'Regular Employee'),
('6850309747', 'Doctor'),
('0760884913', 'Pharmacist'),
('4502825446', 'Receptionist'),
('4755618442', 'Administrative Personnel'),
('9459058168', 'Receptionist'),
('2972528505', 'Doctor'),
('7883523370', 'Doctor'),
('8574973031', 'Nurse'),
('5606426400', 'Nurse'),
('6185887580', 'Security Personnel'),
('9295962588', 'Administrative Personnel'),
('1171437106', 'Administrative Personnel'),
('2717053374', 'Security Personnel'),
('8898188269', 'Cashier'),
('6390795011', 'Cashier'),
('3954319106', 'Security Personnel'),
('4579058998', 'Nurse'),
('6982564762', 'Receptionist'),
('4265445939', 'Receptionist'),
('2304910785', 'Doctor'),
('6686908871', 'Doctor'),
('0774570488', 'Nurse'),
('2711885218', 'Pharmacist'),
('0128962439', 'Pharmacist'),
('6471132034', 'Nurse'),
('4945531736', 'Pharmacist'),
('3224373619', 'Nurse'),
('0649268741', 'Regular Employee'),
('2328158742', 'Receptionist'),
('3346081227', 'Pharmacist'),
('5523944111', 'Receptionist'),
('6319225595', 'Receptionist'),
('9859628597', 'Doctor'),
('1128620876', 'Nurse');

INSERT INTO Facility VALUES
('TheraHealthcare 3236', '7169 Pine Road', 'Hamilton', 'Northwest Territories', 'S09 0T3', '3443188775', 'www.therahealthcare3236573.org', 'Special Instalment', 652, '3411198947'),
('LifeLab 2523', '4080 Cedar Circle', 'Belleville', 'Prince Edward Island', 'I52 1D8', '5013816260', 'www.lifelab2523349.org', 'Hospital', 183, '4652676288'),
('LifeBioTech 9898', '3083 Magnolia Terrace', 'Saint John', 'Saskatchewan', 'A09 7Z4', '5055125611', 'www.lifebiotech9898468.org', 'Pharmacy', 256, '3874122262'),
('CureHealthcare 8135', '7769 Spruce Drive', 'Saskatoon', 'Northwest Territories', 'B76 7F6', '6355315106', 'www.curehealthcare8135646.org', 'Hospital', 258, '2856034153'),
('PharmaPharmaCare 8194', '7310 Elm Terrace', 'Halifax', 'Northwest Territories', 'D57 7N5', '3993811956', 'www.pharmapharmacare8194222.org', 'CLSC', 375, '2096448779'),
('TheraLab 7212', '1406 Maple Road', 'Saint-Hyacinthe', 'Prince Edward Island', 'W87 2Q5', '2119436819', 'www.theralab7212774.org', 'Special Instalment', 291, '4652676288'),
('CureResearch 2502', '2979 Birch Way', 'Windsor', 'Nova Scotia', 'Z25 4L1', '6184264379', 'www.cureresearch2502365.org', 'Clinic', 386, '4652676288'),
('VitaTech 1333', '7512 Hickory Terrace', 'White Rock', 'Quebec', 'B79 1H6', '7356859789', 'www.vitatech1333294.org', 'Pharmacy', 997, '3330310117'),
('PharmaMed 3389', '5038 Pine Circle', 'Montreal', 'Saskatchewan', 'O27 7Y0', '2263317842', 'www.pharmamed3389092.org', 'Hospital', 430, '9331197341'),
('CareHealthcare 1637', '6584 Pine Terrace', 'London', 'Newfoundland and Labrador', 'V09 9E2', '6031444418', 'www.carehealthcare1637585.org', 'CLSC', 938, '4919351651'),
('HealthPharmaTech 6434', '6092 Maple Avenue', 'Toronto', 'Manitoba', 'V57 7L3', '4833739623', 'www.healthpharmatech6434454.org', 'Clinic', 147, '7656964983'),
('HealthPharmaCare 5913', '6506 Elm Lane', 'Cornwall', 'Ontario', 'G41 0T1', '2191419402', 'www.healthpharmacare5913825.org', 'Special Instalment', 766, '1729842175'),
('VitaSolutions 2177', '5366 Spruce Avenue', 'Ottawa', 'New Brunswick', 'A18 7E7', '6128110851', 'www.vitasolutions2177320.org', 'CLSC', 218, '3297863459'),
('TheraMed 4585', '4876 Hickory Drive', 'Vancouver', 'Northwest Territories', 'J93 0P0', '9462313064', 'www.theramed4585170.org', 'Hospital', 350, '2096448779'),
('CureMed 5927', '2811 Willow Boulevard', 'Barrie', 'Nunavut', 'Q55 0Z2', '4422324508', 'www.curemed5927765.org', 'Clinic', 295, '3874122262'),
('GenLab 0201', '7020 Oak Boulevard', 'Abbotsford', 'New Brunswick', 'I18 4S7', '5628169486', 'www.genlab0201222.org', 'Special Instalment', 627, '3874122262'),
('MediPharmaCare 9006', '3781 Willow Way', 'Mirabel', 'Manitoba', 'R95 4G0', '6548314819', 'www.medipharmacare9006947.org', 'Special Instalment', 959, '2066346940'),
('CarePharm 6669', '4719 Hickory Street', 'Prince George', 'Nova Scotia', 'W70 2S9', '4072301636', 'www.carepharm6669073.org', 'Pharmacy', 744, '3285557877'),
('GenMed 2408', '9726 Willow Lane', 'Peterborough', 'New Brunswick', 'V47 7F5', '3145106336', 'www.genmed2408987.org', 'CLSC', 743, '2750282849'),
('VitaBioTech 7570', '7107 Spruce Terrace', 'Quebec City', 'Nunavut', 'R49 8T1', '9183430497', 'www.vitabiotech7570784.org', 'Hospital', 846, '7115467936'),
('BioLab 8859', '3341 Pine Avenue', 'Medicine Hat', 'Alberta', 'K46 1C2', '8728763679', 'www.biolab8859317.org', 'Special Instalment', 546, '4609293344'),
('MediHealthcare 8705', '0637 Birch Road', 'Regina', 'New Brunswick', 'M48 4K2', '2951901585', 'www.medihealthcare8705314.org', 'Special Instalment', 734, '4609293344'),
('MediLab 4789', '6596 Birch Court', 'Oshawa', 'Northwest Territories', 'N54 0X9', '6382252403', 'www.medilab4789598.org', 'Hospital', 614, '3615234867'),
('HealthBioTech 0419', '4521 Hickory Court', 'Kelowna', 'Northwest Territories', 'H08 7H3', '4044971325', 'www.healthbiotech0419618.org', 'Pharmacy', 665, '1729842175'),
('MediPharmaTech 0127', '8890 Cedar Boulevard', 'Kitchener', 'Saskatchewan', 'C19 5D4', '6765891951', 'www.medipharmatech0127721.org', 'CLSC', 62, '8588284874');


INSERT INTO Works_at VALUES
('3411198947', 'TheraHealthcare 3236', '2023-4-10', NULL),
('4652676288', 'LifeLab 2523', '2022-8-2', NULL),
('3874122262', 'LifeBioTech 9898', '2021-9-10', NULL),
('2856034153', 'CureHealthcare 8135', '2019-5-12', NULL),
('2096448779', 'PharmaPharmaCare 8194', '2015-7-5', NULL),
('4652676288', 'TheraLab 7212', '2017-1-18', NULL),
('4652676288', 'CureResearch 2502', '2023-1-17', NULL),
('3330310117', 'VitaTech 1333', '2018-5-13', NULL),
('9331197341', 'PharmaMed 3389', '2021-8-7', NULL),
('4919351651', 'CareHealthcare 1637', '2020-4-6', NULL),
('7656964983', 'HealthPharmaTech 6434', '2018-11-15', NULL),
('1729842175', 'HealthPharmaCare 5913', '2016-6-19', NULL),
('3297863459', 'VitaSolutions 2177', '2019-6-20', NULL),
('2096448779', 'TheraMed 4585', '2021-10-20', NULL),
('3874122262', 'CureMed 5927', '2016-2-18', NULL),
('3874122262', 'GenLab 0201', '2017-7-6', NULL),
('2066346940', 'MediPharmaCare 9006', '2019-7-13', NULL),
('3285557877', 'CarePharm 6669', '2015-1-13', NULL),
('2750282849', 'GenMed 2408', '2020-4-16', NULL),
('7115467936', 'VitaBioTech 7570', '2020-11-19', NULL),
('4609293344', 'BioLab 8859', '2019-9-7', NULL),
('4609293344', 'MediHealthcare 8705', '2023-11-4', NULL),
('3615234867', 'MediLab 4789', '2020-8-22', NULL),
('1729842175', 'HealthBioTech 0419', '2016-6-9', NULL),
('8588284874', 'MediPharmaTech 0127', '2021-1-24', NULL),
('9119806257', 'LifeBioTech 9898', '2023-3-11', NULL),
('1834903106', 'LifeBioTech 9898', '2020-10-3', '2023-7-27'),
('3330310117', 'HealthPharmaCare 5913', '2021-10-8', NULL),
('2066346940', 'PharmaMed 3389', '2023-6-6', '2023-10-4'),
('1834903106', 'CureResearch 2502', '2017-4-13', NULL),
('9119806257', 'VitaBioTech 7570', '2022-2-15', '2023-6-27'),
('8677839699', 'CureHealthcare 8135', '2022-4-3', '2023-11-17'),
('7208214952', 'HealthPharmaTech 6434', '2019-9-12', NULL),
('3330310117', 'CarePharm 6669', '2023-3-11', NULL),
('3285557877', 'TheraLab 7212', '2022-1-14', '2023-6-13'),
('8677839699', 'BioLab 8859', '2019-8-2', NULL),
('1780023289', 'TheraMed 4585', '2019-5-7', '2021-2-21'),
('2066346940', 'CureMed 5927', '2016-8-13', NULL),
('3227091248', 'VitaTech 1333', '2022-2-14', NULL),
('2096448779', 'HealthBioTech 0419', '2017-9-19', '2023-5-8'),
('3411198947', 'VitaBioTech 7570', '2015-10-7', NULL),
('8711076556', 'TheraMed 4585', '2022-3-20', NULL),
('3615234867', 'MediHealthcare 8705', '2020-11-20', NULL),
('1300444673', 'MediLab 4789', '2017-5-6', '2023-10-9'),
('2066346940', 'VitaTech 1333', '2017-7-8', '2018-11-14'),
('3297863459', 'TheraMed 4585', '2023-5-14', '2023-8-14'),
('7115467936', 'CureMed 5927', '2022-5-15', NULL),
('1834903106', 'HealthBioTech 0419', '2016-9-27', '2020-8-3'),
('4609293344', 'LifeLab 2523', '2023-4-9', '2023-5-18'),
('3615234867', 'HealthBioTech 0419', '2023-7-26', '2023-11-18'),
('2750282849', 'BioLab 8859', '2016-3-4', '2023-4-9'),
('6767986694', 'VitaTech 1333', '2021-9-25', '2023-9-7'),
('6341422905', 'VitaBioTech 7570', '2020-3-21', NULL),
('1780023289', 'HealthBioTech 0419', '2023-8-18', NULL),
('2333699560', 'CarePharm 6669', '2022-9-2', '2023-3-23'),
('4919351651', 'TheraHealthcare 3236', '2020-10-15', NULL),
('3227091248', 'MediHealthcare 8705', '2023-2-23', NULL),
('0926016027', 'VitaSolutions 2177', '2021-3-19', '2023-10-21'),
('3297863459', 'MediLab 4789', '2018-4-7', '2021-8-17'),
('3227091248', 'CureMed 5927', '2017-2-19', NULL),
('9331197341', 'LifeLab 2523', '2023-11-16', NULL),
('3411198947', 'VitaTech 1333', '2020-7-16', NULL),
('6341422905', 'TheraLab 7212', '2015-8-19', '2022-9-22'),
('2333699560', 'VitaTech 1333', '2015-11-3', NULL),
('3874122262', 'VitaBioTech 7570', '2023-4-21', NULL);


INSERT INTO lives_in VALUES
('6038 Oak Way', '4652676288', '1978-6-13'),
('0257 Spruce Street', '0926016027', '2008-3-19'),
('3658 Magnolia Terrace', '7688511368', '1990-1-24'),
('0153 Elm Street', '5691679080', '1989-2-2'),
('3673 Maple Street', '3936856948', '2019-9-19'),
('0257 Spruce Street', '1834903106', '2015-11-19'),
('0294 Cedar Street', '9331197341', '1977-10-4'),
('5639 Cedar Way', '4885738135', '1999-3-5'),
('5872 Spruce Boulevard', '7208214952', '2003-7-18'),
('3673 Maple Street', '2096448779', '2000-10-6'),
('5639 Cedar Way', '3330310117', '2005-4-19'),
('6709 Birch Lane', '9119806257', '1991-6-17'),
('7783 Birch Court', '3411198947', '1975-1-13'),
('1734 Oak Terrace', '8588284874', '2005-10-25'),
('3009 Willow Court', '4919351651', '2018-11-15'),
('7290 Maple Terrace', '3874122262', '1971-10-27'),
('5194 Cedar Avenue', '2750282849', '1994-8-12'),
('7741 Magnolia Avenue', '1040228505', '1977-1-27'),
('0257 Spruce Street', '3285557877', '2000-4-27'),
('7066 Hickory Avenue', '3615234867', '1971-9-9'),
('4995 Magnolia Boulevard', '6341422905', '2011-6-25'),
('7066 Hickory Avenue', '2333699560', '1991-5-16'),
('5823 Spruce Lane', '7115467936', '1975-3-1'),
('6038 Oak Way', '7656964983', '2012-6-18'),
('7066 Hickory Avenue', '4929938740', '2021-3-20'),
('3658 Magnolia Terrace', '8677839699', '2020-4-2'),
('5032 Magnolia Court', '1729842175', '1992-10-27'),
('7741 Magnolia Avenue', '8926786758', '1998-3-27'),
('8732 Spruce Terrace', '7380630290', '1993-7-25'),
('7741 Magnolia Avenue', '4609293344', '1990-9-27'),
('4896 Cedar Lane', '6767986694', '2016-7-2'),
('6709 Birch Lane', '5186091304', '2009-3-7'),
('2288 Pine Road', '1300444673', '2008-8-10'),
('7741 Magnolia Avenue', '1780023289', '2007-5-25'),
('3658 Magnolia Terrace', '3297863459', '1996-10-16'),
('5823 Spruce Lane', '2856034153', '2022-4-20'),
('6038 Oak Way', '2066346940', '2004-5-7'),
('4208 Maple Court', '3227091248', '1999-1-12'),
('9523 Pine Court', '4687416768', '2005-7-25'),
('2288 Pine Road', '1729842175', '2017-10-16'),
('3918 Elm Circle', '7208214952', '2022-8-6'),
('4896 Cedar Lane', '3874122262', '2018-7-14'),
('6038 Oak Way', '0926016027', '2019-10-13'),
('7066 Hickory Avenue', '9119806257', '2022-7-27'),
('7783 Birch Court', '2096448779', '2022-8-6'),
('4142 Maple Way', '4652676288', '2021-5-14'),
('4995 Magnolia Boulevard', '3411198947', '2017-4-1'),
('9523 Pine Court', '4609293344', '2017-4-12'),
('0700 Elm Road', '9331197341', '2017-4-14'),
('5823 Spruce Lane', '2066346940', '2019-7-2'),
('1734 Oak Terrace', '7688511368', '2018-3-19'),
('5639 Cedar Way', '7208214952', '2019-1-6'),
('6038 Oak Way', '2856034153', '2022-2-24'),
('7741 Magnolia Avenue', '8677839699', '2017-4-25'),
('4995 Magnolia Boulevard', '2096448779', '2018-6-21'),
('4995 Magnolia Boulevard', '1729842175', '2017-10-27'),
('3658 Magnolia Terrace', '3874122262', '2022-1-5'),
('4896 Cedar Lane', '4609293344', '2021-4-14'),
('6056 Pine Circle', '1780023289', '2023-10-6'),
('6709 Birch Lane', '3615234867', '2022-2-16'),
('9262 Hickory Street', '6767986694', '2023-5-15'),
('2071 Willow Road', '2750282849', '2020-3-20'),
('6709 Birch Lane', '7115467936', '2017-9-15'),
('1734 Oak Terrace', '7115467936', '2019-8-23'),
('5032 Magnolia Court', '8711076556', '2020-6-20'),
('1220 Magnolia Drive', '4652676288', '2017-1-27'),
('1734 Oak Terrace', '3330310117', '2022-1-25'),
('7741 Magnolia Avenue', '3411198947', '2016-3-13'),
('7783 Birch Court', '2856034153', '2017-4-19'),
('4995 Magnolia Boulevard', '3285557877', '2022-1-10'),
('4560 Willow Circle', '2856034153', '2023-1-18'),
('7783 Birch Court', '8711076556', '2016-5-7'),
('6056 Pine Circle', '3227091248', '2017-11-5'),
('3658 Magnolia Terrace', '0926016027', '2015-7-26'),
('4142 Maple Way', '3874122262', '2015-11-18'),
('1734 Oak Terrace', '3615234867', '2015-7-27'),
('3658 Magnolia Terrace', '4919351651', '2015-5-21'),
('9972 Maple Avenue', '8711076556', '2019-2-26');


INSERT INTO lives_with VALUES
('3330310117', '3411198947', 'Parent'),
('0926016027', '5186091304', 'Parent'),
('4919351651', '3874122262', 'Partner'),
('7208214952', '3874122262', 'Children'),
('7688511368', '2333699560', 'Partner'),
('3285557877', '1300444673', 'Roommate'),
('6341422905', '6767986694', 'Roommate'),
('8588284874', '3936856948', 'Children'),
('3285557877', '3297863459', 'Roommate'),
('4885738135', '3285557877', 'Partner'),
('4919351651', '8588284874', 'Partner'),
('0926016027', '7688511368', 'Children'),
('5186091304', '8677839699', 'Children'),
('4919351651', '7208214952', 'Children'),
('0926016027', '4652676288', 'Parent'),
('4919351651', '5186091304', 'Parent'),
('7656964983', '2750282849', 'Roommate'),
('2750282849', '7115467936', 'Parent'),
('7208214952', '2856034153', 'Roommate'),
('3330310117', '8677839699', 'Roommate'),
('6767986694', '8677839699', 'Non-Parent Dependent'),
('1780023289', '4609293344', 'Partner'),
('7208214952', '4885738135', 'Roommate'),
('5186091304', '3297863459', 'Children'),
('9331197341', '9119806257', 'Children'),
('9119806257', '5186091304', 'Parent'),
('7656964983', '7688511368', 'Roommate'),
('7688511368', '4929938740', 'Non-Parent Dependent'),
('2856034153', '0926016027', 'Parent'),
('7208214952', '2096448779', 'Non-Parent Dependent'),
('3411198947', '4885738135', 'Partner'),
('1780023289', '3297863459', 'Roommate'),
('8711076556', '3227091248', 'Roommate'),
('7656964983', '5691679080', 'Non-Parent Dependent'),
('8677839699', '4885738135', 'Parent'),
('2333699560', '5186091304', 'Parent'),
('3615234867', '9119806257', 'Roommate'),
('7688511368', '3874122262', 'Non-Parent Dependent'),
('6341422905', '7380630290', 'Children'),
('3285557877', '5186091304', 'Non-Parent Dependent');


INSERT INTO Infection VALUES
('2021-8-20', 'COVID-19', 9, '3285557877'),
('2021-2-15', 'Other', 2, '2333699560'),
('2021-8-20', 'COVID-19', 12, '1834903106'),
('2023-11-19', 'Other', 11, '1729842175'),
('2021-6-2', 'COVID-19', 11, '3297863459'),
('2023-10-14', 'COVID-19', 6, '1040228505'),
('2022-10-14', 'SARS-Cov-2 Variant', 8, '2096448779'),
('2023-4-1', 'Other', 5, '1780023289'),
('2023-4-10', 'Other', 4, '1729842175'),
('2022-5-19', 'SARS-Cov-2 Variant', 9, '8588284874'),
('2021-9-27', 'SARS-Cov-2 Variant', 5, '2333699560'),
('2021-10-27', 'COVID-19', 13, '3330310117'),
('2020-1-12', 'Other', 2, '4929938740'),
('2022-6-11', 'SARS-Cov-2 Variant', 4, '2096448779'),
('2020-10-26', 'Other', 10, '9331197341'),
('2021-8-8', 'SARS-Cov-2 Variant', 3, '4687416768'),
('2021-1-14', 'SARS-Cov-2 Variant', 10, '3936856948'),
('2020-5-23', 'COVID-19', 6, '2750282849'),
('2022-7-15', 'COVID-19', 8, '6767986694'),
('2020-8-8', 'SARS-Cov-2 Variant', 6, '2066346940'),
('2020-1-13', 'Other', 4, '3411198947'),
('2021-3-21', 'Other', 4, '4885738135'),
('2021-11-3', 'SARS-Cov-2 Variant', 7, '4652676288'),
('2020-10-5', 'COVID-19', 4, '4885738135'),
('2023-10-18', 'SARS-Cov-2 Variant', 1, '9119806257'),
('2022-7-23', 'Other', 11, '2856034153'),
('2023-10-24', 'COVID-19', 12, '8588284874'),
('2021-4-3', 'Other', 8, '7380630290'),
('2020-4-10', 'SARS-Cov-2 Variant', 11, '0926016027'),
('2023-8-16', 'Other', 3, '1300444673'),
('2021-9-19', 'SARS-Cov-2 Variant', 4, '5691679080'),
('2020-3-21', 'COVID-19', 12, '9331197341'),
('2021-7-7', 'COVID-19', 9, '7656964983'),
('2023-7-23', 'Other', 9, '3227091248'),
('2021-10-9', 'Other', 13, '7115467936'),
('2023-9-21', 'SARS-Cov-2 Variant', 5, '8926786758'),
('2023-8-25', 'SARS-Cov-2 Variant', 4, '7115467936'),
('2022-11-25', 'COVID-19', 3, '3297863459'),
('2021-8-22', 'Other', 13, '1729842175'),
('2020-3-15', 'Other', 13, '1729842175'),
('2022-2-11', 'SARS-Cov-2 Variant', 2, '6767986694'),
('2023-8-17', 'SARS-Cov-2 Variant', 9, '1300444673'),
('2021-2-22', 'COVID-19', 10, '3227091248'),
('2022-11-19', 'Other', 8, '4885738135'),
('2023-11-23', 'SARS-Cov-2 Variant', 3, '3936856948'),
('2022-10-20', 'SARS-Cov-2 Variant', 3, '7656964983'),
('2022-9-23', 'SARS-Cov-2 Variant', 13, '5691679080'),
('2021-5-17', 'Other', 5, '3227091248'),
('2023-5-1', 'SARS-Cov-2 Variant', 6, '3227091248'),
('2020-6-18', 'SARS-Cov-2 Variant', 8, '9119806257');


INSERT INTO Vaccination VALUES
(5, 'Pfizer', '2023-1-8', '1300444673', 'CarePharm 6669'),
(6, 'AstraZeneca', '2022-6-8', '1729842175', 'VitaBioTech 7570'),
(1, 'Johnson & Johnson', '2020-5-11', '4609293344', 'GenLab 0201'),
(3, 'Johnson & Johnson', '2021-9-7', '2096448779', 'TheraHealthcare 3236'),
(2, 'Moderna', '2023-5-24', '8677839699', 'MediPharmaTech 0127'),
(5, 'Johnson & Johnson', '2023-4-20', '7115467936', 'TheraHealthcare 3236'),
(8, 'Johnson & Johnson', '2021-7-27', '6767986694', 'VitaTech 1333'),
(5, 'Moderna', '2020-9-12', '4919351651', 'LifeBioTech 9898'),
(2, 'Johnson & Johnson', '2023-2-27', '3615234867', 'VitaTech 1333'),
(7, 'Johnson & Johnson', '2023-5-21', '8588284874', 'TheraLab 7212'),
(2, 'AstraZeneca', '2022-2-25', '7208214952', 'CureMed 5927'),
(3, 'AstraZeneca', '2022-7-6', '2750282849', 'TheraHealthcare 3236'),
(3, 'Johnson & Johnson', '2020-11-6', '8677839699', 'CarePharm 6669'),
(2, 'Moderna', '2022-7-14', '3227091248', 'TheraHealthcare 3236'),
(4, 'Pfizer', '2023-11-17', '5186091304', 'BioLab 8859'),
(8, 'Johnson & Johnson', '2021-3-10', '3330310117', 'LifeBioTech 9898'),
(4, 'Johnson & Johnson', '2020-6-26', '4652676288', 'TheraMed 4585'),
(6, 'Moderna', '2020-3-20', '2096448779', 'CureResearch 2502'),
(3, 'Johnson & Johnson', '2020-2-27', '3330310117', 'CarePharm 6669'),
(4, 'Moderna', '2021-4-4', '3297863459', 'MediPharmaCare 9006'),
(1, 'Pfizer', '2021-7-22', '8588284874', 'LifeLab 2523'),
(4, 'AstraZeneca', '2023-4-11', '2096448779', 'TheraMed 4585'),
(8, 'Moderna', '2021-7-13', '3411198947', 'HealthPharmaCare 5913'),
(5, 'AstraZeneca', '2023-2-17', '3936856948', 'VitaTech 1333'),
(4, 'Johnson & Johnson', '2023-6-6', '4929938740', 'GenLab 0201'),
(1, 'AstraZeneca', '2021-8-3', '2856034153', 'VitaTech 1333'),
(6, 'Johnson & Johnson', '2022-4-1', '3297863459', 'CureMed 5927'),
(3, 'Moderna', '2021-5-21', '2856034153', 'VitaTech 1333'),
(6, 'Johnson & Johnson', '2020-11-2', '3615234867', 'CureResearch 2502'),
(6, 'Moderna', '2022-11-16', '8711076556', 'BioLab 8859'),
(1, 'Pfizer', '2022-1-12', '1780023289', 'CureMed 5927'),
(2, 'Johnson & Johnson', '2022-4-20', '1040228505', 'CureMed 5927'),
(8, 'Moderna', '2023-2-8', '7688511368', 'GenMed 2408'),
(7, 'Pfizer', '2021-9-11', '6767986694', 'CureHealthcare 8135'),
(5, 'Johnson & Johnson', '2020-2-4', '3615234867', 'CarePharm 6669'),
(3, 'Johnson & Johnson', '2020-1-25', '1040228505', 'LifeLab 2523'),
(4, 'Johnson & Johnson', '2021-1-20', '2750282849', 'CureResearch 2502'),
(8, 'Moderna', '2022-1-19', '5186091304', 'VitaSolutions 2177'),
(2, 'Johnson & Johnson', '2020-9-19', '9331197341', 'TheraHealthcare 3236'),
(5, 'AstraZeneca', '2023-4-20', '7656964983', 'PharmaMed 3389'),
(7, 'Moderna', '2023-1-10', '1040228505', 'VitaTech 1333'),
(3, 'Pfizer', '2021-5-4', '4929938740', 'LifeLab 2523'),
(6, 'Moderna', '2023-2-10', '2856034153', 'PharmaMed 3389');


INSERT INTO Schedule VALUES
('2017-11-19', '2022-6-18 15:25:41', '2022-10-4 23:25:43', 'VitaSolutions 2177', '6767986694'),
('2023-5-3', '2019-8-5 15:54:51', '2020-1-20 6:6:39', 'TheraHealthcare 3236', '3330310117'),
('2020-10-27', '2022-8-15 9:21:27', '2023-5-9 14:36:8', 'CareHealthcare 1637', '1834903106'),
('2022-1-27', '2021-4-7 21:46:11', '2022-3-27 10:38:15', 'MediHealthcare 8705', '4652676288'),
('2018-7-6', '2020-1-1 5:18:36', '2023-5-13 7:32:51', 'MediHealthcare 8705', '4609293344'),
('2021-6-17', '2021-6-1 7:48:56', '2022-5-14 5:49:7', 'HealthPharmaCare 5913', '7208214952'),
('2019-4-25', '2022-3-23 5:24:11', '2022-6-8 19:12:53', 'GenMed 2408', '8588284874'),
('2019-8-3', '2019-11-5 22:20:50', '2020-11-26 19:18:29', 'TheraLab 7212', '3297863459'),
('2017-11-26', '2023-4-8 22:9:36', '2023-11-27 3:25:31', 'HealthBioTech 0419', '9119806257'),
('2022-7-1', '2020-6-4 14:22:2', '2020-9-17 2:3:3', 'CureHealthcare 8135', '3330310117'),
('2022-11-20', '2018-3-7 23:59:41', '2020-2-23 17:52:13', 'CureHealthcare 8135', '5186091304'),
('2019-4-19', '2018-3-26 3:12:40', '2020-8-15 9:46:41', 'BioLab 8859', '0926016027'),
('2022-2-22', '2023-6-3 5:47:6', '2023-11-1 14:16:50', 'GenMed 2408', '6767986694'),
('2018-1-5', '2023-3-17 22:57:24', '2023-10-4 1:51:44', 'MediHealthcare 8705', '2066346940'),
('2021-3-15', '2023-8-12 6:24:5', '2023-9-10 8:8:33', 'CureHealthcare 8135', '9119806257'),
('2019-3-10', '2023-5-22 19:39:35', '2023-7-13 5:6:44', 'HealthPharmaTech 6434', '2750282849'),
('2023-11-5', '2020-9-1 8:55:11', '2023-11-3 18:51:26', 'VitaSolutions 2177', '2096448779'),
('2017-4-12', '2023-8-17 2:13:34', '2023-9-19 10:43:54', 'CarePharm 6669', '3874122262'),
('2017-6-20', '2020-1-24 11:9:40', '2020-11-5 16:54:58', 'CarePharm 6669', '4652676288'),
('2022-4-26', '2022-3-7 10:8:47', '2023-11-5 12:33:15', 'VitaSolutions 2177', '6341422905'),
('2018-7-27', '2019-4-24 2:26:5', '2019-7-10 8:6:18', 'TheraHealthcare 3236', '8677839699'),
('2021-10-19', '2020-10-22 18:6:32', '2021-5-6 4:34:38', 'MediLab 4789', '9119806257'),
('2021-5-26', '2019-1-7 7:9:11', '2023-5-1 21:48:47', 'PharmaPharmaCare 8194', '3285557877'),
('2018-5-12', '2021-5-26 17:36:51', '2021-11-22 5:59:57', 'CureResearch 2502', '6767986694'),
('2020-6-24', '2023-6-7 3:56:27', '2023-7-12 15:38:13', 'GenMed 2408', '9119806257'),
('2019-3-27', '2021-1-16 21:51:30', '2023-4-22 6:6:32', 'HealthPharmaCare 5913', '1300444673'),
('2017-11-11', '2019-9-21 15:7:5', '2023-10-11 17:51:14', 'TheraMed 4585', '3874122262'),
('2021-3-26', '2020-5-8 14:46:8', '2023-9-17 13:55:25', 'TheraLab 7212', '3615234867'),
('2022-1-10', '2020-11-2 16:33:4', '2022-2-1 22:31:54', 'GenMed 2408', '1780023289'),
('2023-10-13', '2021-9-26 4:54:37', '2022-10-3 22:48:31', 'HealthPharmaTech 6434', '7656964983');



