INSERT INTO Residence VALUES
('7777 Spruce Avenue', 'Victoriaville', 'Northwest Territories', 'T76 4G7', '4624995921', 5, 'House'),
('6217 Oak Drive', 'Kanata', 'Manitoba', 'R94 6A4', '3716949315', 6, 'Semi-Detached House'),
('3785 Magnolia Way', 'Quebec City', 'Prince Edward Island', 'V57 0C1', '9415004740', 6, 'Semi-Detached House'),
('8354 Cedar Circle', 'North Bay', 'Saskatchewan', 'X05 8H1', '2852982751', 5, 'Condominium'),
('3846 Oak Lane', 'Halifax', 'Northwest Territories', 'O48 4R0', '8465659399', 4, 'Condominium'),
('5744 Maple Street', 'Saint John', 'Prince Edward Island', 'W27 3T2', '8227012579', 1, 'Apartment'),
('2461 Hickory Court', 'Kitchener', 'Nova Scotia', 'U28 0H2', '2289486554', 2, 'House'),
('8642 Elm Way', 'Toronto', 'Northwest Territories', 'U89 4R1', '3377682752', 5, 'Semi-Detached House'),
('2581 Magnolia Terrace', 'Norfolk County', 'Newfoundland and Labrador', 'W78 2G9', '4081862801', 4, 'Condominium'),
('0127 Spruce Lane', 'Belleville', 'Quebec', 'F06 1V5', '2372312695', 4, 'Apartment'),
('9107 Pine Street', 'Lethbridge', 'New Brunswick', 'A91 0B8', '3550548654', 1, 'Semi-Detached House'),
('9030 Hickory Drive', 'White Rock', 'Nova Scotia', 'R86 7L2', '5267658520', 1, 'House'),
('0699 Birch Circle', 'Ottawa', 'New Brunswick', 'W06 3N9', '5996623601', 7, 'Apartment'),
('9577 Hickory Way', 'Vancouver', 'Nova Scotia', 'M56 6L5', '9632187137', 5, 'Apartment'),
('3633 Birch Court', 'Windsor', 'Quebec', 'T81 0M6', '8905793494', 4, 'Semi-Detached House'),
('5234 Maple Drive', 'Victoria', 'Ontario', 'L77 2P8', '5404352015', 4, 'Apartment'),
('3897 Elm Circle', 'Barrie', 'Quebec', 'G77 1X8', '8708816710', 5, 'House'),
('8616 Spruce Terrace', 'Brandon', 'Manitoba', 'R00 8D5', '5568268794', 1, 'Semi-Detached House'),
('6401 Pine Lane', 'Saint-Hyacinthe', 'Newfoundland and Labrador', 'K92 5I4', '3231557310', 5, 'Condominium'),
('0056 Magnolia Street', 'Red Deer', 'Quebec', 'D54 2O9', '4539545074', 4, 'Condominium'),
('9373 Spruce Street', 'Calgary', 'British Columbia', 'K78 4P0', '7208802682', 5, 'House'),
('2266 Birch Street', 'Saint-Jérôme', 'Alberta', 'P61 7M5', '3639112442', 2, 'Condominium'),
('2289 Elm Lane', 'Drummondville', 'Prince Edward Island', 'A67 8N5', '5274018005', 2, 'House'),
('8586 Cedar Road', 'Newmarket', 'Alberta', 'K96 4F7', '2702790382', 1, 'Condominium'),
('2655 Hickory Terrace', 'Edmonton', 'Manitoba', 'I15 5D7', '9170807302', 6, 'Semi-Detached House'),
('9640 Cedar Street', 'Hamilton', 'Alberta', 'H97 3O3', '9523081889', 7, 'Semi-Detached House'),
('7443 Willow Road', 'Montreal', 'Manitoba', 'F18 4P7', '9398357510', 5, 'House'),
('6978 Maple Avenue', 'Peterborough', 'Nova Scotia', 'C87 9L8', '2622073505', 5, 'Semi-Detached House'),
('8549 Hickory Circle', 'Sherbrooke', 'Nova Scotia', 'Z95 1O5', '6787492281', 6, 'Semi-Detached House'),
('0239 Hickory Avenue', 'Chicoutimi', 'Saskatchewan', 'S74 4K9', '9872546096', 6, 'Condominium');


INSERT INTO Residence VALUES
('4306 Spruce Circle', 'St. Johns', 'Nova Scotia', 'F19 5W0', '8332736713', 5, 'Apartment'),
('8988 Birch Boulevard', 'North Bay', 'Nova Scotia', 'U77 7T1', '3546509823', 7, 'Apartment'),
('8236 Cedar Drive', 'Saint-Jérôme', 'British Columbia', 'W44 1C9', '4643800251', 5, 'House'),
('4119 Cedar Lane', 'Lethbridge', 'Quebec', 'T17 4T9', '6624174929', 2, 'Condominium'),
('1438 Birch Way', 'White Rock', 'Quebec', 'B67 7L7', '5076658618', 7, 'Condominium');

INSERT INTO Residence VALUES
('1268 Birch Drive', 'Ottawa', 'Saskatchewan', 'Z97 5E3', '8080097697', 7, 'Condominium'),
('5632 Pine Boulevard', 'Kitchener', 'Saskatchewan', 'R53 7Z2', '5043882193', 7, 'House'),
('0641 Pine Road', 'Kelowna', 'Prince Edward Island', 'O53 7C8', '2435590556', 6, 'Semi-Detached House'),
('2625 Willow Terrace', 'Sherbrooke', 'British Columbia', 'A55 9N8', '3948414237', 1, 'Apartment'),
('9840 Hickory Drive', 'Lethbridge', 'Prince Edward Island', 'P54 6Q9', '3281604970', 1, 'Semi-Detached House');

INSERT INTO Residence VALUES
('8957 Hickory Court', 'London', 'Quebec', 'R37 1T7', '2763258602', 1, 'Apartment'),
('2276 Elm Avenue', 'Saint-Jérôme', 'British Columbia', 'Z62 5P1', '5429900621', 7, 'Apartment'),
('7163 Maple Road', 'Kingston', 'British Columbia', 'J26 9S0', '5844855315', 2, 'Condominium'),
('3899 Hickory Way', 'Prince George', 'New Brunswick', 'H60 1H7', '5291742048', 1, 'Semi-Detached House'),
('2877 Spruce Circle', 'Chicoutimi', 'Ontario', 'T46 2L9', '9863763898', 4, 'Condominium');

INSERT INTO Residence VALUES
('9578 Maple Circle', 'Regina', 'Prince Edward Island', 'M82 7Z3', '4073536349', 1, 'Apartment'),
('6112 Magnolia Drive', 'Barrie', 'Nova Scotia', 'U14 6H6', '7652002246', 3, 'House'),
('6841 Oak Circle', 'Prince George', 'New Brunswick', 'H54 6G7', '3325957461', 6, 'House'),
('6577 Hickory Way', 'Norfolk County', 'Nunavut', 'F23 2S8', '6837919237', 5, 'House'),
('8239 Birch Street', 'Sherbrooke', 'Nunavut', 'N76 7T1', '3971532448', 2, 'Apartment');

INSERT INTO Residence VALUES
('7146 Maple Lane', 'Vancouver', 'Nunavut', 'B04 2H7', '2512675591', 1, 'Apartment'),
('1800 Cedar Avenue', 'Oshawa', 'Newfoundland and Labrador', 'O71 9D4', '3486363394', 1, 'Apartment'),
('0938 Maple Boulevard', 'Winnipeg', 'Newfoundland and Labrador', 'X74 1X9', '8563878287', 6, 'Semi-Detached House'),
('0910 Spruce Circle', 'Saint-Jérôme', 'Quebec', 'V93 7Q7', '6916669047', 6, 'Condominium'),
('3590 Pine Way', 'Red Deer', 'Prince Edward Island', 'E36 5U9', '3779228880', 1, 'Apartment');

INSERT INTO Residence VALUES
('9323 Pine Circle', 'St. Johns', 'Ontario', 'A44 6D6', '4523129874', 4, 'Semi-Detached House'),
('3186 Cedar Drive', 'Trois-Rivieres', 'Manitoba', 'I29 7Q0', '8429511192', 7, 'Condominium'),
('5716 Willow Court', 'Winnipeg', 'Quebec', 'P02 1T2', '8770960275', 7, 'Apartment'),
('1516 Maple Way', 'Prince George', 'Nova Scotia', 'D50 9E4', '3202444642', 7, 'Semi-Detached House'),
('6360 Cedar Road', 'Montreal', 'Saskatchewan', 'D85 8R4', '7846617691', 2, 'Condominium');

INSERT INTO Residence VALUES
('0128 Oak Street', 'Newmarket', 'Manitoba', 'H26 8Z7', '2046370426', 6, 'Semi-Detached House'),
('7517 Spruce Street', 'Victoriaville', 'Newfoundland and Labrador', 'Y39 6V6', '4825841399', 2, 'House'),
('3140 Spruce Avenue', 'Ottawa', 'Prince Edward Island', 'Y04 4Y2', '2435420594', 7, 'House'),
('7551 Birch Boulevard', 'Montreal', 'Alberta', 'W10 9N7', '3962782621', 2, 'Condominium'),
('9499 Pine Terrace', 'Guelph', 'Ontario', 'E66 9I8', '2311241355', 4, 'House');

INSERT INTO Residence VALUES
('4216 Birch Boulevard', 'Red Deer', 'New Brunswick', 'C60 0U8', '5208082167', 5, 'Apartment'),
('4287 Pine Court', 'Abbotsford', 'Nova Scotia', 'V58 7Y1', '6359826642', 3, 'Condominium'),
('2480 Maple Avenue', 'Newmarket', 'Newfoundland and Labrador', 'G88 6G6', '6263988218', 3, 'Condominium'),
('3777 Cedar Lane', 'Kitchener', 'New Brunswick', 'I97 0M5', '3113390579', 1, 'Semi-Detached House'),
('9138 Birch Avenue', 'Brandon', 'Northwest Territories', 'Y74 1C7', '2030666074', 7, 'House');

INSERT INTO Residence VALUES
('0133 Magnolia Drive', 'Hamilton', 'Saskatchewan', 'I27 9M8', '4037030949', 7, 'House'),
('8334 Hickory Drive', 'Saint-Hyacinthe', 'British Columbia', 'F00 7B1', '9426482104', 2, 'Apartment'),
('8520 Hickory Road', 'London', 'Ontario', 'G32 6U6', '2921220143', 5, 'Apartment'),
('3723 Birch Boulevard', 'Edmonton', 'Quebec', 'K99 3N3', '2580527797', 4, 'Condominium'),
('9386 Oak Road', 'Saint John', 'Manitoba', 'X76 2X8', '2270614686', 6, 'Apartment');

INSERT INTO Residence VALUES
('2304 Birch Court', 'Oshawa', 'Northwest Territories', 'I72 7F4', '9409962763', 6, 'House'),
('1574 Willow Terrace', 'Chicoutimi', 'Alberta', 'I87 6H0', '4834123387', 2, 'House'),
('0360 Magnolia Way', 'Brandon', 'Nova Scotia', 'G17 6V2', '7991700616', 3, 'Apartment'),
('4512 Birch Street', 'Barrie', 'New Brunswick', 'O49 2M4', '5430603756', 2, 'Apartment'),
('2859 Maple Way', 'Regina', 'Saskatchewan', 'Z00 0F1', '9530577114', 4, 'Condominium');

INSERT INTO Person VALUES
('7417936765', 'Liam', 'Rodriguez', '1947-9-19', 'K900713312', '4726234104', 'Canadian', 'liamrodriguez81@gmail.com', 'Sales Representative'),
('6041318578', 'Noah', 'Lewis', '2021-11-11', 'H208772003', '2415807202', 'Canadian', 'noahlewis75@gmail.com', 'Graphic Designer'),
('0960221279', 'Olivia', 'Hall', '1973-1-13', 'L299121412', '6399439534', 'Canadian', 'oliviahall78@gmail.com', 'Teacher'),
('0488962295', 'Mila', 'Nelson', '1966-8-27', 'I154019374', '7367952550', 'Canadian', 'milanelson15@gmail.com', 'Fashion Designer'),
('5531886753', 'Mia', 'Thompson', '1955-11-21', 'K415221741', '7117941261', 'Canadian', 'miathompson12@gmail.com', 'Paramedic'),
('3017793058', 'David', 'Garcia', '1955-1-8', 'S042732189', '4454159875', 'Canadian', 'davidgarcia68@gmail.com', 'Lawyer'),
('4420868235', 'Liam', 'Wilson', '1962-1-3', 'X715970477', '7612991498', 'Canadian', 'liamwilson53@gmail.com', 'Chef'),
('0205970077', 'Aiden', 'Lee', '1974-4-9', 'V111801356', '9420488623', 'Canadian', 'aidenlee48@gmail.com', 'Psychologist'),
('4677110766', 'Benjamin', 'Nelson', '2003-5-22', 'P432514291', '6431746494', 'Canadian', 'benjaminnelson72@gmail.com', 'Artist'),
('5856504126', 'Lily', 'Harris', '2002-4-17', 'O307294912', '8714514196', 'Canadian', 'lilyharris37@gmail.com', 'Financial Analyst'),
('9814664072', 'Carter', 'Williams', '1999-11-13', 'Y773298769', '9009080368', 'Canadian', 'carterwilliams27@gmail.com', 'Pilot'),
('7750008493', 'Daniel', 'Roberts', '1976-7-5', 'B302350760', '3755653832', 'Canadian', 'danielroberts21@gmail.com', 'Carpenter'),
('4826635732', 'Olivia', 'Gonzalez', '1970-3-9', 'Z426985528', '2910872708', 'Canadian', 'oliviagonzalez52@gmail.com', 'Mechanic'),
('1716262758', 'Chloe', 'Lopez', '1972-3-23', 'I639070646', '6679581237', 'Canadian', 'chloelopez74@gmail.com', 'Veterinarian'),
('2283229751', 'Elizabeth', 'Baker', '1973-3-2', 'F840289463', '7689536899', 'Canadian', 'elizabethbaker82@gmail.com', 'Actor'),
('4077841550', 'Mia', 'Parker', '1947-7-17', 'D985603800', '2656250351', 'Canadian', 'miaparker47@gmail.com', 'Plumber'),
('0181050279', 'Amelia', 'Jones', '1984-4-8', 'V296897552', '4381316888', 'Canadian', 'ameliajones77@gmail.com', 'Writer'),
('1653918339', 'Abigail', 'Thomas', '2012-1-9', 'P538799433', '5425253881', 'Canadian', 'abigailthomas59@gmail.com', 'Dentist'),
('0694980954', 'Madison', 'Thomas', '1978-5-9', 'U215907924', '6414115750', 'Canadian', 'madisonthomas22@gmail.com', 'Geologist'),
('7365026668', 'Elizabeth', 'Lee', '1952-10-16', 'E070166717', '6374964058', 'Canadian', 'elizabethlee76@gmail.com', 'Journalist'),
('0370854396', 'William', 'Harris', '1970-5-16', 'G828882931', '2567084915', 'Canadian', 'williamharris83@gmail.com', 'Marine Biologist'),
('5093124724', 'Michael', 'Lee', '1990-3-7', 'E652065212', '6267948863', 'Canadian', 'michaellee84@gmail.com', 'Architect'),
('2899965168', 'Michael', 'Martin', '2015-5-9', 'C016816317', '3744212295', 'Canadian', 'michaelmartin11@gmail.com', 'Nurse'),
('3853020187', 'Abigail', 'Scott', '2015-1-3', 'J933658102', '7931933280', 'Canadian', 'abigailscott06@gmail.com', 'Photographer'),
('1122052676', 'Madison', 'Wright', '1956-5-10', 'W696524560', '7721173414', 'Canadian', 'madisonwright81@gmail.com', 'Waiter/Waitress'),
('2257797469', 'Emily', 'Robinson', '1969-6-3', 'J334833924', '2202180951', 'Canadian', 'emilyrobinson14@gmail.com', 'Software Developer'),
('5111453599', 'Chloe', 'Martinez', '2010-9-9', 'H161152782', '3374735487', 'Canadian', 'chloemartinez22@gmail.com', 'Web Designer'),
('9455078721', 'Samuel', 'Evans', '1952-11-22', 'S433217197', '6905423199', 'Canadian', 'samuelevans32@gmail.com', 'Chemist'),
('1396587158', 'Riley', 'Taylor', '1948-3-16', 'S558443636', '7834473834', 'Canadian', 'rileytaylor27@gmail.com', 'HR Manager'),
('1267802962', 'Logan', 'White', '1987-7-2', 'T713250777', '7186661533', 'Canadian', 'loganwhite74@gmail.com', 'Fitness Trainer'),
('2221868413', 'Aiden', 'Phillips', '1998-11-13', 'L645726496', '8455665913', 'Canadian', 'aidenphillips45@gmail.com', 'Translator'),
('7793249250', 'Elijah', 'Allen', '2019-6-22', 'N512513150', '8915142493', 'Canadian', 'elijahallen85@gmail.com', 'Electrician'),
('7659036250', 'Liam', 'Campbell', '1954-4-24', 'Z163039732', '7051771584', 'Canadian', 'liamcampbell77@gmail.com', 'Interior Designer'),
('9870028105', 'Ava', 'Parker', '2023-3-11', 'O751583258', '8428632043', 'Canadian', 'avaparker16@gmail.com', 'Police Officer'),
('9088373442', 'Chloe', 'Allen', '2018-1-8', 'B260013220', '8435559384', 'Canadian', 'chloeallen49@gmail.com', 'Biologist'),
('1846896272', 'Ethan', 'Edwards', '2003-1-1', 'M655140792', '4887124075', 'Canadian', 'ethanedwards13@gmail.com', 'Accountant'),
('8030840338', 'Mia', 'Clark', '1978-6-25', 'U007935759', '2375261930', 'Canadian', 'miaclark05@gmail.com', 'Construction Worker'),
('1108451730', 'Oliver', 'Hill', '1943-10-13', 'I755611788', '5833750227', 'Canadian', 'oliverhill02@gmail.com', 'Meteorologist'),
('4736680095', 'Elizabeth', 'Miller', '1976-9-16', 'R076227546', '8844561660', 'Canadian', 'elizabethmiller55@gmail.com', 'Engineer'),
('7950328430', 'Mia', 'Baker', '1956-3-5', 'A131903413', '3378033475', 'Canadian', 'miabaker35@gmail.com', 'Economist');


INSERT INTO Person VALUES
('5321493701', 'William', 'Rodriguez', '1952-8-24', 'R881009307', '9397566191', 'Canadian', 'williamrodriguez53@gmail.com', 'Bartender'),
('3642153011', 'William', 'Green', '1964-3-19', 'H433705732', '2036830850', 'Canadian', 'williamgreen17@gmail.com', 'Mechanic'),
('2959395108', 'Henry', 'Lewis', '1957-5-9', 'I524578507', '7670525158', 'Canadian', 'henrylewis40@gmail.com', 'Doctor'),
('0682248885', 'Joseph', 'Perez', '1966-3-18', 'I836696907', '2520342923', 'Canadian', 'josephperez92@gmail.com', 'Writer'),
('0752776916', 'Victoria', 'Lee', '2023-8-23', 'P233940581', '2368618002', 'Canadian', 'victorialee44@gmail.com', 'Pharmacist'),
('3336684726', 'Michael', 'Hernandez', '1959-4-19', 'K632289898', '3540061761', 'Canadian', 'michaelhernandez34@gmail.com', 'Financial Analyst'),
('2287295128', 'Alexander', 'Wilson', '1992-8-8', 'A798740039', '3909967529', 'Canadian', 'alexanderwilson90@gmail.com', 'Nurse'),
('2659520585', 'Emily', 'Miller', '1967-7-14', 'C118950818', '6976310807', 'Canadian', 'emilymiller25@gmail.com', 'Paramedic'),
('5609221678', 'Logan', 'Thompson', '1955-11-2', 'R392567768', '7132306757', 'Canadian', 'loganthompson07@gmail.com', 'Graphic Designer'),
('0041452531', 'Jackson', 'Martinez', '1959-7-12', 'X518353239', '5937555238', 'Canadian', 'jacksonmartinez54@gmail.com', 'Dentist'),
('7210255172', 'Scarlett', 'Davis', '2006-4-18', 'Q732199997', '3627801423', 'Canadian', 'scarlettdavis51@gmail.com', 'Chemist'),
('4722656891', 'Sofia', 'Jackson', '1966-2-2', 'W791958312', '4967684075', 'Canadian', 'sofiajackson59@gmail.com', 'Pilot'),
('3855171212', 'Harper', 'White', '2015-1-6', 'W961711755', '4361907514', 'Canadian', 'harperwhite55@gmail.com', 'Actor'),
('7120556426', 'Sophia', 'Davis', '1948-5-12', 'A066396302', '7972951180', 'Canadian', 'sophiadavis90@gmail.com', 'Fashion Designer'),
('1920482636', 'Elizabeth', 'Wright', '2009-7-24', 'Y041266263', '3454030250', 'Canadian', 'elizabethwright22@gmail.com', 'Waiter/Waitress'),
('2411145075', 'Jacob', 'Martinez', '2017-7-6', 'B321844165', '5346772347', 'Canadian', 'jacobmartinez87@gmail.com', 'Marine Biologist'),
('5226678053', 'Michael', 'Harris', '1987-9-15', 'G155229927', '5891171045', 'Canadian', 'michaelharris30@gmail.com', 'Flight Attendant'),
('0386952416', 'Grace', 'Wright', '1962-11-21', 'I776140771', '9712589915', 'Canadian', 'gracewright69@gmail.com', 'Chef'),
('4726342736', 'James', 'Perez', '1998-11-10', 'K293537956', '9143021245', 'Canadian', 'jamesperez06@gmail.com', 'Social Worker'),
('2349277104', 'Lucas', 'Young', '1960-11-18', 'M054922031', '6303614529', 'Canadian', 'lucasyoung82@gmail.com', 'Interior Designer'),
('6182231344', 'Olivia', 'Martin', '1955-8-15', 'G363505777', '5272172972', 'Canadian', 'oliviamartin97@gmail.com', 'Meteorologist'),
('2997169386', 'Benjamin', 'Green', '1970-7-13', 'Q382660077', '9928612543', 'Canadian', 'benjamingreen73@gmail.com', 'Lawyer'),
('2155008988', 'Emily', 'Clark', '1968-10-10', 'Z211562415', '3196730931', 'Canadian', 'emilyclark54@gmail.com', 'Veterinarian'),
('9541436091', 'Abigail', 'Smith', '1969-7-10', 'V586155001', '5138978164', 'Canadian', 'abigailsmith16@gmail.com', 'Marketing Manager'),
('0401515189', 'James', 'Jackson', '1985-7-14', 'W252650358', '5394917010', 'Canadian', 'jamesjackson01@gmail.com', 'Librarian'),
('8343896925', 'Aria', 'Allen', '2020-11-22', 'C497017988', '7074402281', 'Canadian', 'ariaallen86@gmail.com', 'Carpenter'),
('0120065489', 'Matthew', 'Carter', '1944-7-15', 'S912280243', '2442245532', 'Canadian', 'matthewcarter60@gmail.com', 'Sales Representative'),
('6340895686', 'James', 'Edwards', '2009-1-7', 'M963448139', '5520046377', 'Canadian', 'jamesedwards43@gmail.com', 'Electrician'),
('5102250690', 'Ethan', 'Perez', '2016-10-5', 'O599264691', '5352375212', 'Canadian', 'ethanperez92@gmail.com', 'Economist'),
('5572922290', 'Mason', 'Garcia', '2002-8-14', 'V402506744', '3204774654', 'Canadian', 'masongarcia26@gmail.com', 'Software Developer'),
('1943447373', 'Lucas', 'Mitchell', '1988-4-16', 'N463278937', '4267568289', 'Canadian', 'lucasmitchell62@gmail.com', 'Architect'),
('0111865868', 'Harper', 'Wilson', '1994-7-23', 'J146937012', '4383380776', 'Canadian', 'harperwilson18@gmail.com', 'Journalist'),
('4111336593', 'Sofia', 'Taylor', '1966-11-3', 'Z353907522', '8551905418', 'Canadian', 'sofiataylor99@gmail.com', 'Construction Worker'),
('7665443474', 'Liam', 'Wilson', '2008-4-8', 'S611987865', '8152680040', 'Canadian', 'liamwilson24@gmail.com', 'Accountant'),
('0651969195', 'Alexander', 'Mitchell', '1993-9-17', 'G115721656', '3130952201', 'Canadian', 'alexandermitchell22@gmail.com', 'Translator'),
('9800188146', 'Madison', 'Allen', '1977-5-19', 'H598560224', '4305417677', 'Canadian', 'madisonallen28@gmail.com', 'Teacher'),
('9096493822', 'Emma', 'Davis', '1943-1-25', 'B520907219', '4322598624', 'Canadian', 'emmadavis81@gmail.com', 'Biologist'),
('1321428712', 'Lucas', 'Garcia', '1977-2-16', 'U954572423', '9164821369', 'Canadian', 'lucasgarcia00@gmail.com', 'Real Estate Agent'),
('4848090124', 'David', 'Jackson', '1997-1-16', 'N065847770', '9189682137', 'Canadian', 'davidjackson73@gmail.com', 'HR Manager'),
('7399418838', 'Matthew', 'Campbell', '1984-11-23', 'T643043058', '7265726241', 'Canadian', 'matthewcampbell21@gmail.com', 'Plumber');

INSERT INTO Person VALUES
('5674825256', 'Sebastian', 'Jones', '2010-3-14', 'T286734546', '2807604947', 'Canadian', 'sebastianjones96@gmail.com', 'Carpenter'),
('2384479593', 'Henry', 'Robinson', '2010-9-15', 'K001049841', '3706144451', 'Canadian', 'henryrobinson12@gmail.com', 'Social Worker'),
('0384470272', 'Emily', 'Williams', '1965-7-11', 'B190731739', '5549750721', 'Canadian', 'emilywilliams88@gmail.com', 'Fitness Trainer'),
('8178830355', 'Benjamin', 'Hill', '1969-8-1', 'F489822740', '7131242543', 'Canadian', 'benjaminhill37@gmail.com', 'Architect'),
('9235308854', 'Noah', 'Edwards', '1962-4-13', 'E843558351', '2668179114', 'Canadian', 'noahedwards18@gmail.com', 'Doctor'),
('6925579788', 'Samuel', 'Wright', '2009-11-25', 'P576000673', '8239646441', 'Canadian', 'samuelwright31@gmail.com', 'Artist'),
('4912662640', 'James', 'Robinson', '1989-11-11', 'U743126767', '3725189076', 'Canadian', 'jamesrobinson90@gmail.com', 'Electrician'),
('0418537867', 'Sebastian', 'Lewis', '1957-4-11', 'S841709156', '2358540372', 'Canadian', 'sebastianlewis43@gmail.com', 'Interior Designer'),
('2833466973', 'Sofia', 'Anderson', '1965-3-7', 'N363264279', '8466115613', 'Canadian', 'sofiaanderson08@gmail.com', 'Meteorologist'),
('2392884224', 'Oliver', 'Harris', '1957-9-27', 'X724452049', '2332151828', 'Canadian', 'oliverharris12@gmail.com', 'Economist'),
('2801369668', 'Noah', 'White', '1969-3-6', 'G245459539', '6117588073', 'Canadian', 'noahwhite10@gmail.com', 'Psychologist'),
('4888648845', 'Elizabeth', 'Parker', '1979-5-4', 'N158463427', '3756604000', 'Canadian', 'elizabethparker56@gmail.com', 'Geologist'),
('7904628160', 'Ella', 'Mitchell', '1999-9-5', 'T431587563', '3111662817', 'Canadian', 'ellamitchell18@gmail.com', 'Nurse'),
('2378882656', 'Avery', 'Turner', '1984-4-23', 'Z019478186', '6670223874', 'Canadian', 'averyturner84@gmail.com', 'Teacher'),
('1039909533', 'Isabella', 'Perez', '2013-2-18', 'R565649093', '4928571303', 'Canadian', 'isabellaperez64@gmail.com', 'Sales Representative'),
('5422291474', 'Jacob', 'Parker', '2009-11-5', 'I902507579', '6830492884', 'Canadian', 'jacobparker48@gmail.com', 'Waiter/Waitress'),
('5512818457', 'Sebastian', 'Lopez', '1985-10-21', 'X191745915', '9599700881', 'Canadian', 'sebastianlopez21@gmail.com', 'Plumber'),
('2074058879', 'James', 'Scott', '1998-6-24', 'A613303717', '9208974904', 'Canadian', 'jamesscott62@gmail.com', 'Marine Biologist'),
('5927540236', 'Mia', 'Wilson', '1988-2-27', 'X040153858', '9430559054', 'Canadian', 'miawilson16@gmail.com', 'Chef'),
('3038358153', 'Olivia', 'Martinez', '2020-3-16', 'H718575118', '5654040035', 'Canadian', 'oliviamartinez93@gmail.com', 'Pharmacist'),
('6191270111', 'Aria', 'Carter', '1992-8-4', 'G483155417', '9064017598', 'Canadian', 'ariacarter46@gmail.com', 'Bartender'),
('7368744686', 'Noah', 'Gonzalez', '1961-9-23', 'Q301789186', '9101273655', 'Canadian', 'noahgonzalez68@gmail.com', 'Real Estate Agent'),
('9384062344', 'Amelia', 'Lewis', '1968-6-10', 'Q696994979', '5578631562', 'Canadian', 'amelialewis72@gmail.com', 'Financial Analyst'),
('9207961316', 'Mia', 'Davis', '1985-11-5', 'P096222832', '6086407980', 'Canadian', 'miadavis93@gmail.com', 'Paramedic'),
('3343857916', 'Jackson', 'Roberts', '1967-10-9', 'E068097885', '4896304952', 'Canadian', 'jacksonroberts36@gmail.com', 'Lawyer'),
('8303239776', 'Sofia', 'Thomas', '1984-6-14', 'Y044386200', '6156789968', 'Canadian', 'sofiathomas55@gmail.com', 'Accountant'),
('0877500574', 'Liam', 'Harris', '1942-10-1', 'K266805693', '9242035620', 'Canadian', 'liamharris15@gmail.com', 'Construction Worker'),
('3798022544', 'Alexander', 'Rodriguez', '1981-11-11', 'U885404495', '4180912454', 'Canadian', 'alexanderrodriguez37@gmail.com', 'Police Officer'),
('8434897983', 'Michael', 'Scott', '1984-8-10', 'C104666349', '2756128610', 'Canadian', 'michaelscott17@gmail.com', 'Dentist'),
('6102639941', 'Matthew', 'Lopez', '1992-3-5', 'B995822340', '4532906048', 'Canadian', 'matthewlopez88@gmail.com', 'Flight Attendant'),
('5816781029', 'Alexander', 'Thompson', '2000-7-12', 'J950009407', '5956817620', 'Canadian', 'alexanderthompson62@gmail.com', 'Software Developer'),
('2219614200', 'Ethan', 'Thomas', '2004-10-25', 'O561542389', '4227006212', 'Canadian', 'ethanthomas64@gmail.com', 'Chemist'),
('5456005876', 'Ethan', 'Phillips', '1999-8-4', 'W777472735', '7014777308', 'Canadian', 'ethanphillips76@gmail.com', 'Translator'),
('7772532255', 'Lily', 'Hall', '1983-10-16', 'P152017728', '8111571858', 'Canadian', 'lilyhall15@gmail.com', 'Journalist'),
('1699202920', 'Amelia', 'Williams', '1970-7-3', 'Z044971163', '3054393297', 'Canadian', 'ameliawilliams57@gmail.com', 'Pilot'),
('5988056144', 'Isabella', 'Nelson', '1945-8-5', 'R432910745', '4315392667', 'Canadian', 'isabellanelson20@gmail.com', 'Graphic Designer'),
('4485217149', 'Isabella', 'Carter', '1984-2-8', 'I114420180', '9954093776', 'Canadian', 'isabellacarter85@gmail.com', 'Fashion Designer'),
('6418162824', 'Alexander', 'White', '1964-9-26', 'Z808654027', '9255502007', 'Canadian', 'alexanderwhite59@gmail.com', 'Photographer'),
('9919248082', 'Oliver', 'Baker', '1975-7-14', 'N254974860', '5526103102', 'Canadian', 'oliverbaker84@gmail.com', 'Marketing Manager'),
('1182408760', 'Grace', 'Davis', '1943-7-10', 'G844973234', '6117945141', 'Canadian', 'gracedavis73@gmail.com', 'HR Manager');

INSERT INTO Person VALUES
('0304731548', 'Victoria', 'Harris', '2000-1-24', 'O266970672', '8183891122', 'Canadian', 'victoriaharris83@gmail.com', 'Flight Attendant'),
('4871219911', 'Avery', 'Perez', '2007-10-16', 'I370922322', '9539149859', 'Canadian', 'averyperez42@gmail.com', 'Nurse'),
('8073547744', 'Sebastian', 'Jackson', '1962-4-22', 'H666292432', '7186022422', 'Canadian', 'sebastianjackson42@gmail.com', 'Waiter/Waitress'),
('9120812510', 'Matthew', 'Turner', '2015-10-18', 'A833586723', '6749407033', 'Canadian', 'matthewturner63@gmail.com', 'Economist'),
('2732540415', 'Isabella', 'Adams', '1981-10-25', 'U244484451', '3330255452', 'Canadian', 'isabellaadams32@gmail.com', 'Paramedic'),
('0681955813', 'James', 'Clark', '1999-7-7', 'I909476148', '6063593272', 'Canadian', 'jamesclark21@gmail.com', 'Financial Analyst'),
('1765750704', 'Abigail', 'Scott', '2020-5-4', 'R353115933', '9038756859', 'Canadian', 'abigailscott26@gmail.com', 'HR Manager'),
('0776829885', 'Sophia', 'Thompson', '2019-3-6', 'V968969040', '7435775478', 'Canadian', 'sophiathompson80@gmail.com', 'Plumber'),
('5740615916', 'Amelia', 'Carter', '2019-11-8', 'E976232090', '9148744607', 'Canadian', 'ameliacarter88@gmail.com', 'Biologist'),
('0204192927', 'Riley', 'Davis', '1999-5-8', 'W780565846', '6444616173', 'Canadian', 'rileydavis41@gmail.com', 'Meteorologist'),
('2128038056', 'Mason', 'Williams', '1974-3-19', 'K983729083', '4024791515', 'Canadian', 'masonwilliams42@gmail.com', 'Graphic Designer'),
('6490119626', 'Sophia', 'Jones', '1957-3-3', 'E052862128', '8948022889', 'Canadian', 'sophiajones98@gmail.com', 'Electrician'),
('2593334238', 'Madison', 'Moore', '1975-5-18', 'Z297978717', '7907273288', 'Canadian', 'madisonmoore27@gmail.com', 'Interior Designer'),
('4598457759', 'Olivia', 'Young', '1972-8-24', 'U117378222', '9389680452', 'Canadian', 'oliviayoung82@gmail.com', 'Dentist'),
('9902151853', 'Isabella', 'Parker', '1999-7-15', 'I421007756', '4302950152', 'Canadian', 'isabellaparker44@gmail.com', 'Social Worker'),
('2154860460', 'Ava', 'Martinez', '1995-3-5', 'T068500653', '6998913639', 'Canadian', 'avamartinez61@gmail.com', 'Accountant'),
('4861230803', 'Ava', 'Williams', '1976-11-20', 'O675710745', '7455088771', 'Canadian', 'avawilliams45@gmail.com', 'Artist'),
('0348319425', 'Aiden', 'Perez', '2000-4-17', 'F922658031', '8391250452', 'Canadian', 'aidenperez54@gmail.com', 'Sales Representative'),
('7278856415', 'Olivia', 'Nelson', '1964-6-10', 'O379865332', '3810938123', 'Canadian', 'olivianelson43@gmail.com', 'Chemist'),
('2490596162', 'Sofia', 'Gonzalez', '1971-4-16', 'I227428819', '6500480395', 'Canadian', 'sofiagonzalez72@gmail.com', 'Teacher'),
('4801152883', 'Matthew', 'Roberts', '2014-3-26', 'Y446690301', '6190931401', 'Canadian', 'matthewroberts74@gmail.com', 'Pharmacist'),
('6524526199', 'Samuel', 'Thompson', '1983-10-26', 'F051605958', '6993414607', 'Canadian', 'samuelthompson64@gmail.com', 'Carpenter'),
('7861366821', 'Carter', 'Perez', '2021-8-23', 'H670236992', '6402982232', 'Canadian', 'carterperez26@gmail.com', 'Engineer'),
('0341598106', 'Olivia', 'King', '1977-7-26', 'M953779782', '4047696315', 'Canadian', 'oliviaking91@gmail.com', 'Police Officer'),
('7940459085', 'Lucas', 'Evans', '1970-10-27', 'E414644333', '9979569062', 'Canadian', 'lucasevans22@gmail.com', 'Actor'),
('5771599265', 'Elizabeth', 'Allen', '2011-5-1', 'G476951375', '7113912813', 'Canadian', 'elizabethallen86@gmail.com', 'Marine Biologist'),
('4323716742', 'David', 'Adams', '1972-2-3', 'Z471928592', '6252689830', 'Canadian', 'davidadams24@gmail.com', 'Journalist'),
('1352823733', 'Victoria', 'Adams', '1969-6-22', 'G244871820', '2778739535', 'Canadian', 'victoriaadams13@gmail.com', 'Web Designer'),
('1267379347', 'James', 'Young', '1970-8-6', 'F514973171', '7914533541', 'Canadian', 'jamesyoung63@gmail.com', 'Translator'),
('8768124438', 'Aria', 'Allen', '1998-8-21', 'I198292328', '2846427087', 'Canadian', 'ariaallen89@gmail.com', 'Marketing Manager'),
('8797385795', 'Oliver', 'Jackson', '2023-7-21', 'Y180793204', '5801756793', 'Canadian', 'oliverjackson38@gmail.com', 'Geologist'),
('7823794112', 'Sebastian', 'Thomas', '1954-7-6', 'E451866378', '4313988755', 'Canadian', 'sebastianthomas34@gmail.com', 'Real Estate Agent'),
('7333262513', 'Henry', 'Nelson', '1952-11-18', 'A876385235', '9236639548', 'Canadian', 'henrynelson13@gmail.com', 'Psychologist'),
('2496322406', 'Lucas', 'Martinez', '1973-6-21', 'S914632179', '6430735933', 'Canadian', 'lucasmartinez33@gmail.com', 'Architect'),
('4034981294', 'Joseph', 'Harris', '1953-1-11', 'A131451118', '3124267391', 'Canadian', 'josephharris03@gmail.com', 'Fashion Designer'),
('0130487027', 'Mia', 'Lee', '1994-9-1', 'U521783073', '3968011691', 'Canadian', 'mialee12@gmail.com', 'Veterinarian'),
('9135494233', 'Samuel', 'Williams', '2013-8-21', 'U966088026', '3115867019', 'Canadian', 'samuelwilliams81@gmail.com', 'Software Developer'),
('2197446962', 'Lucas', 'Lee', '1981-10-1', 'A445089623', '6240317800', 'Canadian', 'lucaslee31@gmail.com', 'Fitness Trainer'),
('3814772084', 'Oliver', 'Carter', '2002-8-26', 'Z732845943', '2454282201', 'Canadian', 'olivercarter06@gmail.com', 'Librarian'),
('7550425286', 'Ava', 'Miller', '1962-7-24', 'B191025761', '3498848880', 'Canadian', 'avamiller30@gmail.com', 'Lawyer');

INSERT INTO Person VALUES
('1941208331', 'Michael', 'Hill', '1989-6-23', 'E408235212', '9728331772', 'Canadian', 'michaelhill58@gmail.com', 'Photographer'),
('9506806257', 'Samuel', 'Garcia', '1942-5-5', 'Z691430899', '9197775363', 'Canadian', 'samuelgarcia43@gmail.com', 'Veterinarian'),
('7234224893', 'Henry', 'Martin', '2003-11-26', 'M317607860', '5857191340', 'Canadian', 'henrymartin62@gmail.com', 'Paramedic'),
('7141395572', 'Ella', 'Campbell', '1945-11-2', 'G120203474', '5385669780', 'Canadian', 'ellacampbell53@gmail.com', 'Doctor'),
('1725668645', 'Matthew', 'Young', '2020-7-9', 'Y275290918', '4077462242', 'Canadian', 'matthewyoung01@gmail.com', 'Librarian'),
('3022670114', 'Lucas', 'Wright', '1968-6-19', 'G613584114', '5647516429', 'Canadian', 'lucaswright19@gmail.com', 'Biologist'),
('3728829105', 'Isabella', 'Miller', '1984-4-11', 'A997898299', '8194583944', 'Canadian', 'isabellamiller61@gmail.com', 'Interior Designer'),
('9493763584', 'Ethan', 'Lewis', '1941-7-22', 'I894323503', '9918181888', 'Canadian', 'ethanlewis16@gmail.com', 'Police Officer'),
('2417122923', 'Oliver', 'Jackson', '1964-6-18', 'A732316940', '4477398793', 'Canadian', 'oliverjackson56@gmail.com', 'Real Estate Agent'),
('8151793682', 'Mason', 'Scott', '1988-7-21', 'C108253650', '2015509088', 'Canadian', 'masonscott00@gmail.com', 'Nurse'),
('1412689084', 'Sophia', 'Gonzalez', '1957-11-27', 'L110406356', '4137236121', 'Canadian', 'sophiagonzalez11@gmail.com', 'Chemist'),
('2369700059', 'Matthew', 'Hall', '1967-5-26', 'W605371549', '2337888969', 'Canadian', 'matthewhall90@gmail.com', 'Engineer'),
('6741457672', 'Joseph', 'Mitchell', '2003-3-10', 'D532286473', '9000676603', 'Canadian', 'josephmitchell84@gmail.com', 'Accountant'),
('7003484987', 'Carter', 'White', '2000-9-26', 'Q402354603', '2462478726', 'Canadian', 'carterwhite24@gmail.com', 'Translator'),
('6111729254', 'Evelyn', 'Lewis', '1977-4-18', 'P380540534', '9785592770', 'Canadian', 'evelynlewis58@gmail.com', 'Marine Biologist'),
('5812533099', 'Aiden', 'Carter', '1966-7-17', 'K726150688', '3060551131', 'Canadian', 'aidencarter79@gmail.com', 'Actor'),
('6894410176', 'Daniel', 'Green', '2008-5-24', 'U241359284', '4670024791', 'Canadian', 'danielgreen81@gmail.com', 'Marketing Manager'),
('5025932156', 'Victoria', 'Mitchell', '1947-2-19', 'G848125588', '6502517119', 'Canadian', 'victoriamitchell01@gmail.com', 'Electrician'),
('2062687888', 'Aiden', 'Clark', '2018-9-15', 'M542269945', '6309760148', 'Canadian', 'aidenclark39@gmail.com', 'Artist'),
('6017291583', 'Lucas', 'Thomas', '2007-1-1', 'A192798006', '9895900381', 'Canadian', 'lucasthomas86@gmail.com', 'Fashion Designer'),
('1838395198', 'Olivia', 'Wright', '1974-6-13', 'O832338472', '7254801687', 'Canadian', 'oliviawright80@gmail.com', 'Construction Worker'),
('6381494826', 'Sophia', 'Wilson', '1946-9-17', 'W113204789', '3791558435', 'Canadian', 'sophiawilson89@gmail.com', 'Meteorologist'),
('0758897617', 'Logan', 'Harris', '2017-8-3', 'E155612880', '4922189581', 'Canadian', 'loganharris06@gmail.com', 'Fitness Trainer'),
('1437617684', 'Daniel', 'Jackson', '1984-9-19', 'Y178559056', '4615796843', 'Canadian', 'danieljackson86@gmail.com', 'Web Designer'),
('7286605123', 'Sophia', 'Wright', '1950-7-13', 'V736657283', '9857162108', 'Canadian', 'sophiawright10@gmail.com', 'Pharmacist'),
('4477627756', 'Abigail', 'Hill', '1972-11-12', 'T096648988', '6160162586', 'Canadian', 'abigailhill24@gmail.com', 'Journalist'),
('5903005287', 'Olivia', 'Baker', '1997-8-9', 'D184744219', '9281766842', 'Canadian', 'oliviabaker21@gmail.com', 'Social Worker'),
('5821185036', 'Victoria', 'Carter', '1945-8-16', 'T584421696', '8126665475', 'Canadian', 'victoriacarter71@gmail.com', 'Geologist'),
('6103425184', 'Aria', 'Thompson', '1975-6-9', 'M711781540', '5437034717', 'Canadian', 'ariathompson69@gmail.com', 'Dentist'),
('6208351526', 'Alexander', 'Mitchell', '2016-10-21', 'D478439854', '9195038122', 'Canadian', 'alexandermitchell40@gmail.com', 'HR Manager'),
('2320360343', 'Harper', 'Harris', '1976-5-5', 'W404482254', '9048884766', 'Canadian', 'harperharris23@gmail.com', 'Financial Analyst'),
('5566955185', 'Mila', 'Thompson', '2012-1-15', 'S320307322', '6974017670', 'Canadian', 'milathompson82@gmail.com', 'Plumber'),
('7396175814', 'Victoria', 'Hall', '1998-7-22', 'X065102895', '7627494037', 'Canadian', 'victoriahall51@gmail.com', 'Teacher'),
('6337606937', 'Liam', 'Lee', '1956-10-27', 'A335265265', '5467678369', 'Canadian', 'liamlee65@gmail.com', 'Software Developer'),
('5101091349', 'Mason', 'Hill', '1983-4-20', 'K585448230', '3230074233', 'Canadian', 'masonhill03@gmail.com', 'Carpenter'),
('3290038713', 'Jackson', 'Gonzalez', '2022-2-17', 'U264232550', '8355805349', 'Canadian', 'jacksongonzalez73@gmail.com', 'Architect'),
('2714625655', 'Sofia', 'Miller', '1954-6-14', 'D451552810', '6000169597', 'Canadian', 'sofiamiller66@gmail.com', 'Lawyer'),
('9083880438', 'Avery', 'Hall', '2022-8-26', 'E678212788', '8040764139', 'Canadian', 'averyhall37@gmail.com', 'Chef'),
('9075522100', 'Avery', 'Hill', '1964-10-15', 'V351500613', '4828908135', 'Canadian', 'averyhill72@gmail.com', 'Economist'),
('0207915618', 'Sophia', 'Lopez', '1981-7-1', 'M563975370', '6967954522', 'Canadian', 'sophialopez19@gmail.com', 'Bartender');

INSERT INTO Person VALUES
('1505878532', 'Sofia', 'Nelson', '2014-1-1', 'G669338288', '2394213610', 'Canadian', 'sofianelson72@gmail.com', 'Marine Biologist'),
('7864671844', 'Carter', 'Robinson', '1957-4-5', 'J238715100', '4214617219', 'Canadian', 'carterrobinson56@gmail.com', 'Actor'),
('0950918878', 'Charlotte', 'Scott', '2021-7-20', 'U579166559', '3059361405', 'Canadian', 'charlottescott62@gmail.com', 'Pharmacist'),
('8459327756', 'Joseph', 'Robinson', '2018-5-8', 'Z158247373', '2305202310', 'Canadian', 'josephrobinson21@gmail.com', 'Electrician'),
('2501863642', 'Amelia', 'Adams', '1947-4-4', 'U834930447', '2282159629', 'Canadian', 'ameliaadams66@gmail.com', 'Social Worker'),
('8713403267', 'Jackson', 'Campbell', '2007-8-14', 'T264141358', '8005122647', 'Canadian', 'jacksoncampbell05@gmail.com', 'Accountant'),
('7387197336', 'Logan', 'Garcia', '2010-5-10', 'D961880983', '5470000615', 'Canadian', 'logangarcia78@gmail.com', 'Veterinarian'),
('3026663744', 'Henry', 'Wright', '1958-5-25', 'F927028330', '7556697036', 'Canadian', 'henrywright99@gmail.com', 'Journalist'),
('6218900298', 'Evelyn', 'Baker', '1967-6-27', 'F291979900', '2829534842', 'Canadian', 'evelynbaker20@gmail.com', 'Dentist'),
('8567982037', 'Charlotte', 'Roberts', '1999-9-8', 'D671163657', '2461784798', 'Canadian', 'charlotteroberts80@gmail.com', 'Flight Attendant'),
('8558215119', 'Mason', 'Rodriguez', '1996-11-21', 'Z357180590', '8196047123', 'Canadian', 'masonrodriguez89@gmail.com', 'Nurse'),
('8355006755', 'Chloe', 'Garcia', '2002-8-15', 'X213539138', '3394962655', 'Canadian', 'chloegarcia53@gmail.com', 'Police Officer'),
('5101719368', 'Chloe', 'Robinson', '1995-11-9', 'P456401528', '9040283502', 'Canadian', 'chloerobinson92@gmail.com', 'Photographer'),
('2832491020', 'Scarlett', 'Campbell', '2016-3-8', 'T528992683', '4839677405', 'Canadian', 'scarlettcampbell55@gmail.com', 'Pilot'),
('8279377933', 'Isabella', 'Edwards', '1969-9-20', 'D669708611', '5316961436', 'Canadian', 'isabellaedwards12@gmail.com', 'Translator'),
('2138280406', 'Ava', 'Adams', '1953-10-26', 'J774957976', '6892735700', 'Canadian', 'avaadams57@gmail.com', 'Teacher'),
('3759006262', 'Jackson', 'Jackson', '1988-2-1', 'T356286678', '6708301895', 'Canadian', 'jacksonjackson92@gmail.com', 'Doctor'),
('7947374657', 'Alexander', 'Martin', '1984-8-8', 'W652815102', '3373896851', 'Canadian', 'alexandermartin45@gmail.com', 'Mechanic'),
('4957309614', 'Carter', 'Phillips', '1977-3-26', 'M022616451', '6713557522', 'Canadian', 'carterphillips68@gmail.com', 'Construction Worker'),
('1896074604', 'David', 'Jackson', '1987-7-15', 'H097301077', '7251745085', 'Canadian', 'davidjackson08@gmail.com', 'Sales Representative'),
('2111558385', 'Sebastian', 'Wilson', '2007-1-26', 'K030786782', '3890737579', 'Canadian', 'sebastianwilson69@gmail.com', 'Fashion Designer'),
('0864973267', 'Sophia', 'Carter', '2004-11-20', 'X313019002', '7272639165', 'Canadian', 'sophiacarter81@gmail.com', 'Real Estate Agent'),
('5267309871', 'Oliver', 'Campbell', '2008-2-27', 'T552688393', '6148617190', 'Canadian', 'olivercampbell50@gmail.com', 'Writer'),
('4609387889', 'Carter', 'Baker', '1974-9-17', 'M666232312', '7578694839', 'Canadian', 'carterbaker96@gmail.com', 'Geologist'),
('7374090140', 'Amelia', 'Moore', '1969-3-5', 'A615809311', '9300800323', 'Canadian', 'ameliamoore26@gmail.com', 'Biologist'),
('4658338475', 'Carter', 'Wright', '1968-1-6', 'H542967862', '4562799728', 'Canadian', 'carterwright18@gmail.com', 'Chef'),
('4326566250', 'David', 'Taylor', '2019-11-9', 'K551998592', '6474896795', 'Canadian', 'davidtaylor24@gmail.com', 'Carpenter'),
('4595384037', 'Sophia', 'Hall', '1949-4-8', 'I257770755', '9304693482', 'Canadian', 'sophiahall52@gmail.com', 'HR Manager'),
('1023717835', 'Olivia', 'Wright', '1947-1-19', 'E409553179', '4316032152', 'Canadian', 'oliviawright03@gmail.com', 'Librarian'),
('1346073439', 'Henry', 'Carter', '1979-4-17', 'K227132651', '2215851411', 'Canadian', 'henrycarter84@gmail.com', 'Paramedic'),
('2194541688', 'Emma', 'Smith', '2008-6-6', 'S096379374', '6102248532', 'Canadian', 'emmasmith71@gmail.com', 'Financial Analyst'),
('1203346636', 'Charlotte', 'White', '1982-1-22', 'T309940612', '8721178942', 'Canadian', 'charlottewhite95@gmail.com', 'Architect'),
('9199468968', 'Avery', 'Parker', '1996-7-12', 'D420081305', '9857544330', 'Canadian', 'averyparker04@gmail.com', 'Chemist'),
('9847121973', 'Benjamin', 'Miller', '2001-3-23', 'U837871182', '3810944124', 'Canadian', 'benjaminmiller97@gmail.com', 'Graphic Designer'),
('2548422980', 'Joseph', 'Thompson', '1972-5-21', 'B181586394', '8798909602', 'Canadian', 'josephthompson92@gmail.com', 'Economist'),
('0799260982', 'Henry', 'Lee', '1981-10-9', 'W489469857', '7632573085', 'Canadian', 'henrylee65@gmail.com', 'Waiter/Waitress'),
('3636179705', 'Aria', 'Parker', '2005-7-4', 'V768632540', '7212680755', 'Canadian', 'ariaparker99@gmail.com', 'Bartender'),
('5075962471', 'Sophia', 'Taylor', '1973-10-27', 'N583969824', '8220976851', 'Canadian', 'sophiataylor91@gmail.com', 'Web Designer'),
('8472506615', 'Mia', 'Campbell', '2023-2-19', 'Z528838711', '8623236038', 'Canadian', 'miacampbell75@gmail.com', 'Psychologist'),
('8702480659', 'Isabella', 'Mitchell', '1966-9-12', 'W716312305', '5273706597', 'Canadian', 'isabellamitchell62@gmail.com', 'Plumber');

INSERT INTO Person VALUES
('7275010549', 'Daniel', 'Brown', '2003-2-10', 'R892873836', '5554979751', 'Canadian', 'danielbrown08@gmail.com', 'Graphic Designer'),
('7537411609', 'Elizabeth', 'Taylor', '2012-9-7', 'B636613771', '2788082054', 'Canadian', 'elizabethtaylor31@gmail.com', 'Doctor'),
('9057073701', 'Grace', 'Miller', '1997-8-22', 'W781442093', '8511474322', 'Canadian', 'gracemiller76@gmail.com', 'Interior Designer'),
('7084468251', 'Victoria', 'Brown', '1984-6-25', 'B850523139', '5087563883', 'Canadian', 'victoriabrown49@gmail.com', 'Carpenter'),
('6609018578', 'Jacob', 'Campbell', '1997-4-21', 'S922295807', '7186758355', 'Canadian', 'jacobcampbell99@gmail.com', 'Plumber'),
('2058110287', 'Aiden', 'Hill', '1953-10-15', 'V965957390', '3057634842', 'Canadian', 'aidenhill84@gmail.com', 'Electrician'),
('2506440306', 'Benjamin', 'Moore', '1998-6-7', 'M286270314', '8166898519', 'Canadian', 'benjaminmoore83@gmail.com', 'Pharmacist'),
('8420678606', 'Harper', 'Roberts', '1957-7-13', 'J127578800', '6387967541', 'Canadian', 'harperroberts60@gmail.com', 'Chef'),
('9816483354', 'Carter', 'Davis', '1964-3-10', 'R374477899', '2775198613', 'Canadian', 'carterdavis86@gmail.com', 'Veterinarian'),
('9143488864', 'Elizabeth', 'Turner', '1951-3-2', 'M009652025', '5743297407', 'Canadian', 'elizabethturner38@gmail.com', 'Pilot'),
('2438254064', 'Olivia', 'Anderson', '1984-1-22', 'P693227615', '2878305999', 'Canadian', 'oliviaanderson23@gmail.com', 'Psychologist'),
('5303969822', 'Ella', 'Lee', '2007-5-8', 'I245432438', '8082599959', 'Canadian', 'ellalee50@gmail.com', 'Construction Worker'),
('2612459397', 'William', 'Scott', '1977-1-2', 'O072434053', '8730227356', 'Canadian', 'williamscott00@gmail.com', 'Architect'),
('5999328014', 'Henry', 'White', '1975-11-24', 'H866517463', '8741792999', 'Canadian', 'henrywhite02@gmail.com', 'Economist'),
('2490331145', 'Evelyn', 'Jackson', '2023-10-20', 'X234519342', '9849562377', 'Canadian', 'evelynjackson27@gmail.com', 'Mechanic'),
('4056598173', 'Emily', 'Carter', '1967-5-14', 'F148878273', '6128040619', 'Canadian', 'emilycarter12@gmail.com', 'Real Estate Agent'),
('2825065872', 'Ava', 'Harris', '1986-9-2', 'V944421365', '6134056180', 'Canadian', 'avaharris42@gmail.com', 'Paramedic'),
('4728061278', 'Emma', 'Hall', '2015-8-18', 'U052438619', '5013162083', 'Canadian', 'emmahall33@gmail.com', 'Lawyer'),
('8946759930', 'Harper', 'Gonzalez', '2008-7-1', 'N899021580', '5438967011', 'Canadian', 'harpergonzalez97@gmail.com', 'Engineer'),
('5677464228', 'Elizabeth', 'Gonzalez', '1957-4-5', 'S016307473', '3760012882', 'Canadian', 'elizabethgonzalez54@gmail.com', 'Fashion Designer'),
('8203767699', 'Samuel', 'White', '1971-4-2', 'O650246189', '4743468182', 'Canadian', 'samuelwhite09@gmail.com', 'Sales Representative'),
('6066832189', 'Daniel', 'Carter', '2013-7-6', 'P381819147', '7522779257', 'Canadian', 'danielcarter65@gmail.com', 'Chemist'),
('8886900233', 'Emma', 'Davis', '2017-9-23', 'Y622874708', '8298884160', 'Canadian', 'emmadavis38@gmail.com', 'Writer'),
('2903513929', 'Benjamin', 'Parker', '1980-3-12', 'A837713514', '8702907408', 'Canadian', 'benjaminparker40@gmail.com', 'Police Officer'),
('0427718933', 'Avery', 'Smith', '1956-7-23', 'Q655931774', '7989275097', 'Canadian', 'averysmith23@gmail.com', 'HR Manager'),
('2694212508', 'Henry', 'Garcia', '1952-4-26', 'B024072110', '6415678402', 'Canadian', 'henrygarcia97@gmail.com', 'Meteorologist'),
('6193775715', 'Mason', 'Evans', '2007-7-19', 'G102642630', '6125797156', 'Canadian', 'masonevans46@gmail.com', 'Nurse'),
('0318317759', 'Logan', 'Martinez', '1959-1-14', 'E941228147', '8389519233', 'Canadian', 'loganmartinez30@gmail.com', 'Financial Analyst'),
('6676829233', 'Elizabeth', 'Smith', '2006-4-8', 'P470291109', '2987325141', 'Canadian', 'elizabethsmith24@gmail.com', 'Marketing Manager'),
('3400243672', 'Noah', 'Johnson', '1994-1-19', 'M091212569', '5123313626', 'Canadian', 'noahjohnson29@gmail.com', 'Waiter/Waitress'),
('4204650741', 'Ethan', 'Hall', '1953-8-17', 'I091516078', '4356210210', 'Canadian', 'ethanhall25@gmail.com', 'Software Developer'),
('4320665724', 'Grace', 'White', '1973-6-14', 'L613119515', '5574998333', 'Canadian', 'gracewhite78@gmail.com', 'Flight Attendant'),
('6392397178', 'Ethan', 'Parker', '1966-1-5', 'L609040839', '5842896791', 'Canadian', 'ethanparker38@gmail.com', 'Accountant'),
('0634685889', 'Ella', 'Parker', '2001-5-6', 'I402695310', '4497289162', 'Canadian', 'ellaparker05@gmail.com', 'Fitness Trainer'),
('8916068486', 'Isabella', 'Carter', '1955-8-14', 'U846513665', '7166781157', 'Canadian', 'isabellacarter29@gmail.com', 'Journalist'),
('8571667966', 'Jacob', 'Anderson', '1950-8-16', 'O738657686', '9006283887', 'Canadian', 'jacobanderson90@gmail.com', 'Artist'),
('1408667027', 'Daniel', 'Baker', '1991-6-24', 'M149697135', '7588773294', 'Canadian', 'danielbaker49@gmail.com', 'Librarian'),
('0209378488', 'Liam', 'Nelson', '2004-3-21', 'C695845275', '8877044215', 'Canadian', 'liamnelson14@gmail.com', 'Geologist'),
('1551084002', 'Avery', 'Nelson', '2023-2-20', 'K089256356', '6575443954', 'Canadian', 'averynelson22@gmail.com', 'Translator'),
('9572275922', 'Ethan', 'Smith', '1979-8-11', 'N278089367', '9155685449', 'Canadian', 'ethansmith65@gmail.com', 'Bartender');

INSERT INTO Person VALUES
('4825911318', 'Harper', 'White', '1997-8-2', 'B629236913', '6402420368', 'Canadian', 'harperwhite93@gmail.com', 'Artist'),
('2091381428', 'Henry', 'Smith', '2021-7-9', 'X355230227', '4329851461', 'Canadian', 'henrysmith88@gmail.com', 'Doctor'),
('3356066840', 'Grace', 'Hall', '2016-2-19', 'G954026102', '6772006358', 'Canadian', 'gracehall96@gmail.com', 'Interior Designer'),
('7090717763', 'Samuel', 'Miller', '2001-10-1', 'Q076374693', '7406336971', 'Canadian', 'samuelmiller27@gmail.com', 'Dentist'),
('7452834612', 'Grace', 'Edwards', '1974-11-11', 'L172205293', '8731604420', 'Canadian', 'graceedwards56@gmail.com', 'Construction Worker'),
('0205155706', 'Daniel', 'Wilson', '1996-10-13', 'E151351263', '2143874493', 'Canadian', 'danielwilson78@gmail.com', 'Web Designer'),
('5176283972', 'David', 'Garcia', '2002-4-5', 'L014235851', '3222099961', 'Canadian', 'davidgarcia00@gmail.com', 'Pharmacist'),
('3351202478', 'Avery', 'Lewis', '1946-11-23', 'H128086108', '7849118511', 'Canadian', 'averylewis45@gmail.com', 'Paramedic'),
('6068555105', 'Chloe', 'Wilson', '1986-9-4', 'H443814684', '7526760140', 'Canadian', 'chloewilson23@gmail.com', 'Social Worker'),
('2948747446', 'Ethan', 'Martin', '1971-8-5', 'Y005272653', '2037606214', 'Canadian', 'ethanmartin09@gmail.com', 'Meteorologist'),
('9787442416', 'Avery', 'Garcia', '2019-11-22', 'N951831444', '7520829304', 'Canadian', 'averygarcia97@gmail.com', 'Bartender'),
('7275898733', 'Jackson', 'Harris', '1964-7-25', 'S945096577', '5049280147', 'Canadian', 'jacksonharris19@gmail.com', 'Economist'),
('0293770067', 'Liam', 'Mitchell', '1999-4-25', 'S891791232', '9758109861', 'Canadian', 'liammitchell00@gmail.com', 'Lawyer'),
('8867956372', 'Liam', 'Garcia', '2012-1-16', 'M228525954', '9612028495', 'Canadian', 'liamgarcia90@gmail.com', 'Photographer'),
('0624933378', 'Grace', 'Wright', '1971-9-8', 'U792858683', '2383528488', 'Canadian', 'gracewright14@gmail.com', 'Marketing Manager'),
('8648048052', 'Matthew', 'Scott', '2002-9-13', 'X168691924', '6943857841', 'Canadian', 'matthewscott76@gmail.com', 'Chemist'),
('9928416607', 'Evelyn', 'Wilson', '2016-11-9', 'G820416406', '5625176249', 'Canadian', 'evelynwilson95@gmail.com', 'Pilot'),
('3755473873', 'Alexander', 'Parker', '1945-1-26', 'X769046093', '6296543679', 'Canadian', 'alexanderparker87@gmail.com', 'Sales Representative'),
('8117061329', 'Harper', 'Roberts', '1996-11-22', 'L758125786', '6688193308', 'Canadian', 'harperroberts33@gmail.com', 'Software Developer'),
('6108704052', 'Logan', 'Gonzalez', '1987-5-18', 'Y731293158', '3485983096', 'Canadian', 'logangonzalez94@gmail.com', 'Police Officer'),
('6363602708', 'Joseph', 'Miller', '1962-2-16', 'K123800062', '3055924400', 'Canadian', 'josephmiller57@gmail.com', 'Writer'),
('6626360473', 'Jacob', 'Lewis', '2007-11-26', 'D734762753', '2119845513', 'Canadian', 'jacoblewis47@gmail.com', 'Chef'),
('0186072937', 'Lily', 'Wilson', '1977-1-17', 'S052952241', '8124622322', 'Canadian', 'lilywilson73@gmail.com', 'Fitness Trainer'),
('8240463454', 'Sophia', 'Jones', '1986-5-5', 'D001914230', '5410485771', 'Canadian', 'sophiajones05@gmail.com', 'Waiter/Waitress'),
('0520041483', 'Michael', 'Harris', '1966-5-2', 'W788748377', '5702000064', 'Canadian', 'michaelharris42@gmail.com', 'Flight Attendant'),
('5844878132', 'Ethan', 'Young', '1990-2-7', 'J976520477', '3176825590', 'Canadian', 'ethanyoung82@gmail.com', 'Psychologist'),
('5098566686', 'Matthew', 'Williams', '1996-7-2', 'U644646335', '2010722903', 'Canadian', 'matthewwilliams38@gmail.com', 'Carpenter'),
('8841448660', 'Sophia', 'Evans', '1943-9-26', 'L899800487', '3835512433', 'Canadian', 'sophiaevans68@gmail.com', 'Graphic Designer'),
('4055516388', 'Ella', 'Garcia', '1979-2-27', 'T299508650', '9961544283', 'Canadian', 'ellagarcia39@gmail.com', 'Electrician'),
('2465798930', 'Madison', 'Roberts', '1966-7-27', 'R726204882', '6497941081', 'Canadian', 'madisonroberts21@gmail.com', 'Real Estate Agent'),
('5348037625', 'Elizabeth', 'Walker', '1997-1-2', 'U682743417', '7467842116', 'Canadian', 'elizabethwalker90@gmail.com', 'Financial Analyst'),
('6083630317', 'Alexander', 'Brown', '1985-10-3', 'E457213094', '7408216104', 'Canadian', 'alexanderbrown95@gmail.com', 'Accountant'),
('9477361371', 'Isabella', 'Campbell', '1968-9-4', 'Q515568010', '5270343675', 'Canadian', 'isabellacampbell76@gmail.com', 'Journalist'),
('8009788027', 'Aiden', 'Adams', '1998-11-10', 'L216953035', '4378529235', 'Canadian', 'aidenadams14@gmail.com', 'Architect'),
('0121922164', 'Joseph', 'Scott', '1998-9-23', 'Q856578570', '6400254692', 'Canadian', 'josephscott92@gmail.com', 'Mechanic'),
('0785541846', 'William', 'Turner', '1976-7-11', 'Y364559008', '2380744540', 'Canadian', 'williamturner57@gmail.com', 'Geologist'),
('6183352962', 'Aiden', 'Green', '1941-7-9', 'N028297576', '4884391371', 'Canadian', 'aidengreen98@gmail.com', 'Librarian'),
('6815328418', 'Evelyn', 'Walker', '1984-7-21', 'X122810135', '8161835261', 'Canadian', 'evelynwalker42@gmail.com', 'Veterinarian'),
('7585516843', 'Samuel', 'Anderson', '2007-6-3', 'C549638841', '2159020412', 'Canadian', 'samuelanderson27@gmail.com', 'Fashion Designer'),
('5107885382', 'Evelyn', 'Roberts', '2004-11-8', 'J606125117', '3570178302', 'Canadian', 'evelynroberts64@gmail.com', 'HR Manager');

INSERT INTO Person VALUES
('8485750468', 'Mason', 'Phillips', '2023-3-20', 'U415441976', '6317664292', 'Canadian', 'masonphillips38@gmail.com', 'Artist'),
('1050044666', 'Riley', 'Roberts', '2004-8-16', 'U293566534', '5537466302', 'Canadian', 'rileyroberts93@gmail.com', 'Carpenter'),
('4833183602', 'Madison', 'White', '2000-10-23', 'X373882186', '3629094415', 'Canadian', 'madisonwhite18@gmail.com', 'Electrician'),
('4090730788', 'Scarlett', 'Allen', '1987-7-6', 'O863520274', '4604187883', 'Canadian', 'scarlettallen87@gmail.com', 'Sales Representative'),
('3751729573', 'Lily', 'Jones', '2005-5-17', 'T928588983', '4839850496', 'Canadian', 'lilyjones94@gmail.com', 'Financial Analyst'),
('1693078611', 'Benjamin', 'Campbell', '1987-4-14', 'T885897743', '6840367520', 'Canadian', 'benjamincampbell99@gmail.com', 'Biologist'),
('4459963520', 'Sofia', 'Martinez', '1978-6-5', 'T892792519', '2383330193', 'Canadian', 'sofiamartinez66@gmail.com', 'Dentist'),
('8123317257', 'Michael', 'Lopez', '2014-9-5', 'Y091825919', '5004137354', 'Canadian', 'michaellopez12@gmail.com', 'Photographer'),
('1204965848', 'Sebastian', 'Lopez', '1970-3-27', 'I197447343', '5050943739', 'Canadian', 'sebastianlopez50@gmail.com', 'Accountant'),
('7617955867', 'Grace', 'Perez', '2023-8-21', 'B775483033', '7990962821', 'Canadian', 'graceperez00@gmail.com', 'Web Designer'),
('8428725921', 'Sebastian', 'Martinez', '1964-1-24', 'G979222258', '2529955921', 'Canadian', 'sebastianmartinez74@gmail.com', 'Writer'),
('8036760738', 'Mila', 'Hill', '2007-9-14', 'T089834782', '3624157767', 'Canadian', 'milahill24@gmail.com', 'Nurse'),
('6154001605', 'Matthew', 'Campbell', '1964-2-15', 'R508166705', '2934990729', 'Canadian', 'matthewcampbell71@gmail.com', 'Veterinarian'),
('9698054341', 'Daniel', 'Hall', '2004-3-5', 'K171297840', '3887401220', 'Canadian', 'danielhall46@gmail.com', 'Marketing Manager'),
('1042789566', 'Emma', 'Robinson', '1991-2-12', 'U247924409', '7117428100', 'Canadian', 'emmarobinson64@gmail.com', 'Waiter/Waitress'),
('3899293528', 'Mason', 'Lopez', '1980-1-12', 'V052939191', '8079138900', 'Canadian', 'masonlopez00@gmail.com', 'HR Manager'),
('2665243329', 'Henry', 'Martinez', '1956-2-9', 'X045406127', '6680657344', 'Canadian', 'henrymartinez82@gmail.com', 'Pharmacist'),
('4932450357', 'Lucas', 'White', '1957-11-3', 'W062635071', '3262597300', 'Canadian', 'lucaswhite66@gmail.com', 'Architect'),
('2612781795', 'Joseph', 'Parker', '1982-5-16', 'M068402889', '3671643531', 'Canadian', 'josephparker37@gmail.com', 'Geologist'),
('9679274052', 'David', 'Carter', '1970-9-18', 'L279907037', '7540596524', 'Canadian', 'davidcarter01@gmail.com', 'Chemist'),
('5827394381', 'Alexander', 'King', '2014-10-16', 'G499696714', '4044538131', 'Canadian', 'alexanderking38@gmail.com', 'Teacher'),
('2913034714', 'Sofia', 'Roberts', '2008-7-6', 'W316421199', '3272614223', 'Canadian', 'sofiaroberts49@gmail.com', 'Librarian'),
('1482895944', 'Emily', 'Miller', '2015-1-19', 'Y765006814', '3561515703', 'Canadian', 'emilymiller70@gmail.com', 'Bartender'),
('7148872193', 'Alexander', 'Roberts', '1965-7-2', 'R316948323', '4184895373', 'Canadian', 'alexanderroberts07@gmail.com', 'Fitness Trainer'),
('5060770902', 'Grace', 'Smith', '1948-5-5', 'M596339667', '7428135924', 'Canadian', 'gracesmith69@gmail.com', 'Journalist'),
('0654635754', 'Isabella', 'Lopez', '2010-3-9', 'J057212006', '9167356712', 'Canadian', 'isabellalopez64@gmail.com', 'Actor'),
('4973132158', 'Olivia', 'Evans', '1988-1-11', 'N665989036', '9396221804', 'Canadian', 'oliviaevans50@gmail.com', 'Police Officer'),
('1560354651', 'Evelyn', 'Moore', '1980-8-7', 'G996346464', '5861640308', 'Canadian', 'evelynmoore55@gmail.com', 'Chef'),
('3702899566', 'Noah', 'Williams', '2023-3-9', 'U091298914', '6379067367', 'Canadian', 'noahwilliams46@gmail.com', 'Software Developer'),
('4393663594', 'Scarlett', 'Miller', '2019-9-3', 'N577042273', '8889942509', 'Canadian', 'scarlettmiller85@gmail.com', 'Social Worker'),
('7293164981', 'Jacob', 'Walker', '1984-1-9', 'L835490414', '5384234402', 'Canadian', 'jacobwalker00@gmail.com', 'Meteorologist'),
('4463920890', 'Sebastian', 'Hernandez', '1958-5-25', 'L356486066', '5359792872', 'Canadian', 'sebastianhernandez13@gmail.com', 'Lawyer'),
('3224057396', 'Mia', 'Hernandez', '1971-8-26', 'H721180216', '4464814813', 'Canadian', 'miahernandez46@gmail.com', 'Interior Designer'),
('5249847861', 'Noah', 'Harris', '2001-9-9', 'T953264166', '5095647622', 'Canadian', 'noahharris63@gmail.com', 'Paramedic'),
('3880863379', 'Grace', 'Gonzalez', '1943-11-20', 'U425436631', '4553135758', 'Canadian', 'gracegonzalez11@gmail.com', 'Psychologist'),
('6835048556', 'Chloe', 'Phillips', '1972-8-15', 'W229893175', '3574794456', 'Canadian', 'chloephillips51@gmail.com', 'Doctor'),
('4721166772', 'Abigail', 'Miller', '1988-2-2', 'K012700695', '3093114294', 'Canadian', 'abigailmiller89@gmail.com', 'Plumber'),
('3448446601', 'Alexander', 'Hill', '2009-10-26', 'N075168449', '7447684369', 'Canadian', 'alexanderhill98@gmail.com', 'Flight Attendant'),
('5400718100', 'Oliver', 'Scott', '1943-8-11', 'P046052078', '5777722894', 'Canadian', 'oliverscott83@gmail.com', 'Construction Worker'),
('9716781233', 'Elizabeth', 'Baker', '1951-10-11', 'P700949507', '8256113544', 'Canadian', 'elizabethbaker32@gmail.com', 'Mechanic');

INSERT INTO Person VALUES
('0336211324', 'Sofia', 'Moore', '1947-1-2', 'N883363991', '4178158917', 'Canadian', 'sofiamoore09@gmail.com', 'Lawyer'),
('1108039217', 'Jackson', 'Wilson', '1973-1-7', 'E033529347', '4278907625', 'Canadian', 'jacksonwilson70@gmail.com', 'Web Designer'),
('6170022529', 'Noah', 'Evans', '1956-9-12', 'P880471448', '8808497368', 'Canadian', 'noahevans03@gmail.com', 'Carpenter'),
('3584397276', 'Scarlett', 'Davis', '1981-6-20', 'D546546729', '7855789488', 'Canadian', 'scarlettdavis65@gmail.com', 'Financial Analyst'),
('3292888130', 'David', 'Taylor', '1958-10-3', 'L799359185', '6982491933', 'Canadian', 'davidtaylor92@gmail.com', 'Electrician'),
('8733683533', 'James', 'Brown', '1978-5-2', 'W858818299', '9531506614', 'Canadian', 'jamesbrown77@gmail.com', 'Graphic Designer'),
('1989566364', 'Aria', 'Green', '1961-2-11', 'K426164676', '8389021639', 'Canadian', 'ariagreen44@gmail.com', 'Real Estate Agent'),
('7399525127', 'Isabella', 'Lopez', '2008-3-3', 'E818588366', '2552338338', 'Canadian', 'isabellalopez45@gmail.com', 'Pilot'),
('3928321107', 'James', 'Williams', '1967-1-4', 'B120298858', '4664538821', 'Canadian', 'jameswilliams47@gmail.com', 'Journalist'),
('9360929592', 'Carter', 'Green', '2012-10-13', 'B462671530', '5818965648', 'Canadian', 'cartergreen52@gmail.com', 'Writer'),
('4079330127', 'Alexander', 'Allen', '1945-2-12', 'T938264310', '8126179353', 'Canadian', 'alexanderallen93@gmail.com', 'Fitness Trainer'),
('9601327476', 'Abigail', 'Gonzalez', '1942-1-13', 'W990115234', '2573960520', 'Canadian', 'abigailgonzalez36@gmail.com', 'Biologist'),
('1249793075', 'Alexander', 'Phillips', '1974-9-27', 'O244990502', '3933631483', 'Canadian', 'alexanderphillips26@gmail.com', 'Marine Biologist'),
('8364727594', 'Ethan', 'Mitchell', '1946-8-15', 'L086180618', '5192625319', 'Canadian', 'ethanmitchell94@gmail.com', 'Economist'),
('1461325900', 'Mia', 'Miller', '1941-8-2', 'Q607356055', '6779834468', 'Canadian', 'miamiller00@gmail.com', 'Plumber'),
('4942953805', 'Sofia', 'Hill', '2010-5-4', 'Q103233364', '4222762232', 'Canadian', 'sofiahill00@gmail.com', 'Interior Designer'),
('0488013688', 'Chloe', 'Jackson', '1999-5-25', 'X889814656', '6502237063', 'Canadian', 'chloejackson48@gmail.com', 'HR Manager'),
('1773275854', 'Scarlett', 'Lewis', '2013-3-7', 'Y940632695', '4109238863', 'Canadian', 'scarlettlewis35@gmail.com', 'Artist'),
('7509746537', 'Ava', 'Carter', '1953-7-1', 'R774245142', '8092025822', 'Canadian', 'avacarter50@gmail.com', 'Accountant'),
('7906513972', 'Mila', 'Robinson', '1951-2-27', 'Z035831841', '2469514374', 'Canadian', 'milarobinson31@gmail.com', 'Librarian'),
('2549023490', 'Michael', 'King', '1946-7-17', 'W946452719', '9033749535', 'Canadian', 'michaelking56@gmail.com', 'Flight Attendant'),
('0133762294', 'Liam', 'Lopez', '1940-5-7', 'W138257075', '3379669613', 'Canadian', 'liamlopez64@gmail.com', 'Psychologist'),
('8997315806', 'Benjamin', 'Rodriguez', '1956-7-12', 'L437164077', '2105518521', 'Canadian', 'benjaminrodriguez42@gmail.com', 'Bartender'),
('4421127515', 'Mason', 'Walker', '1982-10-19', 'D276216067', '3127017872', 'Canadian', 'masonwalker03@gmail.com', 'Mechanic'),
('3570339851', 'Victoria', 'Phillips', '2023-8-18', 'O858072564', '6093996398', 'Canadian', 'victoriaphillips60@gmail.com', 'Actor'),
('5682958626', 'Madison', 'Edwards', '1968-4-22', 'S572525811', '7044722501', 'Canadian', 'madisonedwards31@gmail.com', 'Fashion Designer'),
('8170891388', 'Chloe', 'Robinson', '2019-6-15', 'I631709080', '5090541768', 'Canadian', 'chloerobinson58@gmail.com', 'Dentist'),
('6337985321', 'Liam', 'Clark', '1963-4-7', 'J664979139', '7269146731', 'Canadian', 'liamclark68@gmail.com', 'Sales Representative'),
('2400176442', 'Aiden', 'Phillips', '1978-8-13', 'L216826259', '8855026936', 'Canadian', 'aidenphillips54@gmail.com', 'Pharmacist'),
('7768578503', 'Sebastian', 'Moore', '1979-4-1', 'B724916618', '2393091941', 'Canadian', 'sebastianmoore00@gmail.com', 'Nurse'),
('5421239346', 'Riley', 'Baker', '2020-4-13', 'Q894237142', '5751834119', 'Canadian', 'rileybaker21@gmail.com', 'Engineer'),
('2738210664', 'Benjamin', 'Walker', '1945-10-15', 'H135855004', '7685198882', 'Canadian', 'benjaminwalker30@gmail.com', 'Construction Worker'),
('4311620556', 'Mason', 'Wright', '1947-2-25', 'Y709240497', '6624250166', 'Canadian', 'masonwright90@gmail.com', 'Teacher'),
('6673060443', 'Olivia', 'Green', '1973-1-27', 'Z558871930', '5872657247', 'Canadian', 'oliviagreen82@gmail.com', 'Software Developer'),
('2476981425', 'Mila', 'Thompson', '2017-3-27', 'P266089938', '4964225215', 'Canadian', 'milathompson76@gmail.com', 'Chef'),
('0675465834', 'Elizabeth', 'Hernandez', '1994-6-13', 'L053182915', '9347505245', 'Canadian', 'elizabethhernandez75@gmail.com', 'Geologist'),
('1746473832', 'Sophia', 'Perez', '1983-7-24', 'V819413831', '3961307306', 'Canadian', 'sophiaperez02@gmail.com', 'Waiter/Waitress'),
('1152181781', 'Elizabeth', 'Gonzalez', '2016-10-23', 'T881883540', '4656708971', 'Canadian', 'elizabethgonzalez76@gmail.com', 'Chemist'),
('2990921221', 'Mila', 'Edwards', '1940-3-10', 'B161506194', '4082214596', 'Canadian', 'milaedwards80@gmail.com', 'Social Worker'),
('8807727190', 'Olivia', 'Martinez', '1968-4-12', 'Q220395793', '4243134638', 'Canadian', 'oliviamartinez14@gmail.com', 'Paramedic');

INSERT INTO Person VALUES
('8314827285', 'Liam', 'Scott', '1986-11-21', 'D154013404', '2036748924', 'Canadian', 'liamscott86@gmail.com', 'Web Designer'),
('3476350484', 'Matthew', 'Gonzalez', '1966-11-9', 'S649406335', '4797217185', 'Canadian', 'matthewgonzalez60@gmail.com', 'Police Officer'),
('0158068160', 'Scarlett', 'Lewis', '1945-4-20', 'E124394007', '3944842556', 'Canadian', 'scarlettlewis05@gmail.com', 'Marine Biologist'),
('6524524470', 'Charlotte', 'Martin', '2007-2-20', 'N005146415', '7395925578', 'Canadian', 'charlottemartin49@gmail.com', 'Social Worker'),
('2839572720', 'Avery', 'Hernandez', '1994-9-24', 'H307403802', '8077793545', 'Canadian', 'averyhernandez27@gmail.com', 'Veterinarian'),
('1607846219', 'Emma', 'Robinson', '1991-10-13', 'U958227502', '3347794036', 'Canadian', 'emmarobinson54@gmail.com', 'Photographer'),
('5696558761', 'Oliver', 'Nelson', '1953-9-2', 'J200293567', '3012159982', 'Canadian', 'olivernelson01@gmail.com', 'Carpenter'),
('4955915330', 'Noah', 'Thompson', '2009-4-16', 'P257532514', '7320639167', 'Canadian', 'noahthompson85@gmail.com', 'Chef'),
('4587726958', 'Henry', 'White', '1984-9-9', 'W055573074', '7254481532', 'Canadian', 'henrywhite84@gmail.com', 'Mechanic'),
('3864390660', 'Matthew', 'White', '2017-2-5', 'Y119377664', '7819612118', 'Canadian', 'matthewwhite74@gmail.com', 'Economist'),
('1251295646', 'Mila', 'Garcia', '1954-11-4', 'W294104369', '6017351294', 'Canadian', 'milagarcia87@gmail.com', 'Nurse'),
('3855305082', 'Ella', 'Jones', '1947-5-24', 'M169438397', '7875008484', 'Canadian', 'ellajones57@gmail.com', 'Geologist'),
('5192653064', 'Noah', 'Mitchell', '1960-1-11', 'W099867122', '9000402904', 'Canadian', 'noahmitchell38@gmail.com', 'Electrician'),
('8606950035', 'Jacob', 'Jones', '2010-10-18', 'Q488173063', '6536723109', 'Canadian', 'jacobjones86@gmail.com', 'Graphic Designer'),
('9977353156', 'David', 'Lopez', '1968-7-5', 'U057909149', '3683506915', 'Canadian', 'davidlopez04@gmail.com', 'Journalist'),
('3575962594', 'Michael', 'Robinson', '1941-2-13', 'S763757549', '8402451334', 'Canadian', 'michaelrobinson84@gmail.com', 'Writer'),
('1192830010', 'Mia', 'Jones', '1948-2-4', 'Q043838976', '9429913695', 'Canadian', 'miajones55@gmail.com', 'Paramedic'),
('4207000240', 'Victoria', 'Phillips', '2014-6-23', 'W031535209', '4033875338', 'Canadian', 'victoriaphillips13@gmail.com', 'Waiter/Waitress'),
('0295498614', 'Madison', 'White', '2011-3-27', 'O696108701', '7123386110', 'Canadian', 'madisonwhite18@gmail.com', 'Actor'),
('4535803125', 'Matthew', 'Taylor', '1982-5-11', 'V206518529', '9796922731', 'Canadian', 'matthewtaylor83@gmail.com', 'Fitness Trainer'),
('9310035396', 'Scarlett', 'Mitchell', '1987-8-24', 'A227485787', '6515165229', 'Canadian', 'scarlettmitchell33@gmail.com', 'Interior Designer'),
('4169271013', 'Evelyn', 'Thompson', '1977-3-20', 'C094756088', '2341728572', 'Canadian', 'evelynthompson25@gmail.com', 'Translator'),
('1932149226', 'Charlotte', 'Lopez', '2011-1-19', 'S692463547', '5420242790', 'Canadian', 'charlottelopez01@gmail.com', 'Real Estate Agent'),
('8766456369', 'William', 'Perez', '1997-3-24', 'U441953844', '6042927391', 'Canadian', 'williamperez44@gmail.com', 'Lawyer'),
('3735011537', 'James', 'Thompson', '1976-6-15', 'O492931563', '2905595428', 'Canadian', 'jamesthompson17@gmail.com', 'Artist'),
('0063418495', 'Michael', 'Turner', '1988-8-15', 'P480627300', '7494557124', 'Canadian', 'michaelturner39@gmail.com', 'Pharmacist'),
('1073991098', 'Alexander', 'Nelson', '2000-11-5', 'K519304741', '3798562034', 'Canadian', 'alexandernelson03@gmail.com', 'Fashion Designer'),
('3535798235', 'Matthew', 'Hill', '1949-5-23', 'H501136598', '2157989701', 'Canadian', 'matthewhill74@gmail.com', 'Teacher'),
('6919005515', 'Ava', 'Baker', '1953-8-27', 'N673244252', '8732473483', 'Canadian', 'avabaker81@gmail.com', 'Psychologist'),
('7479850534', 'Jackson', 'Perez', '1980-10-8', 'J855843735', '6750941618', 'Canadian', 'jacksonperez87@gmail.com', 'Bartender'),
('0490794999', 'Sofia', 'Wilson', '1948-10-23', 'X403051577', '3899003475', 'Canadian', 'sofiawilson45@gmail.com', 'Chemist'),
('6732378558', 'Alexander', 'Evans', '2021-5-4', 'P193043048', '2130021560', 'Canadian', 'alexanderevans69@gmail.com', 'Engineer'),
('0650850104', 'Liam', 'King', '2004-5-27', 'O111854431', '8291671784', 'Canadian', 'liamking19@gmail.com', 'Sales Representative'),
('1225378343', 'William', 'Miller', '1998-4-22', 'N256710652', '8663732203', 'Canadian', 'williammiller13@gmail.com', 'Software Developer'),
('9489508190', 'Madison', 'Moore', '2006-7-22', 'M840828366', '8824226989', 'Canadian', 'madisonmoore09@gmail.com', 'Marketing Manager'),
('7995664300', 'Mason', 'Garcia', '1964-8-3', 'X074628315', '7031428279', 'Canadian', 'masongarcia60@gmail.com', 'Accountant'),
('9775583974', 'Ethan', 'Wright', '1940-7-18', 'H800011656', '9919538825', 'Canadian', 'ethanwright46@gmail.com', 'Pilot'),
('4941727423', 'Avery', 'Adams', '1956-1-15', 'L450256515', '9177508365', 'Canadian', 'averyadams50@gmail.com', 'Librarian'),
('1260125282', 'Carter', 'Thomas', '1963-9-4', 'Y196466222', '2555457174', 'Canadian', 'carterthomas41@gmail.com', 'Plumber'),
('9250407001', 'Samuel', 'Rodriguez', '1984-1-24', 'Y383956756', '6412019247', 'Canadian', 'samuelrodriguez04@gmail.com', 'Biologist');

INSERT INTO Employee VALUES
('9870028105', 'Regular Employee'),
('2257797469', 'Receptionist'),
('2221868413', 'Doctor'),
('7417936765', 'Cashier'),
('5093124724', 'Cashier'),
('7793249250', 'Security Personnel'),
('6041318578', 'Cashier'),
('8030840338', 'Pharmacist'),
('0694980954', 'Doctor'),
('1716262758', 'Receptionist'),
('0960221279', 'Cashier'),
('1108451730', 'Security Personnel'),
('5856504126', 'Receptionist'),
('5531886753', 'Receptionist'),
('9814664072', 'Security Personnel'),
('0205970077', 'Receptionist'),
('1267802962', 'Pharmacist'),
('4420868235', 'Doctor'),
('7365026668', 'Doctor'),
('0181050279', 'Pharmacist'),
('5111453599', 'Nurse'),
('4736680095', 'Regular Employee'),
('4677110766', 'Doctor'),
('4826635732', 'Receptionist'),
('2283229751', 'Cashier'),
('0488962295', 'Cashier'),
('7750008493', 'Security Personnel'),
('1846896272', 'Regular Employee'),
('9455078721', 'Regular Employee'),
('4077841550', 'Pharmacist'),
('1396587158', 'Pharmacist'),
('0370854396', 'Administrative Personnel'),
('1653918339', 'Pharmacist'),
('3017793058', 'Administrative Personnel'),
('2899965168', 'Security Personnel');


INSERT INTO Employee VALUES
('7120556426', 'Cashier'),
('0752776916', 'Doctor'),
('7665443474', 'Pharmacist'),
('9541436091', 'Pharmacist'),
('2997169386', 'Pharmacist'),
('3855171212', 'Receptionist'),
('2349277104', 'Receptionist'),
('5572922290', 'Nurse'),
('0682248885', 'Nurse'),
('5102250690', 'Cashier'),
('0111865868', 'Security Personnel'),
('2659520585', 'Doctor'),
('8343896925', 'Receptionist'),
('0651969195', 'Regular Employee'),
('4726342736', 'Pharmacist'),
('6182231344', 'Security Personnel'),
('1321428712', 'Doctor'),
('4722656891', 'Regular Employee'),
('7399418838', 'Regular Employee'),
('0041452531', 'Doctor'),
('9800188146', 'Pharmacist'),
('4111336593', 'Nurse'),
('4848090124', 'Security Personnel'),
('7210255172', 'Pharmacist'),
('5321493701', 'Doctor'),
('3642153011', 'Doctor'),
('5609221678', 'Regular Employee'),
('9096493822', 'Doctor'),
('2155008988', 'Security Personnel'),
('2287295128', 'Security Personnel'),
('1943447373', 'Nurse'),
('2959395108', 'Administrative Personnel'),
('6340895686', 'Cashier'),
('2411145075', 'Cashier'),
('0386952416', 'Security Personnel');

INSERT INTO Employee VALUES
('5456005876', 'Administrative Personnel'),
('3798022544', 'Administrative Personnel'),
('2801369668', 'Regular Employee'),
('0877500574', 'Nurse'),
('5927540236', 'Doctor'),
('2074058879', 'Regular Employee'),
('7368744686', 'Administrative Personnel'),
('5816781029', 'Pharmacist'),
('2384479593', 'Nurse'),
('6191270111', 'Regular Employee'),
('5512818457', 'Administrative Personnel'),
('3038358153', 'Nurse'),
('5674825256', 'Doctor'),
('2392884224', 'Security Personnel'),
('9235308854', 'Receptionist'),
('1039909533', 'Security Personnel'),
('1699202920', 'Administrative Personnel'),
('6418162824', 'Regular Employee'),
('3343857916', 'Administrative Personnel'),
('0384470272', 'Cashier'),
('4888648845', 'Pharmacist'),
('6925579788', 'Security Personnel'),
('9919248082', 'Pharmacist'),
('8178830355', 'Regular Employee'),
('6102639941', 'Regular Employee'),
('8303239776', 'Doctor'),
('5988056144', 'Nurse'),
('4485217149', 'Doctor'),
('2378882656', 'Cashier'),
('7772532255', 'Administrative Personnel'),
('1182408760', 'Security Personnel'),
('5422291474', 'Nurse'),
('8434897983', 'Administrative Personnel'),
('7904628160', 'Regular Employee'),
('9207961316', 'Cashier');

INSERT INTO Employee VALUES
('0130487027', 'Regular Employee'),
('2197446962', 'Cashier'),
('8073547744', 'Regular Employee'),
('8768124438', 'Nurse'),
('9135494233', 'Administrative Personnel'),
('3814772084', 'Nurse'),
('0341598106', 'Doctor'),
('2496322406', 'Receptionist'),
('0304731548', 'Administrative Personnel'),
('4801152883', 'Administrative Personnel'),
('4871219911', 'Administrative Personnel'),
('0204192927', 'Doctor'),
('4861230803', 'Security Personnel'),
('9902151853', 'Pharmacist'),
('8797385795', 'Regular Employee'),
('2128038056', 'Nurse'),
('6524526199', 'Administrative Personnel'),
('1352823733', 'Cashier'),
('0776829885', 'Cashier'),
('2154860460', 'Pharmacist'),
('2732540415', 'Administrative Personnel'),
('2490596162', 'Security Personnel'),
('7940459085', 'Security Personnel'),
('5740615916', 'Receptionist'),
('1765750704', 'Receptionist'),
('1267379347', 'Administrative Personnel'),
('6490119626', 'Regular Employee'),
('9120812510', 'Cashier'),
('7278856415', 'Security Personnel'),
('0681955813', 'Receptionist'),
('7823794112', 'Pharmacist'),
('4034981294', 'Receptionist'),
('7861366821', 'Doctor'),
('5771599265', 'Security Personnel'),
('4323716742', 'Cashier');

INSERT INTO Employee VALUES
('5101091349', 'Doctor'),
('5025932156', 'Regular Employee'),
('6103425184', 'Security Personnel'),
('1725668645', 'Receptionist'),
('0758897617', 'Pharmacist'),
('1437617684', 'Nurse'),
('5566955185', 'Administrative Personnel'),
('3728829105', 'Nurse'),
('6208351526', 'Doctor'),
('7286605123', 'Administrative Personnel'),
('6381494826', 'Administrative Personnel'),
('9075522100', 'Administrative Personnel'),
('6017291583', 'Cashier'),
('9083880438', 'Cashier'),
('2320360343', 'Cashier'),
('2417122923', 'Pharmacist'),
('7141395572', 'Regular Employee'),
('6111729254', 'Administrative Personnel'),
('1941208331', 'Pharmacist'),
('1838395198', 'Nurse'),
('5812533099', 'Pharmacist'),
('9493763584', 'Regular Employee'),
('7234224893', 'Security Personnel'),
('7396175814', 'Administrative Personnel'),
('5821185036', 'Administrative Personnel'),
('5903005287', 'Administrative Personnel'),
('2714625655', 'Regular Employee'),
('4477627756', 'Pharmacist'),
('7003484987', 'Administrative Personnel'),
('1412689084', 'Doctor'),
('6741457672', 'Pharmacist'),
('2062687888', 'Administrative Personnel'),
('2369700059', 'Doctor'),
('3022670114', 'Doctor'),
('3290038713', 'Receptionist');

INSERT INTO Employee VALUES
('7387197336', 'Receptionist'),
('0864973267', 'Security Personnel'),
('2111558385', 'Regular Employee'),
('2501863642', 'Administrative Personnel'),
('2194541688', 'Nurse'),
('1023717835', 'Pharmacist'),
('3636179705', 'Administrative Personnel'),
('6218900298', 'Cashier'),
('4595384037', 'Pharmacist'),
('8472506615', 'Administrative Personnel'),
('4957309614', 'Security Personnel'),
('4609387889', 'Security Personnel'),
('2548422980', 'Pharmacist'),
('5267309871', 'Administrative Personnel'),
('8558215119', 'Cashier'),
('3026663744', 'Pharmacist'),
('7864671844', 'Doctor'),
('8459327756', 'Pharmacist'),
('8567982037', 'Security Personnel'),
('8355006755', 'Regular Employee'),
('7947374657', 'Doctor'),
('0799260982', 'Pharmacist'),
('3759006262', 'Cashier'),
('8713403267', 'Receptionist'),
('8702480659', 'Administrative Personnel'),
('8279377933', 'Administrative Personnel'),
('1203346636', 'Doctor'),
('5101719368', 'Doctor'),
('4326566250', 'Receptionist'),
('9847121973', 'Pharmacist'),
('4658338475', 'Administrative Personnel'),
('2832491020', 'Security Personnel'),
('0950918878', 'Regular Employee'),
('9199468968', 'Cashier'),
('1346073439', 'Receptionist');

INSERT INTO Employee VALUES
('5999328014', 'Doctor'),
('5677464228', 'Cashier'),
('6676829233', 'Receptionist'),
('6193775715', 'Receptionist'),
('7537411609', 'Doctor'),
('0318317759', 'Administrative Personnel'),
('5303969822', 'Security Personnel'),
('8886900233', 'Receptionist'),
('0634685889', 'Nurse'),
('8203767699', 'Receptionist'),
('4204650741', 'Regular Employee'),
('8916068486', 'Cashier'),
('3400243672', 'Receptionist'),
('8420678606', 'Doctor'),
('4320665724', 'Doctor'),
('0427718933', 'Pharmacist'),
('2694212508', 'Pharmacist'),
('8946759930', 'Regular Employee'),
('9816483354', 'Security Personnel'),
('0209378488', 'Pharmacist'),
('1551084002', 'Security Personnel'),
('9057073701', 'Doctor'),
('7084468251', 'Receptionist'),
('4728061278', 'Regular Employee'),
('6392397178', 'Pharmacist'),
('9143488864', 'Pharmacist'),
('2612459397', 'Regular Employee'),
('6066832189', 'Security Personnel'),
('2903513929', 'Receptionist'),
('4056598173', 'Doctor'),
('8571667966', 'Administrative Personnel'),
('2438254064', 'Administrative Personnel'),
('2506440306', 'Receptionist'),
('2825065872', 'Security Personnel'),
('2058110287', 'Cashier');

INSERT INTO Employee VALUES
('5176283972', 'Regular Employee'),
('0785541846', 'Receptionist'),
('5348037625', 'Pharmacist'),
('3351202478', 'Regular Employee'),
('7585516843', 'Regular Employee'),
('2948747446', 'Regular Employee'),
('9477361371', 'Pharmacist'),
('3755473873', 'Nurse'),
('6815328418', 'Security Personnel'),
('0121922164', 'Administrative Personnel'),
('6183352962', 'Regular Employee'),
('9787442416', 'Regular Employee'),
('0520041483', 'Nurse'),
('6083630317', 'Regular Employee'),
('0205155706', 'Regular Employee'),
('8648048052', 'Security Personnel'),
('7090717763', 'Pharmacist'),
('0293770067', 'Pharmacist'),
('8867956372', 'Cashier'),
('4055516388', 'Nurse'),
('8009788027', 'Cashier'),
('5107885382', 'Regular Employee'),
('5844878132', 'Nurse'),
('4825911318', 'Receptionist'),
('0186072937', 'Receptionist'),
('6363602708', 'Nurse'),
('5098566686', 'Security Personnel'),
('0624933378', 'Regular Employee'),
('8841448660', 'Cashier'),
('2465798930', 'Security Personnel'),
('2091381428', 'Regular Employee'),
('6068555105', 'Nurse'),
('8240463454', 'Nurse'),
('8117061329', 'Security Personnel'),
('6108704052', 'Cashier');

INSERT INTO Employee VALUES
('1050044666', 'Administrative Personnel'),
('4090730788', 'Doctor'),
('9716781233', 'Doctor'),
('7617955867', 'Doctor'),
('3702899566', 'Receptionist'),
('7148872193', 'Security Personnel'),
('2913034714', 'Security Personnel'),
('4833183602', 'Cashier'),
('1560354651', 'Nurse'),
('4973132158', 'Nurse'),
('3224057396', 'Receptionist'),
('5400718100', 'Receptionist'),
('6835048556', 'Security Personnel'),
('0654635754', 'Regular Employee'),
('1042789566', 'Security Personnel'),
('7293164981', 'Receptionist'),
('3880863379', 'Regular Employee'),
('1693078611', 'Nurse'),
('2665243329', 'Regular Employee'),
('4393663594', 'Regular Employee'),
('4459963520', 'Nurse'),
('9679274052', 'Administrative Personnel'),
('5827394381', 'Security Personnel'),
('5249847861', 'Regular Employee'),
('6154001605', 'Regular Employee'),
('8036760738', 'Pharmacist'),
('9698054341', 'Cashier'),
('4932450357', 'Doctor'),
('3448446601', 'Regular Employee'),
('8485750468', 'Cashier'),
('3899293528', 'Receptionist'),
('1482895944', 'Nurse'),
('5060770902', 'Doctor'),
('4721166772', 'Cashier'),
('1204965848', 'Security Personnel');

INSERT INTO Employee VALUES
('3292888130', 'Cashier'),
('6337985321', 'Doctor'),
('2400176442', 'Doctor'),
('0133762294', 'Pharmacist'),
('9601327476', 'Regular Employee'),
('1108039217', 'Doctor'),
('8364727594', 'Receptionist'),
('4311620556', 'Doctor'),
('4942953805', 'Security Personnel'),
('3570339851', 'Security Personnel'),
('0336211324', 'Pharmacist'),
('2476981425', 'Receptionist'),
('8170891388', 'Security Personnel'),
('0675465834', 'Administrative Personnel'),
('3928321107', 'Doctor'),
('9360929592', 'Security Personnel'),
('3584397276', 'Receptionist'),
('2549023490', 'Doctor'),
('2738210664', 'Security Personnel'),
('7399525127', 'Pharmacist'),
('6170022529', 'Cashier'),
('1989566364', 'Nurse'),
('1249793075', 'Security Personnel'),
('8997315806', 'Doctor'),
('7768578503', 'Administrative Personnel'),
('4421127515', 'Administrative Personnel'),
('8733683533', 'Regular Employee'),
('1773275854', 'Regular Employee'),
('1746473832', 'Nurse'),
('5682958626', 'Doctor'),
('7509746537', 'Regular Employee'),
('8807727190', 'Cashier'),
('7906513972', 'Administrative Personnel'),
('4079330127', 'Administrative Personnel'),
('6673060443', 'Cashier');

INSERT INTO Employee VALUES
('1251295646', 'Pharmacist'),
('6732378558', 'Receptionist'),
('4207000240', 'Pharmacist'),
('1225378343', 'Security Personnel'),
('8766456369', 'Doctor'),
('6919005515', 'Regular Employee'),
('8314827285', 'Pharmacist'),
('9977353156', 'Pharmacist'),
('4941727423', 'Regular Employee'),
('0063418495', 'Regular Employee'),
('3535798235', 'Nurse'),
('7995664300', 'Pharmacist'),
('5696558761', 'Cashier'),
('0295498614', 'Cashier'),
('4169271013', 'Cashier'),
('1260125282', 'Regular Employee'),
('0490794999', 'Security Personnel'),
('8606950035', 'Doctor'),
('0650850104', 'Doctor'),
('1607846219', 'Cashier'),
('9310035396', 'Administrative Personnel'),
('1073991098', 'Administrative Personnel'),
('3735011537', 'Administrative Personnel'),
('3476350484', 'Administrative Personnel'),
('7479850534', 'Administrative Personnel'),
('3855305082', 'Regular Employee'),
('9489508190', 'Administrative Personnel'),
('4535803125', 'Doctor'),
('3575962594', 'Doctor'),
('9250407001', 'Pharmacist'),
('5192653064', 'Nurse'),
('4955915330', 'Cashier'),
('1192830010', 'Doctor'),
('6524524470', 'Regular Employee'),
('3864390660', 'Pharmacist');

INSERT INTO Facility VALUES
('BioSolutions 3003', '9525 Magnolia Terrace', 'Drummondville', 'Saskatchewan', 'C71 2V3', '9523709125', 'www.biosolutions3003650.org', 'Special Instalment', 40, '2283229751'),
('HealthTech 0945', '5247 Birch Way', 'London', 'Nova Scotia', 'O95 8W1', '7507651010', 'www.healthtech0945763.org', 'CLSC', 430, '4077841550'),
('BioLab 8979', '4701 Oak Court', 'St. Albert', 'Quebec', 'M54 9W0', '2769452371', 'www.biolab8979706.org', 'Clinic', 193, '0181050279'),
('CareHealthcare 6535', '4633 Pine Road', 'Belleville', 'Alberta', 'B57 3J3', '5047930517', 'www.carehealthcare6535743.org', 'Clinic', 256, '7750008493'),
('VitaHealthcare 0007', '5375 Birch Terrace', 'Guelph', 'Prince Edward Island', 'M95 0J1', '5335922168', 'www.vitahealthcare0007273.org', 'Pharmacy', 519, '0205970077'),
('GenPharmaCare 8526', '0634 Spruce Street', 'Lethbridge', 'Northwest Territories', 'D13 3X9', '3941256090', 'www.genpharmacare8526368.org', 'Hospital', 330, '9814664072'),
('MediPharmaTech 2491', '7471 Maple Street', 'Abbotsford', 'Alberta', 'I10 8W0', '3850560925', 'www.medipharmatech2491665.org', 'Special Instalment', 435, '2221868413'),
('TheraPharm 7698', '6087 Birch Avenue', 'Victoria', 'Prince Edward Island', 'N04 1J7', '9589344434', 'www.therapharm7698554.org', 'Special Instalment', 631, '8030840338'),
('MediResearch 5788', '0596 Pine Terrace', 'Quebec City', 'New Brunswick', 'C41 1T8', '2156040027', 'www.mediresearch5788963.org', 'CLSC', 791, '1396587158'),
('MediHealthcare 1035', '3107 Hickory Circle', 'Saint-Jérôme', 'Ontario', 'Y45 3U7', '5311989359', 'www.medihealthcare1035630.org', 'Clinic', 744, '5111453599'),
('TheraPharmaCare 0741', '7441 Maple Drive', 'Oshawa', 'Manitoba', 'Z65 8O4', '2259398814', 'www.therapharmacare0741440.org', 'CLSC', 920, '2283229751'),
('PharmaTech 9868', '8946 Spruce Boulevard', 'Kitchener', 'Nova Scotia', 'G92 1C8', '7448936303', 'www.pharmatech9868918.org', 'Pharmacy', 17, '0181050279'),
('HealthBioTech 0215', '7070 Pine Court', 'Hamilton', 'Prince Edward Island', 'F29 0W9', '9151057513', 'www.healthbiotech0215481.org', 'Special Instalment', 117, '5531886753'),
('CureSolutions 5050', '3651 Maple Road', 'Kingston', 'British Columbia', 'Z63 8K8', '6551423075', 'www.curesolutions5050746.org', 'Hospital', 805, '4077841550'),
('BioPharm 3244', '4775 Willow Circle', 'Halifax', 'Ontario', 'L16 2F8', '7562845695', 'www.biopharm3244647.org', 'Hospital', 647, '0488962295'),
('CureHealthcare 0646', '4208 Oak Boulevard', 'Toronto', 'Prince Edward Island', 'D18 1S3', '7537018877', 'www.curehealthcare0646440.org', 'Pharmacy', 125, '0181050279'),
('TheraMed 0610', '7874 Magnolia Road', 'Victoriaville', 'Saskatchewan', 'N88 8P8', '2610171022', 'www.theramed0610400.org', 'Clinic', 967, '5093124724'),
('PharmaBioTech 6175', '1740 Birch Court', 'Sherbrooke', 'Nova Scotia', 'R81 2Z1', '5019575239', 'www.pharmabiotech6175716.org', 'Pharmacy', 105, '9455078721'),
('GenLab 2767', '6402 Pine Lane', 'Red Deer', 'British Columbia', 'Y86 5O9', '8399924359', 'www.genlab2767592.org', 'Clinic', 824, '2221868413'),
('CureLab 6065', '9368 Elm Way', 'Peterborough', 'Nova Scotia', 'I73 2S1', '5746691614', 'www.curelab6065098.org', 'Hospital', 197, '1716262758'),
('BioPharmaTech 6176', '1872 Pine Boulevard', 'Norfolk County', 'Manitoba', 'G21 8A3', '2786797466', 'www.biopharmatech6176417.org', 'Clinic', 581, '4736680095'),
('VitaLab 9413', '7374 Willow Avenue', 'Mirabel', 'New Brunswick', 'E50 7T1', '4403498542', 'www.vitalab9413423.org', 'Special Instalment', 958, '2899965168'),
('GenPharm 6110', '7780 Spruce Circle', 'Fredericton', 'Nova Scotia', 'I50 9O6', '3367366991', 'www.genpharm6110425.org', 'Hospital', 436, '0205970077'),
('HealthPharmaCare 3635', '3476 Cedar Court', 'White Rock', 'Nunavut', 'V05 1K5', '6683480193', 'www.healthpharmacare3635989.org', 'Special Instalment', 505, '2257797469'),
('LifeSolutions 4776', '5788 Pine Circle', 'Newmarket', 'Manitoba', 'H72 8I8', '8856619141', 'www.lifesolutions4776500.org', 'CLSC', 855, '0694980954');


INSERT INTO Works_at VALUES
('2283229751', 'BioSolutions 3003', '2022-2-21', NULL),
('4077841550', 'HealthTech 0945', '2017-1-1', NULL),
('0181050279', 'BioLab 8979', '2022-8-4', NULL),
('7750008493', 'CareHealthcare 6535', '2016-6-6', NULL),
('0205970077', 'VitaHealthcare 0007', '2015-11-6', NULL),
('9814664072', 'GenPharmaCare 8526', '2019-9-5', NULL),
('2221868413', 'MediPharmaTech 2491', '2017-4-22', NULL),
('8030840338', 'TheraPharm 7698', '2022-11-6', NULL),
('1396587158', 'MediResearch 5788', '2019-8-6', NULL),
('5111453599', 'MediHealthcare 1035', '2019-4-21', NULL),
('2283229751', 'TheraPharmaCare 0741', '2018-8-20', NULL),
('0181050279', 'PharmaTech 9868', '2017-4-2', NULL),
('5531886753', 'HealthBioTech 0215', '2017-5-9', NULL),
('4077841550', 'CureSolutions 5050', '2020-1-20', NULL),
('0488962295', 'BioPharm 3244', '2021-7-13', NULL),
('0181050279', 'CureHealthcare 0646', '2017-11-10', NULL),
('5093124724', 'TheraMed 0610', '2016-4-6', NULL),
('9455078721', 'PharmaBioTech 6175', '2015-3-6', NULL),
('2221868413', 'GenLab 2767', '2016-8-25', NULL),
('1716262758', 'CureLab 6065', '2017-6-4', NULL),
('4736680095', 'BioPharmaTech 6176', '2019-2-2', NULL),
('2899965168', 'VitaLab 9413', '2016-7-15', NULL),
('0205970077', 'GenPharm 6110', '2016-6-12', NULL),
('2257797469', 'HealthPharmaCare 3635', '2022-11-2', NULL),
('0694980954', 'LifeSolutions 4776', '2020-5-1', NULL),
('3017793058', 'VitaLab 9413', '2015-4-27', '2016-4-27'),
('7793249250', 'PharmaBioTech 6175', '2015-7-25', '2022-10-11'),
('2257797469', 'HealthTech 0945', '2018-3-24', NULL),
('1108451730', 'HealthTech 0945', '2016-10-21', '2016-11-27'),
('4077841550', 'BioSolutions 3003', '2022-7-1', NULL),
('7417936765', 'GenPharmaCare 8526', '2019-5-26', '2021-2-23'),
('4736680095', 'BioLab 8979', '2023-3-14', NULL),
('0694980954', 'TheraMed 0610', '2020-9-1', '2021-9-10'),
('4826635732', 'MediResearch 5788', '2021-1-18', NULL),
('1716262758', 'CareHealthcare 6535', '2021-5-23', '2023-8-24'),
('1396587158', 'VitaHealthcare 0007', '2018-4-5', NULL),
('9455078721', 'HealthBioTech 0215', '2016-11-10', '2023-7-21'),
('7793249250', 'HealthBioTech 0215', '2016-11-12', '2023-7-11'),
('5093124724', 'GenPharmaCare 8526', '2021-6-18', NULL),
('5111453599', 'TheraMed 0610', '2018-5-16', NULL),
('8030840338', 'BioPharmaTech 6176', '2023-3-3', '2023-11-2'),
('1653918339', 'CureSolutions 5050', '2023-4-15', NULL),
('4077841550', 'BioSolutions 3003', '2022-9-17', NULL),
('4420868235', 'CureSolutions 5050', '2022-1-5', NULL),
('0370854396', 'MediPharmaTech 2491', '2020-6-8', NULL),
('1267802962', 'CureSolutions 5050', '2023-11-16', NULL),
('7417936765', 'GenPharm 6110', '2017-1-25', '2020-11-23'),
('9814664072', 'PharmaTech 9868', '2018-3-11', NULL),
('5111453599', 'TheraPharmaCare 0741', '2015-10-23', NULL),
('5531886753', 'HealthBioTech 0215', '2018-3-5', '2018-6-19'),
('4826635732', 'CureHealthcare 0646', '2016-10-10', '2017-4-26'),
('7365026668', 'GenPharmaCare 8526', '2019-10-27', NULL),
('5111453599', 'BioPharm 3244', '2022-7-23', '2023-5-5'),
('5111453599', 'BioPharm 3244', '2019-2-2', '2023-6-16'),
('1653918339', 'CareHealthcare 6535', '2021-1-7', NULL),
('5531886753', 'MediHealthcare 1035', '2017-5-17', '2021-1-25'),
('7417936765', 'MediPharmaTech 2491', '2020-6-23', NULL),
('0205970077', 'CureLab 6065', '2020-11-6', '2022-9-1'),
('7365026668', 'MediHealthcare 1035', '2019-8-18', NULL),
('5111453599', 'MediPharmaTech 2491', '2015-7-25', '2023-1-15'),
('4077841550', 'PharmaBioTech 6175', '2017-3-20', '2018-1-10'),
('0488962295', 'GenPharmaCare 8526', '2015-9-22', NULL),
('5856504126', 'TheraPharmaCare 0741', '2018-11-17', NULL),
('8030840338', 'CureHealthcare 0646', '2016-1-7', NULL),
('0960221279', 'BioPharm 3244', '2020-2-6', '2023-10-7');


INSERT INTO lives_in VALUES
('2655 Hickory Terrace', '7793249250', '2015-6-27', '2018-7-2', 'Secondary'),
('3785 Magnolia Way', '7750008493', '2016-3-23', '2018-10-21', 'Secondary'),
('2655 Hickory Terrace', '1846896272', '2021-5-9', '2023-7-21', 'Primary'),
('7777 Spruce Avenue', '2257797469', '2015-10-4', '2020-11-3', 'Secondary'),
('3633 Birch Court', '3853020187', '2016-6-20', '2022-1-16', 'Primary'),
('9373 Spruce Street', '5531886753', '2018-9-20', '2023-1-12', 'Primary'),
('8354 Cedar Circle', '0960221279', '2017-1-16', '2023-10-18', 'Secondary'),
('8354 Cedar Circle', '4077841550', '2020-4-2', '2021-6-1', 'Secondary'),
('3846 Oak Lane', '4677110766', '2022-7-3', '2023-7-16', 'Primary'),
('5234 Maple Drive', '9088373442', '2018-1-16', '2022-1-8', 'Secondary'),
('0127 Spruce Lane', '7417936765', '2022-9-10', '2023-6-14', 'Primary'),
('6217 Oak Drive', '9870028105', '2021-5-7', '2021-11-26', 'Primary'),
('8642 Elm Way', '7365026668', '2018-1-26', '2021-9-14', 'Primary'),
('6401 Pine Lane', '4420868235', '2015-8-6', '2019-4-24', 'Primary'),
('3785 Magnolia Way', '1267802962', '2022-7-2', '2022-10-25', 'Primary'),
('9030 Hickory Drive', '9455078721', '2018-3-3', '2020-11-6', 'Secondary'),
('0699 Birch Circle', '0181050279', '2016-3-23', '2016-4-14', 'Primary'),
('3897 Elm Circle', '7659036250', '2021-8-14', '2023-3-21', 'Primary'),
('5744 Maple Street', '2283229751', '2017-9-27', '2020-6-10', 'Primary'),
('0056 Magnolia Street', '6041318578', '2017-5-11', '2022-8-16', 'Primary'),
('2581 Magnolia Terrace', '1122052676', '2015-6-26', '2017-1-22', 'Primary'),
('2289 Elm Lane', '0694980954', '2020-4-20', '2022-11-11', 'Primary'),
('9030 Hickory Drive', '4077841550', '2016-6-2', '2020-6-4', 'Secondary'),
('0056 Magnolia Street', '1267802962', '2020-4-9', '2020-10-16', 'Secondary'),
('9030 Hickory Drive', '2221868413', '2023-2-22', '2023-4-13', 'Secondary'),
('8354 Cedar Circle', '8030840338', '2021-9-13', '2023-8-26', 'Secondary'),
('9373 Spruce Street', '5093124724', '2020-5-10', '2021-10-12', 'Secondary'),
('0056 Magnolia Street', '1396587158', '2015-7-24', '2019-6-25', 'Secondary'),
('7777 Spruce Avenue', '4736680095', '2017-7-25', '2019-7-7', 'Secondary'),
('2266 Birch Street', '9870028105', '2023-5-10', '2023-11-27', 'Primary'),
('9577 Hickory Way', '8030840338', '2020-1-18', '2022-1-16', 'Secondary'),
('2289 Elm Lane', '2283229751', '2018-7-2', '2018-8-1', 'Secondary'),
('3785 Magnolia Way', '1122052676', '2020-8-12', '2023-11-4', 'Primary'),
('7777 Spruce Avenue', '0370854396', '2023-6-16', '2023-10-21', 'Primary'),
('6401 Pine Lane', '9455078721', '2023-5-9', '2023-6-1', 'Secondary'),
('8586 Cedar Road', '3853020187', '2017-11-7', '2019-7-16', 'Secondary'),
('6978 Maple Avenue', '9455078721', '2019-2-8', '2022-3-15', 'Primary'),
('0056 Magnolia Street', '0488962295', '2019-7-9', '2021-1-3', 'Primary'),
('8354 Cedar Circle', '9870028105', '2016-7-18', '2023-7-9', 'Secondary'),
('6401 Pine Lane', '2899965168', '2017-7-22', '2022-9-12', 'Primary'),
('9373 Spruce Street', '0205970077', '2022-9-17', '2022-11-21', 'Primary'),
('6401 Pine Lane', '0181050279', '2022-7-13', '2023-6-10', 'Secondary'),
('5744 Maple Street', '0370854396', '2020-6-16', '2022-3-15', 'Primary'),
('2655 Hickory Terrace', '2283229751', '2016-8-1', '2018-7-10', 'Primary'),
('9640 Cedar Street', '0181050279', '2021-2-21', '2021-4-2', 'Primary'),
('3897 Elm Circle', '1267802962', '2016-10-26', '2023-5-13', 'Secondary'),
('3846 Oak Lane', '0205970077', '2023-4-26', '2023-6-27', 'Primary'),
('3633 Birch Court', '9455078721', '2020-6-13', '2022-2-23', 'Primary'),
('3846 Oak Lane', '1122052676', '2016-3-26', '2017-1-5', 'Secondary'),
('8642 Elm Way', '9455078721', '2020-11-27', '2021-5-4', 'Secondary'),
('8586 Cedar Road', '0488962295', '2020-8-9', '2021-5-9', 'Primary'),
('8549 Hickory Circle', '1653918339', '2022-2-12', '2023-6-14', 'Primary'),
('6401 Pine Lane', '0205970077', '2023-5-1', '2023-10-15', 'Primary'),
('9577 Hickory Way', '7365026668', '2017-1-24', '2017-6-21', 'Secondary'),
('9373 Spruce Street', '7750008493', '2020-5-16', '2021-8-10', 'Secondary'),
('8642 Elm Way', '3853020187', '2019-6-6', '2019-11-25', 'Primary'),
('0699 Birch Circle', '5111453599', '2019-10-15', '2021-9-18', 'Secondary'),
('8354 Cedar Circle', '1267802962', '2022-6-12', '2022-9-25', 'Secondary'),
('5234 Maple Drive', '4677110766', '2022-4-12', '2022-4-26', 'Secondary'),
('2266 Birch Street', '1122052676', '2015-9-23', '2021-7-15', 'Primary'),
('3846 Oak Lane', '1108451730', '2023-9-10', '2023-10-24', 'Secondary'),
('9030 Hickory Drive', '9870028105', '2023-5-12', '2023-10-9', 'Primary'),
('9640 Cedar Street', '5856504126', '2020-4-19', '2020-10-17', 'Secondary'),
('3897 Elm Circle', '0488962295', '2019-4-5', '2023-10-16', 'Secondary'),
('5744 Maple Street', '4420868235', '2022-2-14', '2022-9-4', 'Primary'),
('5744 Maple Street', '4826635732', '2016-1-23', '2020-4-7', 'Primary'),
('6978 Maple Avenue', '2221868413', '2021-8-20', '2023-8-14', 'Secondary'),
('2289 Elm Lane', '5856504126', '2023-11-1', '2023-11-11', 'Secondary'),
('8586 Cedar Road', '4677110766', '2015-3-7', '2017-7-8', 'Primary'),
('2266 Birch Street', '5531886753', '2019-7-20', '2022-5-22', 'Primary'),
('2461 Hickory Court', '5093124724', '2016-6-5', '2021-3-7', 'Primary'),
('3785 Magnolia Way', '9870028105', '2022-9-24', '2022-10-7', 'Primary'),
('2289 Elm Lane', '5531886753', '2016-7-9', '2019-9-10', 'Secondary'),
('2461 Hickory Court', '6041318578', '2023-7-3', '2023-11-13', 'Secondary'),
('3785 Magnolia Way', '7417936765', '2020-1-25', '2022-4-9', 'Primary'),
('3846 Oak Lane', '5111453599', '2016-9-19', '2020-11-5', 'Secondary'),
('3897 Elm Circle', '6041318578', '2020-8-26', '2022-1-22', 'Primary'),
('0699 Birch Circle', '0694980954', '2017-5-25', '2017-11-8', 'Secondary'),
('3633 Birch Court', '1122052676', '2016-10-13', '2021-5-17', 'Secondary');


INSERT INTO lives_in VALUES
('3899 Hickory Way', '0204192927', '2021-5-3', '2023-11-20', 'Primary'),
('2276 Elm Avenue', '0304731548', '2023-1-3', '2023-10-12', 'Primary'),
('2276 Elm Avenue', '0341598106', '2022-3-5', '2022-9-22', 'Secondary'),
('3899 Hickory Way', '4861230803', '2023-10-19', '2023-10-25', 'Primary'),
('7163 Maple Road', '7333262513', '2021-1-26', '2023-5-21', 'Primary'),
('7163 Maple Road', '2128038056', '2023-11-7', '2023-11-12', 'Secondary'),
('7163 Maple Road', '7278856415', '2015-9-21', '2017-7-6', 'Primary'),
('7163 Maple Road', '7861366821', '2022-6-27', '2022-8-15', 'Primary'),
('7163 Maple Road', '6490119626', '2016-4-7', '2022-3-12', 'Primary'),
('2276 Elm Avenue', '0348319425', '2023-11-25', '2023-11-26', 'Primary'),
('2276 Elm Avenue', '1765750704', '2023-1-24', '2023-8-4', 'Primary'),
('3899 Hickory Way', '4598457759', '2018-5-22', '2021-6-22', 'Primary'),
('8957 Hickory Court', '5771599265', '2019-6-15', '2022-4-17', 'Secondary'),
('8957 Hickory Court', '8768124438', '2022-3-16', '2023-7-6', 'Primary'),
('7163 Maple Road', '0348319425', '2018-8-21', '2022-5-16', 'Primary'),
('2276 Elm Avenue', '0204192927', '2015-8-26', '2022-10-9', 'Primary'),
('8957 Hickory Court', '9135494233', '2016-7-9', '2018-5-11', 'Primary'),
('3899 Hickory Way', '5740615916', '2019-6-16', '2021-6-5', 'Primary'),
('8957 Hickory Court', '2197446962', '2022-10-10', '2023-3-11', 'Secondary'),
('3899 Hickory Way', '6490119626', '2019-3-7', '2023-10-3', 'Secondary'),
('3899 Hickory Way', '8768124438', '2023-8-27', '2023-11-6', 'Secondary'),
('3899 Hickory Way', '8797385795', '2015-2-24', '2023-4-17', 'Secondary'),
('3899 Hickory Way', '5771599265', '2018-9-16', '2022-5-11', 'Primary'),
('2276 Elm Avenue', '2496322406', '2017-10-12', '2018-7-8', 'Secondary'),
('3899 Hickory Way', '2593334238', '2021-10-20', '2023-2-15', 'Secondary'),
('8957 Hickory Court', '4323716742', '2023-3-12', '2023-6-11', 'Primary'),
('3899 Hickory Way', '0304731548', '2023-2-11', '2023-8-4', 'Secondary'),
('7163 Maple Road', '2593334238', '2021-9-10', '2022-7-16', 'Secondary'),
('2276 Elm Avenue', '4861230803', '2022-5-13', '2023-10-11', 'Secondary'),
('8957 Hickory Court', '4871219911', '2021-7-8', '2021-7-15', 'Secondary'),
('2276 Elm Avenue', '5740615916', '2016-11-11', '2021-1-14', 'Primary'),
('3899 Hickory Way', '4034981294', '2016-7-25', '2022-9-7', 'Primary'),
('8957 Hickory Court', '0130487027', '2018-5-17', '2021-10-4', 'Secondary'),
('8957 Hickory Court', '8073547744', '2016-1-17', '2017-11-2', 'Secondary'),
('2276 Elm Avenue', '8768124438', '2017-4-26', '2017-6-12', 'Primary'),
('8957 Hickory Court', '0681955813', '2019-6-11', '2021-8-27', 'Primary'),
('7163 Maple Road', '4034981294', '2019-5-21', '2023-10-19', 'Primary'),
('7163 Maple Road', '3814772084', '2015-8-12', '2020-10-20', 'Secondary'),
('2276 Elm Avenue', '9135494233', '2023-11-15', '2023-11-23', 'Primary'),
('8957 Hickory Court', '9902151853', '2016-6-20', '2018-1-18', 'Primary'),
('7163 Maple Road', '9120812510', '2022-8-27', '2023-9-20', 'Primary'),
('2276 Elm Avenue', '5771599265', '2023-3-12', '2023-7-3', 'Secondary'),
('8957 Hickory Court', '9120812510', '2016-10-9', '2019-9-5', 'Secondary'),
('8957 Hickory Court', '4598457759', '2018-6-25', '2018-8-18', 'Secondary'),
('3899 Hickory Way', '0348319425', '2020-11-19', '2021-7-26', 'Primary'),
('7163 Maple Road', '8073547744', '2017-6-2', '2023-3-13', 'Primary'),
('8957 Hickory Court', '2128038056', '2022-2-6', '2023-4-7', 'Primary'),
('2276 Elm Avenue', '7333262513', '2018-2-2', '2018-8-17', 'Primary'),
('2276 Elm Avenue', '4801152883', '2023-6-21', '2023-7-22', 'Primary'),
('7163 Maple Road', '2496322406', '2022-6-25', '2022-9-10', 'Primary'),
('7163 Maple Road', '4323716742', '2017-7-18', '2019-11-14', 'Primary'),
('2276 Elm Avenue', '6524526199', '2023-11-14', '2023-11-24', 'Secondary'),
('2276 Elm Avenue', '1352823733', '2017-9-13', '2018-5-11', 'Primary'),
('3899 Hickory Way', '3814772084', '2022-4-5', '2023-7-14', 'Secondary'),
('7163 Maple Road', '0776829885', '2015-8-1', '2023-2-15', 'Secondary'),
('8957 Hickory Court', '8797385795', '2022-1-5', '2023-2-11', 'Primary'),
('7163 Maple Road', '4871219911', '2019-8-2', '2021-4-6', 'Secondary'),
('8957 Hickory Court', '6524526199', '2022-5-13', '2022-11-13', 'Secondary'),
('7163 Maple Road', '2154860460', '2015-2-12', '2020-10-10', 'Primary'),
('7163 Maple Road', '0681955813', '2019-10-24', '2021-5-8', 'Secondary'),
('2276 Elm Avenue', '2732540415', '2018-3-4', '2021-10-8', 'Primary'),
('8957 Hickory Court', '2496322406', '2017-3-23', '2020-6-13', 'Primary'),
('7163 Maple Road', '8768124438', '2023-8-14', '2023-9-3', 'Primary'),
('2276 Elm Avenue', '7823794112', '2018-5-6', '2020-8-18', 'Secondary'),
('2276 Elm Avenue', '3814772084', '2020-9-14', '2021-10-8', 'Primary');

INSERT INTO lives_in VALUES
('6577 Hickory Way', '6017291583', '2018-10-25', '2023-11-11', 'Secondary'),
('6112 Magnolia Drive', '3290038713', '2017-6-24', '2022-9-15', 'Secondary'),
('6577 Hickory Way', '6208351526', '2023-10-25', '2023-11-7', 'Secondary'),
('9578 Maple Circle', '6381494826', '2017-7-19', '2020-3-1', 'Secondary'),
('6577 Hickory Way', '9075522100', '2016-9-27', '2023-8-16', 'Secondary'),
('6577 Hickory Way', '7286605123', '2015-2-8', '2021-3-9', 'Primary'),
('6112 Magnolia Drive', '8151793682', '2023-3-2', '2023-9-16', 'Primary'),
('6841 Oak Circle', '6208351526', '2023-1-8', '2023-6-15', 'Primary'),
('6577 Hickory Way', '5101091349', '2018-1-20', '2021-10-9', 'Secondary'),
('6577 Hickory Way', '6337606937', '2016-8-25', '2016-10-6', 'Secondary'),
('6577 Hickory Way', '5821185036', '2019-2-11', '2020-5-9', 'Primary'),
('6112 Magnolia Drive', '7003484987', '2020-9-11', '2021-5-26', 'Secondary'),
('6112 Magnolia Drive', '6381494826', '2019-1-24', '2022-11-10', 'Primary'),
('9578 Maple Circle', '6337606937', '2015-1-5', '2021-10-14', 'Primary'),
('9578 Maple Circle', '1437617684', '2021-11-2', '2022-10-10', 'Secondary'),
('6577 Hickory Way', '0758897617', '2021-5-9', '2023-8-2', 'Primary'),
('6577 Hickory Way', '2320360343', '2017-1-27', '2023-2-21', 'Secondary'),
('6841 Oak Circle', '5101091349', '2022-2-9', '2022-3-5', 'Secondary'),
('6112 Magnolia Drive', '9506806257', '2023-4-21', '2023-6-14', 'Secondary'),
('6841 Oak Circle', '3290038713', '2020-6-12', '2021-7-22', 'Secondary'),
('6841 Oak Circle', '9083880438', '2015-2-4', '2023-11-19', 'Secondary'),
('6841 Oak Circle', '7003484987', '2022-6-5', '2023-8-5', 'Secondary'),
('6112 Magnolia Drive', '3022670114', '2022-1-11', '2022-3-15', 'Primary'),
('6841 Oak Circle', '0758897617', '2015-6-1', '2017-7-11', 'Primary'),
('6112 Magnolia Drive', '4477627756', '2016-4-8', '2019-7-27', 'Secondary'),
('6577 Hickory Way', '7396175814', '2018-7-6', '2022-8-15', 'Secondary'),
('6841 Oak Circle', '3022670114', '2023-5-20', '2023-6-16', 'Secondary'),
('6841 Oak Circle', '1941208331', '2016-2-5', '2019-1-27', 'Primary'),
('6577 Hickory Way', '6381494826', '2023-6-4', '2023-7-1', 'Primary'),
('6577 Hickory Way', '7234224893', '2021-8-22', '2022-8-7', 'Primary'),
('6577 Hickory Way', '1725668645', '2022-10-25', '2023-8-8', 'Secondary'),
('6577 Hickory Way', '5903005287', '2019-1-25', '2021-10-19', 'Primary'),
('9578 Maple Circle', '5025932156', '2023-11-20', '2023-11-23', 'Secondary'),
('6577 Hickory Way', '2714625655', '2022-9-18', '2023-1-24', 'Primary'),
('6841 Oak Circle', '5812533099', '2015-11-2', '2021-10-6', 'Primary'),
('6577 Hickory Way', '6103425184', '2020-9-14', '2021-10-15', 'Secondary'),
('9578 Maple Circle', '7234224893', '2023-8-5', '2023-8-27', 'Secondary'),
('9578 Maple Circle', '2714625655', '2021-11-4', '2022-9-21', 'Secondary'),
('9578 Maple Circle', '5903005287', '2020-4-25', '2021-2-10', 'Primary'),
('6112 Magnolia Drive', '5812533099', '2017-9-10', '2021-8-17', 'Primary'),
('6841 Oak Circle', '1412689084', '2019-6-15', '2019-6-16', 'Primary'),
('9578 Maple Circle', '3728829105', '2022-4-17', '2023-10-11', 'Primary'),
('6112 Magnolia Drive', '3728829105', '2018-2-8', '2020-2-27', 'Primary'),
('6841 Oak Circle', '3728829105', '2015-8-7', '2021-10-25', 'Primary'),
('6841 Oak Circle', '2417122923', '2015-9-18', '2023-5-22', 'Secondary'),
('6112 Magnolia Drive', '7396175814', '2021-8-15', '2023-9-23', 'Primary'),
('9578 Maple Circle', '5101091349', '2015-7-2', '2018-5-20', 'Primary'),
('6112 Magnolia Drive', '6017291583', '2015-2-1', '2016-2-11', 'Primary'),
('9578 Maple Circle', '9506806257', '2018-2-13', '2019-6-1', 'Primary'),
('6841 Oak Circle', '5903005287', '2015-5-23', '2021-11-10', 'Secondary'),
('9578 Maple Circle', '2062687888', '2020-9-2', '2021-1-26', 'Secondary'),
('6112 Magnolia Drive', '6208351526', '2022-4-18', '2023-10-6', 'Primary'),
('6112 Magnolia Drive', '2417122923', '2016-2-13', '2023-5-7', 'Secondary'),
('6841 Oak Circle', '6103425184', '2016-10-27', '2022-7-18', 'Primary'),
('6841 Oak Circle', '6381494826', '2019-3-10', '2021-3-24', 'Secondary'),
('9578 Maple Circle', '6111729254', '2020-10-8', '2021-2-12', 'Secondary'),
('9578 Maple Circle', '2417122923', '2019-4-3', '2021-5-3', 'Primary'),
('6841 Oak Circle', '2369700059', '2015-9-14', '2021-7-1', 'Primary'),
('6841 Oak Circle', '1437617684', '2022-6-19', '2022-10-21', 'Secondary'),
('6841 Oak Circle', '2320360343', '2015-7-14', '2017-11-3', 'Primary'),
('6577 Hickory Way', '2369700059', '2016-8-15', '2023-1-18', 'Secondary'),
('6112 Magnolia Drive', '5025932156', '2017-7-26', '2019-7-13', 'Primary'),
('9578 Maple Circle', '3290038713', '2015-4-10', '2016-9-13', 'Secondary'),
('6841 Oak Circle', '6017291583', '2016-1-2', '2022-11-19', 'Secondary'),
('9578 Maple Circle', '0758897617', '2022-1-4', '2022-5-24', 'Primary'),
('6841 Oak Circle', '5821185036', '2023-7-2', '2023-10-2', 'Secondary');

INSERT INTO lives_in VALUES
('1800 Cedar Avenue', '5075962471', '2015-10-22', '2023-11-5', 'Secondary'),
('1800 Cedar Avenue', '4957309614', '2022-3-3', '2023-2-26', 'Primary'),
('0938 Maple Boulevard', '1896074604', '2021-8-16', '2023-10-6', 'Secondary'),
('7146 Maple Lane', '3759006262', '2016-9-16', '2022-4-11', 'Secondary'),
('7146 Maple Lane', '8279377933', '2016-4-7', '2018-10-6', 'Secondary'),
('1800 Cedar Avenue', '2111558385', '2017-6-19', '2020-9-1', 'Secondary'),
('0938 Maple Boulevard', '8472506615', '2017-3-7', '2023-3-11', 'Secondary'),
('0938 Maple Boulevard', '1346073439', '2019-6-15', '2022-10-25', 'Primary'),
('7146 Maple Lane', '2548422980', '2021-1-9', '2021-2-3', 'Primary'),
('0910 Spruce Circle', '8472506615', '2021-7-19', '2023-4-25', 'Secondary'),
('7146 Maple Lane', '8713403267', '2015-4-27', '2022-2-6', 'Primary'),
('0938 Maple Boulevard', '4957309614', '2023-4-13', '2023-10-3', 'Secondary'),
('1800 Cedar Avenue', '8279377933', '2015-2-9', '2021-8-5', 'Secondary'),
('0938 Maple Boulevard', '5267309871', '2018-6-2', '2020-4-20', 'Secondary'),
('7146 Maple Lane', '8472506615', '2020-11-3', '2021-8-5', 'Secondary'),
('1800 Cedar Avenue', '6218900298', '2016-10-3', '2017-5-10', 'Secondary'),
('7146 Maple Lane', '1023717835', '2015-5-6', '2022-10-7', 'Primary'),
('1800 Cedar Avenue', '8713403267', '2016-1-20', '2019-5-3', 'Secondary'),
('7146 Maple Lane', '2138280406', '2016-5-27', '2019-7-15', 'Primary'),
('1800 Cedar Avenue', '4609387889', '2022-8-3', '2023-4-11', 'Primary'),
('7146 Maple Lane', '7864671844', '2017-7-14', '2022-6-17', 'Primary'),
('1800 Cedar Avenue', '1203346636', '2015-3-21', '2020-4-4', 'Primary'),
('7146 Maple Lane', '3026663744', '2022-1-7', '2022-11-3', 'Secondary'),
('1800 Cedar Avenue', '7387197336', '2017-11-19', '2022-5-3', 'Secondary'),
('0938 Maple Boulevard', '4658338475', '2016-5-23', '2021-11-15', 'Secondary'),
('7146 Maple Lane', '0864973267', '2015-4-26', '2023-2-21', 'Secondary'),
('1800 Cedar Avenue', '0799260982', '2016-9-1', '2023-8-16', 'Primary'),
('0938 Maple Boulevard', '3636179705', '2018-5-12', '2019-11-14', 'Primary'),
('0910 Spruce Circle', '0799260982', '2018-2-4', '2021-5-16', 'Primary'),
('0938 Maple Boulevard', '0799260982', '2019-7-27', '2019-9-10', 'Secondary'),
('0910 Spruce Circle', '4609387889', '2015-6-26', '2021-10-14', 'Secondary'),
('7146 Maple Lane', '8567982037', '2016-5-13', '2022-8-1', 'Primary'),
('7146 Maple Lane', '8459327756', '2020-11-23', '2023-3-3', 'Secondary'),
('0910 Spruce Circle', '4957309614', '2019-1-20', '2022-8-2', 'Primary'),
('0910 Spruce Circle', '3026663744', '2021-1-27', '2023-10-8', 'Secondary'),
('0910 Spruce Circle', '8459327756', '2017-7-26', '2017-9-2', 'Primary'),
('0910 Spruce Circle', '2501863642', '2016-3-11', '2017-3-6', 'Secondary'),
('0938 Maple Boulevard', '8558215119', '2022-8-22', '2023-1-16', 'Secondary'),
('0910 Spruce Circle', '6218900298', '2018-2-4', '2020-2-1', 'Secondary'),
('7146 Maple Lane', '1203346636', '2019-9-6', '2020-4-1', 'Secondary'),
('0910 Spruce Circle', '2111558385', '2023-2-2', '2023-11-6', 'Primary'),
('0910 Spruce Circle', '3636179705', '2015-6-26', '2016-11-4', 'Primary'),
('0910 Spruce Circle', '7864671844', '2019-9-15', '2022-5-10', 'Primary'),
('0938 Maple Boulevard', '7387197336', '2019-2-24', '2021-11-27', 'Secondary'),
('0938 Maple Boulevard', '2111558385', '2018-8-1', '2019-10-5', 'Secondary'),
('1800 Cedar Avenue', '8567982037', '2015-10-13', '2018-2-13', 'Primary'),
('0938 Maple Boulevard', '8355006755', '2020-3-9', '2022-11-11', 'Primary'),
('1800 Cedar Avenue', '5101719368', '2019-4-15', '2019-6-17', 'Secondary'),
('7146 Maple Lane', '7947374657', '2018-1-26', '2020-6-11', 'Primary'),
('7146 Maple Lane', '4595384037', '2020-3-24', '2020-4-11', 'Primary'),
('7146 Maple Lane', '0950918878', '2023-5-14', '2023-6-9', 'Primary'),
('0938 Maple Boulevard', '5075962471', '2021-7-4', '2022-7-12', 'Primary'),
('0910 Spruce Circle', '4658338475', '2017-11-12', '2021-2-27', 'Secondary'),
('0910 Spruce Circle', '0864973267', '2017-1-19', '2023-7-4', 'Primary'),
('0910 Spruce Circle', '8279377933', '2018-8-9', '2020-9-9', 'Primary'),
('0910 Spruce Circle', '8558215119', '2021-10-11', '2021-11-11', 'Primary'),
('0910 Spruce Circle', '4326566250', '2018-1-27', '2019-2-18', 'Primary'),
('0938 Maple Boulevard', '9199468968', '2021-6-19', '2023-1-25', 'Primary'),
('0938 Maple Boulevard', '2832491020', '2018-8-25', '2023-10-18', 'Secondary'),
('1800 Cedar Avenue', '3636179705', '2016-10-23', '2020-10-8', 'Primary'),
('0938 Maple Boulevard', '9847121973', '2018-6-12', '2023-9-15', 'Primary'),
('1800 Cedar Avenue', '1896074604', '2018-6-19', '2022-3-23', 'Primary');

INSERT INTO lives_in VALUES
('1516 Maple Way', '2694212508', '2016-3-5', '2022-2-13', 'Primary'),
('3186 Cedar Drive', '4728061278', '2022-6-15', '2023-9-16', 'Secondary'),
('3186 Cedar Drive', '9057073701', '2016-6-12', '2022-9-4', 'Secondary'),
('3186 Cedar Drive', '2438254064', '2015-2-9', '2021-6-26', 'Primary'),
('5716 Willow Court', '9057073701', '2018-1-3', '2023-11-24', 'Secondary'),
('9323 Pine Circle', '4056598173', '2023-3-27', '2023-11-25', 'Secondary'),
('3186 Cedar Drive', '0427718933', '2015-7-2', '2020-1-8', 'Secondary'),
('3186 Cedar Drive', '6193775715', '2020-9-25', '2021-9-19', 'Primary'),
('1516 Maple Way', '5303969822', '2023-2-19', '2023-10-11', 'Primary'),
('5716 Willow Court', '2903513929', '2019-3-2', '2022-1-25', 'Primary'),
('9323 Pine Circle', '4320665724', '2015-10-26', '2020-1-22', 'Secondary'),
('9323 Pine Circle', '3400243672', '2020-2-24', '2022-9-7', 'Secondary'),
('3186 Cedar Drive', '7084468251', '2018-1-9', '2018-5-26', 'Primary'),
('9323 Pine Circle', '2506440306', '2018-4-3', '2022-3-25', 'Primary'),
('9323 Pine Circle', '0209378488', '2020-1-2', '2021-10-15', 'Primary'),
('5716 Willow Court', '6066832189', '2020-9-5', '2022-11-17', 'Primary'),
('9323 Pine Circle', '7537411609', '2022-7-16', '2023-10-12', 'Secondary'),
('5716 Willow Court', '9816483354', '2023-11-1', '2023-11-17', 'Primary'),
('3186 Cedar Drive', '6676829233', '2015-10-25', '2017-11-12', 'Secondary'),
('1516 Maple Way', '9057073701', '2019-10-7', '2022-8-11', 'Secondary'),
('5716 Willow Court', '6193775715', '2022-4-22', '2023-6-21', 'Primary'),
('1516 Maple Way', '0209378488', '2016-2-8', '2019-5-22', 'Secondary'),
('5716 Willow Court', '0209378488', '2022-11-7', '2023-2-21', 'Primary'),
('9323 Pine Circle', '8571667966', '2022-2-6', '2022-11-23', 'Secondary'),
('3186 Cedar Drive', '1551084002', '2021-5-26', '2022-9-11', 'Primary'),
('5716 Willow Court', '2506440306', '2016-5-12', '2021-6-15', 'Primary'),
('9323 Pine Circle', '6676829233', '2017-2-3', '2017-10-12', 'Secondary'),
('1516 Maple Way', '6066832189', '2023-3-19', '2023-10-20', 'Primary'),
('5716 Willow Court', '1551084002', '2018-10-17', '2021-6-1', 'Primary'),
('1516 Maple Way', '6676829233', '2020-4-17', '2021-5-22', 'Secondary'),
('9323 Pine Circle', '4204650741', '2018-7-22', '2018-11-2', 'Primary'),
('3186 Cedar Drive', '2490331145', '2023-11-22', '2023-11-26', 'Secondary'),
('9323 Pine Circle', '1551084002', '2017-9-16', '2020-3-20', 'Primary'),
('1516 Maple Way', '5677464228', '2023-4-18', '2023-8-1', 'Primary'),
('1516 Maple Way', '6392397178', '2019-6-25', '2022-5-7', 'Primary'),
('1516 Maple Way', '2903513929', '2019-9-23', '2021-6-24', 'Secondary'),
('9323 Pine Circle', '4728061278', '2023-8-23', '2023-11-20', 'Primary'),
('1516 Maple Way', '5999328014', '2021-7-22', '2023-9-20', 'Secondary'),
('5716 Willow Court', '8916068486', '2022-2-12', '2023-7-23', 'Primary'),
('5716 Willow Court', '8420678606', '2015-4-3', '2022-11-7', 'Secondary'),
('9323 Pine Circle', '5999328014', '2023-3-6', '2023-9-3', 'Secondary'),
('5716 Willow Court', '4204650741', '2018-7-11', '2019-8-19', 'Primary'),
('9323 Pine Circle', '8946759930', '2016-6-9', '2016-10-26', 'Primary'),
('5716 Willow Court', '6392397178', '2015-3-8', '2021-8-14', 'Primary'),
('9323 Pine Circle', '6066832189', '2018-3-25', '2021-11-15', 'Primary'),
('3186 Cedar Drive', '7537411609', '2020-5-7', '2020-9-2', 'Secondary'),
('3186 Cedar Drive', '8203767699', '2016-8-6', '2017-11-9', 'Secondary'),
('9323 Pine Circle', '8203767699', '2016-6-19', '2020-10-25', 'Primary'),
('1516 Maple Way', '4320665724', '2022-4-7', '2022-9-15', 'Primary'),
('9323 Pine Circle', '5677464228', '2016-7-7', '2023-7-24', 'Secondary'),
('5716 Willow Court', '0318317759', '2021-11-2', '2022-8-8', 'Primary'),
('5716 Willow Court', '3400243672', '2022-8-25', '2023-5-16', 'Primary'),
('9323 Pine Circle', '0427718933', '2022-1-19', '2023-11-16', 'Secondary'),
('1516 Maple Way', '8203767699', '2023-2-16', '2023-3-10', 'Secondary'),
('5716 Willow Court', '0634685889', '2021-7-27', '2023-1-2', 'Secondary'),
('3186 Cedar Drive', '9816483354', '2016-1-8', '2019-7-24', 'Primary'),
('3186 Cedar Drive', '4204650741', '2022-10-4', '2022-10-27', 'Primary'),
('1516 Maple Way', '2506440306', '2017-11-25', '2023-2-24', 'Secondary'),
('5716 Willow Court', '0427718933', '2020-11-23', '2021-9-21', 'Secondary');

INSERT INTO lives_in VALUES
('0128 Oak Street', '6083630317', '2021-11-7', '2021-11-11', 'Secondary'),
('3140 Spruce Avenue', '8648048052', '2023-7-19', '2023-7-23', 'Primary'),
('3140 Spruce Avenue', '8117061329', '2019-6-16', '2021-5-5', 'Secondary'),
('7551 Birch Boulevard', '3351202478', '2023-8-13', '2023-10-11', 'Primary'),
('0128 Oak Street', '2465798930', '2019-3-15', '2023-3-20', 'Primary'),
('3140 Spruce Avenue', '0121922164', '2022-5-25', '2023-6-25', 'Secondary'),
('0128 Oak Street', '3356066840', '2015-5-20', '2022-5-9', 'Secondary'),
('3140 Spruce Avenue', '3351202478', '2021-1-7', '2022-5-16', 'Primary'),
('7551 Birch Boulevard', '0520041483', '2018-5-27', '2022-10-2', 'Secondary'),
('7517 Spruce Street', '5176283972', '2015-1-15', '2016-8-15', 'Secondary'),
('0128 Oak Street', '0205155706', '2015-5-17', '2023-7-22', 'Secondary'),
('0128 Oak Street', '9787442416', '2018-2-27', '2019-2-25', 'Secondary'),
('3140 Spruce Avenue', '0205155706', '2023-9-10', '2023-9-25', 'Secondary'),
('3140 Spruce Avenue', '6108704052', '2018-7-18', '2020-6-24', 'Secondary'),
('7551 Birch Boulevard', '4055516388', '2020-10-1', '2023-9-20', 'Secondary'),
('3140 Spruce Avenue', '8867956372', '2020-1-24', '2021-9-17', 'Secondary'),
('0128 Oak Street', '8240463454', '2016-2-2', '2021-6-13', 'Secondary'),
('3140 Spruce Avenue', '5348037625', '2016-5-24', '2016-9-15', 'Secondary'),
('7517 Spruce Street', '8867956372', '2017-6-15', '2018-9-25', 'Secondary'),
('7517 Spruce Street', '0520041483', '2018-8-21', '2023-7-17', 'Secondary'),
('3140 Spruce Avenue', '9787442416', '2019-4-11', '2020-10-4', 'Secondary'),
('0128 Oak Street', '5176283972', '2017-10-22', '2020-2-21', 'Primary'),
('7551 Birch Boulevard', '8240463454', '2018-5-6', '2023-10-1', 'Secondary'),
('3140 Spruce Avenue', '2465798930', '2018-1-21', '2019-4-6', 'Secondary'),
('7517 Spruce Street', '3356066840', '2017-6-13', '2023-5-23', 'Primary'),
('0128 Oak Street', '0186072937', '2018-5-23', '2018-6-7', 'Secondary'),
('0128 Oak Street', '6626360473', '2021-2-14', '2022-1-27', 'Secondary'),
('7517 Spruce Street', '4825911318', '2021-2-17', '2021-5-20', 'Primary'),
('0128 Oak Street', '7452834612', '2022-2-9', '2023-3-3', 'Secondary'),
('7551 Birch Boulevard', '2948747446', '2018-4-14', '2022-8-7', 'Secondary'),
('7551 Birch Boulevard', '6068555105', '2015-7-12', '2017-3-19', 'Primary'),
('0128 Oak Street', '6108704052', '2018-9-13', '2023-9-5', 'Secondary'),
('7517 Spruce Street', '0205155706', '2017-8-20', '2019-8-16', 'Secondary'),
('3140 Spruce Avenue', '5176283972', '2019-11-3', '2022-8-21', 'Secondary'),
('7517 Spruce Street', '9928416607', '2018-3-25', '2018-6-18', 'Primary'),
('0128 Oak Street', '4055516388', '2016-2-8', '2016-8-7', 'Secondary'),
('0128 Oak Street', '7275898733', '2023-5-17', '2023-6-22', 'Primary'),
('0128 Oak Street', '9477361371', '2018-3-17', '2018-11-25', 'Secondary'),
('3140 Spruce Avenue', '7585516843', '2015-6-21', '2019-9-3', 'Primary'),
('7551 Birch Boulevard', '0205155706', '2016-6-2', '2023-5-4', 'Primary'),
('0128 Oak Street', '6068555105', '2015-10-4', '2021-3-6', 'Secondary'),
('7551 Birch Boulevard', '0186072937', '2023-10-12', '2023-10-26', 'Primary'),
('7517 Spruce Street', '0186072937', '2018-1-19', '2021-5-16', 'Primary'),
('7551 Birch Boulevard', '5098566686', '2018-9-14', '2021-10-8', 'Secondary'),
('7517 Spruce Street', '6183352962', '2018-7-1', '2020-9-4', 'Secondary'),
('7551 Birch Boulevard', '0785541846', '2017-5-8', '2022-7-15', 'Primary'),
('7551 Birch Boulevard', '8841448660', '2016-3-6', '2018-1-7', 'Primary'),
('3140 Spruce Avenue', '7090717763', '2015-1-20', '2022-5-19', 'Primary'),
('3140 Spruce Avenue', '9928416607', '2016-7-26', '2018-5-6', 'Primary'),
('7551 Birch Boulevard', '6083630317', '2016-4-25', '2021-11-25', 'Primary'),
('7517 Spruce Street', '7275898733', '2023-10-8', '2023-11-22', 'Secondary'),
('7551 Birch Boulevard', '2091381428', '2019-6-24', '2023-11-9', 'Primary'),
('7517 Spruce Street', '0624933378', '2016-7-12', '2018-2-10', 'Secondary'),
('3140 Spruce Avenue', '0520041483', '2021-10-19', '2023-2-11', 'Secondary'),
('7551 Birch Boulevard', '7585516843', '2015-3-4', '2021-9-10', 'Secondary'),
('7517 Spruce Street', '3351202478', '2020-2-5', '2021-2-10', 'Primary'),
('3140 Spruce Avenue', '2948747446', '2022-2-7', '2022-8-21', 'Secondary'),
('7551 Birch Boulevard', '8867956372', '2022-5-4', '2022-9-23', 'Secondary');

INSERT INTO lives_in VALUES
('8334 Hickory Drive', '4311620556', '2020-10-18', '2023-3-13', 'Primary'),
('3723 Birch Boulevard', '5682958626', '2021-7-8', '2022-10-1', 'Secondary'),
('8334 Hickory Drive', '1249793075', '2018-7-11', '2019-7-4', 'Secondary'),
('8520 Hickory Road', '2476981425', '2018-11-25', '2023-10-27', 'Primary'),
('0133 Magnolia Drive', '5421239346', '2016-7-23', '2019-9-14', 'Secondary'),
('8334 Hickory Drive', '0336211324', '2021-6-25', '2023-10-4', 'Secondary'),
('0133 Magnolia Drive', '3570339851', '2015-4-1', '2015-10-3', 'Secondary'),
('8520 Hickory Road', '4079330127', '2017-11-11', '2020-7-2', 'Secondary'),
('8334 Hickory Drive', '1989566364', '2021-2-15', '2022-1-21', 'Secondary'),
('8334 Hickory Drive', '9601327476', '2021-10-10', '2022-8-22', 'Secondary'),
('8334 Hickory Drive', '3292888130', '2020-5-23', '2022-6-18', 'Primary'),
('8334 Hickory Drive', '2549023490', '2022-9-25', '2023-6-20', 'Primary'),
('0133 Magnolia Drive', '3584397276', '2016-11-23', '2022-1-19', 'Secondary'),
('8334 Hickory Drive', '4942953805', '2016-5-14', '2019-10-14', 'Secondary'),
('3723 Birch Boulevard', '4421127515', '2016-1-19', '2019-1-12', 'Primary'),
('8520 Hickory Road', '0133762294', '2019-9-11', '2022-6-4', 'Primary'),
('8334 Hickory Drive', '1746473832', '2018-8-13', '2023-8-24', 'Primary'),
('8334 Hickory Drive', '4421127515', '2018-11-3', '2022-8-23', 'Secondary'),
('3723 Birch Boulevard', '7509746537', '2017-6-18', '2023-2-11', 'Secondary'),
('8520 Hickory Road', '1249793075', '2015-1-19', '2023-1-17', 'Primary'),
('0133 Magnolia Drive', '1152181781', '2019-2-6', '2023-8-10', 'Primary'),
('3723 Birch Boulevard', '8364727594', '2017-6-22', '2017-7-5', 'Primary'),
('8520 Hickory Road', '6170022529', '2016-7-9', '2023-6-6', 'Primary'),
('0133 Magnolia Drive', '7906513972', '2016-1-9', '2021-5-15', 'Primary'),
('3723 Birch Boulevard', '4311620556', '2019-1-24', '2023-1-9', 'Primary'),
('8334 Hickory Drive', '7768578503', '2017-1-19', '2019-5-23', 'Secondary'),
('8520 Hickory Road', '1152181781', '2020-1-4', '2021-8-12', 'Primary'),
('0133 Magnolia Drive', '8170891388', '2016-8-3', '2018-7-11', 'Primary'),
('0133 Magnolia Drive', '4421127515', '2023-11-19', '2023-11-21', 'Secondary'),
('8334 Hickory Drive', '7399525127', '2022-5-16', '2022-9-20', 'Primary'),
('0133 Magnolia Drive', '6170022529', '2021-2-1', '2023-9-18', 'Secondary'),
('8334 Hickory Drive', '3570339851', '2023-4-1', '2023-11-6', 'Primary'),
('0133 Magnolia Drive', '7399525127', '2023-9-16', '2023-9-23', 'Primary'),
('8334 Hickory Drive', '8170891388', '2022-3-15', '2022-8-5', 'Primary'),
('8334 Hickory Drive', '5421239346', '2017-11-2', '2019-11-19', 'Primary'),
('0133 Magnolia Drive', '5682958626', '2020-7-16', '2021-5-25', 'Primary'),
('8520 Hickory Road', '6337985321', '2018-4-12', '2022-1-22', 'Secondary'),
('8520 Hickory Road', '9360929592', '2022-2-9', '2022-7-21', 'Primary'),
('3723 Birch Boulevard', '6337985321', '2015-9-24', '2020-2-16', 'Secondary'),
('3723 Birch Boulevard', '3570339851', '2020-4-15', '2021-9-20', 'Primary'),
('0133 Magnolia Drive', '4942953805', '2020-2-18', '2023-4-14', 'Secondary'),
('8334 Hickory Drive', '6673060443', '2020-2-20', '2022-9-13', 'Secondary'),
('8520 Hickory Road', '1989566364', '2018-7-24', '2021-10-5', 'Secondary'),
('8520 Hickory Road', '0675465834', '2022-3-3', '2022-7-26', 'Primary'),
('8334 Hickory Drive', '1461325900', '2023-9-6', '2023-10-7', 'Secondary'),
('8334 Hickory Drive', '4079330127', '2021-8-16', '2021-8-27', 'Primary'),
('0133 Magnolia Drive', '2990921221', '2019-7-9', '2023-1-6', 'Secondary'),
('0133 Magnolia Drive', '0336211324', '2023-7-4', '2023-8-22', 'Primary'),
('8520 Hickory Road', '7768578503', '2019-4-19', '2019-10-11', 'Primary'),
('8334 Hickory Drive', '7509746537', '2022-4-17', '2022-10-12', 'Secondary'),
('8520 Hickory Road', '2990921221', '2022-7-12', '2023-4-12', 'Secondary'),
('0133 Magnolia Drive', '4079330127', '2022-3-1', '2022-7-23', 'Primary'),
('8334 Hickory Drive', '3584397276', '2022-10-4', '2023-1-24', 'Primary'),
('8520 Hickory Road', '1461325900', '2023-4-10', '2023-10-26', 'Primary'),
('3723 Birch Boulevard', '0133762294', '2021-9-16', '2022-3-16', 'Primary'),
('8520 Hickory Road', '3292888130', '2017-3-26', '2021-5-4', 'Secondary'),
('8334 Hickory Drive', '8364727594', '2018-9-23', '2020-1-12', 'Primary'),
('8520 Hickory Road', '0336211324', '2016-2-13', '2020-10-7', 'Primary'),
('3723 Birch Boulevard', '2738210664', '2017-4-5', '2020-4-17', 'Secondary'),
('3723 Birch Boulevard', '0488013688', '2019-1-15', '2023-1-9', 'Primary'),
('8520 Hickory Road', '8997315806', '2022-1-13', '2023-10-26', 'Secondary'),
('8520 Hickory Road', '1746473832', '2015-5-3', '2018-2-11', 'Primary'),
('3723 Birch Boulevard', '3292888130', '2023-6-6', '2023-8-20', 'Secondary'),
('3723 Birch Boulevard', '2990921221', '2022-1-1', '2022-3-14', 'Primary');

INSERT INTO lives_in VALUES
('2304 Birch Court', '1192830010', '2019-8-12', '2023-1-26', 'Secondary'),
('2304 Birch Court', '4941727423', '2020-5-1', '2020-7-27', 'Secondary'),
('2304 Birch Court', '6919005515', '2015-2-11', '2017-3-12', 'Primary'),
('2304 Birch Court', '1073991098', '2016-2-17', '2017-3-9', 'Primary'),
('0360 Magnolia Way', '7995664300', '2015-6-24', '2018-9-1', 'Secondary'),
('0360 Magnolia Way', '9310035396', '2021-7-4', '2022-10-1', 'Primary'),
('1574 Willow Terrace', '9489508190', '2015-5-26', '2018-6-27', 'Secondary'),
('1574 Willow Terrace', '0650850104', '2015-5-2', '2020-5-21', 'Primary'),
('0360 Magnolia Way', '8766456369', '2018-7-25', '2023-1-17', 'Primary'),
('0360 Magnolia Way', '1251295646', '2021-5-19', '2023-2-7', 'Secondary'),
('4512 Birch Street', '2839572720', '2018-10-26', '2021-3-16', 'Primary'),
('0360 Magnolia Way', '1073991098', '2018-1-11', '2019-6-1', 'Primary'),
('4512 Birch Street', '0295498614', '2021-2-11', '2023-6-19', 'Secondary'),
('4512 Birch Street', '4587726958', '2018-10-16', '2022-10-5', 'Secondary'),
('4512 Birch Street', '3575962594', '2017-8-7', '2022-8-7', 'Secondary'),
('0360 Magnolia Way', '3535798235', '2020-4-24', '2023-3-1', 'Primary'),
('4512 Birch Street', '1607846219', '2017-4-9', '2019-7-23', 'Secondary'),
('1574 Willow Terrace', '1192830010', '2018-4-25', '2018-9-19', 'Secondary'),
('4512 Birch Street', '9775583974', '2021-1-4', '2023-1-8', 'Primary'),
('1574 Willow Terrace', '3864390660', '2018-3-21', '2019-4-3', 'Secondary'),
('2304 Birch Court', '3575962594', '2018-4-7', '2023-9-12', 'Secondary'),
('1574 Willow Terrace', '3735011537', '2018-2-6', '2020-1-12', 'Secondary'),
('2304 Birch Court', '3864390660', '2017-11-22', '2023-10-5', 'Primary'),
('1574 Willow Terrace', '6919005515', '2021-7-7', '2022-4-27', 'Secondary'),
('1574 Willow Terrace', '1225378343', '2022-2-22', '2023-2-20', 'Secondary'),
('2304 Birch Court', '4169271013', '2016-11-6', '2022-10-10', 'Primary'),
('2304 Birch Court', '0650850104', '2023-2-11', '2023-4-19', 'Secondary'),
('4512 Birch Street', '0158068160', '2019-10-22', '2021-10-17', 'Primary'),
('4512 Birch Street', '1260125282', '2018-9-2', '2023-4-10', 'Secondary'),
('4512 Birch Street', '8314827285', '2021-1-5', '2022-7-14', 'Secondary'),
('0360 Magnolia Way', '0490794999', '2022-11-22', '2023-9-12', 'Primary'),
('4512 Birch Street', '3735011537', '2016-6-21', '2016-6-22', 'Secondary'),
('1574 Willow Terrace', '4207000240', '2018-8-27', '2023-4-26', 'Primary'),
('1574 Willow Terrace', '5696558761', '2023-4-12', '2023-5-19', 'Primary'),
('4512 Birch Street', '1251295646', '2019-6-4', '2022-6-2', 'Secondary'),
('1574 Willow Terrace', '9977353156', '2020-3-18', '2021-9-21', 'Secondary'),
('2304 Birch Court', '8766456369', '2019-8-15', '2023-7-2', 'Primary'),
('4512 Birch Street', '9310035396', '2022-1-27', '2022-2-22', 'Secondary'),
('0360 Magnolia Way', '5192653064', '2016-11-10', '2021-4-2', 'Secondary'),
('0360 Magnolia Way', '8606950035', '2020-4-8', '2021-9-16', 'Primary'),
('1574 Willow Terrace', '1073991098', '2016-5-17', '2022-5-20', 'Secondary'),
('2304 Birch Court', '1932149226', '2016-4-22', '2020-5-6', 'Secondary'),
('1574 Willow Terrace', '1932149226', '2020-6-4', '2020-7-26', 'Primary'),
('4512 Birch Street', '4955915330', '2017-2-25', '2017-6-6', 'Primary'),
('0360 Magnolia Way', '3864390660', '2021-1-7', '2022-6-12', 'Secondary'),
('4512 Birch Street', '4169271013', '2020-8-16', '2023-3-26', 'Secondary'),
('4512 Birch Street', '9977353156', '2022-8-14', '2023-8-14', 'Primary'),
('4512 Birch Street', '6524524470', '2017-10-8', '2023-11-21', 'Primary'),
('4512 Birch Street', '3855305082', '2023-3-6', '2023-3-18', 'Secondary'),
('4512 Birch Street', '4941727423', '2015-1-9', '2023-1-9', 'Secondary'),
('4512 Birch Street', '8766456369', '2023-6-16', '2023-9-5', 'Secondary'),
('2304 Birch Court', '5696558761', '2018-3-27', '2020-1-22', 'Primary'),
('0360 Magnolia Way', '9775583974', '2018-1-21', '2020-2-15', 'Secondary'),
('2304 Birch Court', '3735011537', '2020-2-14', '2023-7-25', 'Secondary'),
('0360 Magnolia Way', '4535803125', '2017-1-25', '2019-11-17', 'Secondary'),
('0360 Magnolia Way', '4955915330', '2015-3-8', '2022-5-8', 'Secondary'),
('0360 Magnolia Way', '3575962594', '2017-9-24', '2018-6-24', 'Secondary'),
('0360 Magnolia Way', '4941727423', '2017-3-9', '2022-7-9', 'Secondary'),
('0360 Magnolia Way', '0063418495', '2017-8-22', '2023-2-18', 'Secondary'),
('2304 Birch Court', '5192653064', '2019-6-13', '2023-10-26', 'Secondary'),
('1574 Willow Terrace', '3476350484', '2020-10-8', '2023-4-20', 'Secondary');

INSERT INTO lives_with VALUES
('5856504126', '0181050279', 'Parent'),
('4077841550', '7365026668', 'Partner'),
('5111453599', '9870028105', 'Non-Parent Dependent'),
('2221868413', '6041318578', 'Children'),
('0488962295', '7793249250', 'Children'),
('7365026668', '0205970077', 'Non-Parent Dependent'),
('3017793058', '2221868413', 'Children'),
('1267802962', '1846896272', 'Roommate'),
('2221868413', '1716262758', 'Partner'),
('1396587158', '4420868235', 'Children'),
('3017793058', '5111453599', 'Roommate'),
('0960221279', '3853020187', 'Roommate'),
('4826635732', '0181050279', 'Partner'),
('0694980954', '2257797469', 'Roommate'),
('4826635732', '0488962295', 'Children'),
('7365026668', '7659036250', 'Parent'),
('5531886753', '0960221279', 'Non-Parent Dependent'),
('1108451730', '1396587158', 'Partner'),
('0694980954', '2283229751', 'Parent'),
('1396587158', '6041318578', 'Parent'),
('9814664072', '1122052676', 'Parent'),
('2221868413', '5093124724', 'Children'),
('7793249250', '0370854396', 'Parent'),
('0181050279', '7365026668', 'Roommate'),
('0205970077', '9870028105', 'Non-Parent Dependent'),
('4420868235', '0370854396', 'Children'),
('0694980954', '4677110766', 'Non-Parent Dependent'),
('8030840338', '7659036250', 'Children'),
('5531886753', '5111453599', 'Parent'),
('1846896272', '1108451730', 'Partner'),
('4420868235', '5531886753', 'Parent'),
('7365026668', '1267802962', 'Partner'),
('5856504126', '9814664072', 'Children'),
('1108451730', '6041318578', 'Roommate'),
('4736680095', '2283229751', 'Children'),
('6041318578', '0181050279', 'Parent'),
('9814664072', '0181050279', 'Non-Parent Dependent'),
('5531886753', '9870028105', 'Children'),
('0960221279', '1267802962', 'Children'),
('7417936765', '4077841550', 'Roommate');


INSERT INTO lives_with VALUES
('2197446962', '7823794112', 'Parent'),
('1352823733', '0776829885', 'Roommate'),
('8073547744', '4861230803', 'Roommate'),
('0130487027', '5771599265', 'Roommate'),
('9120812510', '2128038056', 'Roommate'),
('4871219911', '1765750704', 'Children'),
('7861366821', '9120812510', 'Partner'),
('4871219911', '3814772084', 'Roommate'),
('8073547744', '1352823733', 'Children'),
('2496322406', '0204192927', 'Non-Parent Dependent'),
('5740615916', '7861366821', 'Non-Parent Dependent'),
('4871219911', '7823794112', 'Children'),
('0341598106', '8768124438', 'Children'),
('4871219911', '5771599265', 'Roommate'),
('9120812510', '6490119626', 'Partner'),
('2732540415', '6524526199', 'Partner'),
('9120812510', '1352823733', 'Parent'),
('6524526199', '0304731548', 'Roommate'),
('0776829885', '1352823733', 'Parent'),
('2496322406', '1765750704', 'Roommate'),
('7823794112', '2496322406', 'Non-Parent Dependent'),
('6490119626', '3814772084', 'Roommate'),
('0341598106', '0681955813', 'Partner'),
('3814772084', '7333262513', 'Partner'),
('9902151853', '2197446962', 'Partner'),
('0681955813', '4801152883', 'Roommate'),
('4801152883', '5740615916', 'Roommate'),
('4871219911', '9120812510', 'Children'),
('9120812510', '7278856415', 'Parent'),
('4871219911', '0681955813', 'Non-Parent Dependent'),
('0776829885', '0348319425', 'Roommate'),
('2197446962', '5740615916', 'Non-Parent Dependent'),
('9135494233', '4034981294', 'Roommate'),
('0776829885', '4034981294', 'Parent'),
('7823794112', '2593334238', 'Roommate'),
('6524526199', '9902151853', 'Children'),
('4861230803', '2197446962', 'Roommate'),
('4861230803', '1352823733', 'Partner'),
('2732540415', '0776829885', 'Partner');

INSERT INTO lives_with VALUES
('3022670114', '1838395198', 'Children'),
('7234224893', '5101091349', 'Parent'),
('6208351526', '7396175814', 'Parent'),
('5821185036', '8151793682', 'Roommate'),
('5812533099', '1941208331', 'Children'),
('7396175814', '5903005287', 'Roommate'),
('7003484987', '2062687888', 'Parent'),
('9493763584', '1437617684', 'Partner'),
('2714625655', '0758897617', 'Non-Parent Dependent'),
('1412689084', '7141395572', 'Partner'),
('2714625655', '5821185036', 'Children'),
('1412689084', '7286605123', 'Roommate'),
('7286605123', '2369700059', 'Partner'),
('7141395572', '6381494826', 'Children'),
('6103425184', '5812533099', 'Roommate'),
('5903005287', '9083880438', 'Partner'),
('6103425184', '6741457672', 'Parent'),
('6741457672', '6208351526', 'Roommate'),
('5903005287', '9075522100', 'Roommate'),
('3728829105', '9075522100', 'Non-Parent Dependent'),
('6208351526', '0758897617', 'Non-Parent Dependent'),
('7234224893', '1412689084', 'Children'),
('2417122923', '1725668645', 'Partner'),
('1437617684', '1725668645', 'Parent'),
('5025932156', '4477627756', 'Partner'),
('7286605123', '2714625655', 'Children'),
('5903005287', '7003484987', 'Roommate'),
('7396175814', '6017291583', 'Children'),
('5903005287', '2714625655', 'Non-Parent Dependent'),
('5812533099', '2369700059', 'Roommate'),
('5101091349', '9083880438', 'Children'),
('7234224893', '7286605123', 'Parent'),
('1941208331', '5025932156', 'Roommate'),
('6017291583', '5903005287', 'Parent'),
('6111729254', '5821185036', 'Non-Parent Dependent'),
('7003484987', '4477627756', 'Parent'),
('2714625655', '2062687888', 'Roommate'),
('6017291583', '2714625655', 'Partner'),
('4477627756', '2417122923', 'Partner');

INSERT INTO lives_with VALUES
('2832491020', '8713403267', 'Children'),
('8702480659', '1203346636', 'Parent'),
('5101719368', '3759006262', 'Non-Parent Dependent'),
('2501863642', '3759006262', 'Parent'),
('3636179705', '4609387889', 'Roommate'),
('8355006755', '4595384037', 'Roommate'),
('1023717835', '7387197336', 'Children'),
('0799260982', '4658338475', 'Non-Parent Dependent'),
('4595384037', '0950918878', 'Partner'),
('8713403267', '4326566250', 'Roommate'),
('7387197336', '8459327756', 'Roommate'),
('2111558385', '7947374657', 'Roommate'),
('0799260982', '2194541688', 'Parent'),
('4609387889', '1203346636', 'Children'),
('1023717835', '0950918878', 'Parent'),
('4326566250', '4609387889', 'Roommate'),
('9847121973', '2111558385', 'Partner'),
('5267309871', '1203346636', 'Children'),
('1203346636', '6218900298', 'Roommate'),
('7387197336', '2548422980', 'Children'),
('8279377933', '9847121973', 'Roommate'),
('6218900298', '1023717835', 'Roommate'),
('1203346636', '4957309614', 'Partner'),
('2194541688', '1896074604', 'Partner'),
('4957309614', '8459327756', 'Parent'),
('3636179705', '0864973267', 'Children'),
('2194541688', '3026663744', 'Children'),
('8355006755', '2548422980', 'Parent'),
('4609387889', '8472506615', 'Roommate'),
('7387197336', '5075962471', 'Children'),
('9199468968', '7374090140', 'Partner'),
('3636179705', '4326566250', 'Children'),
('1023717835', '4326566250', 'Children'),
('2501863642', '3026663744', 'Children'),
('2501863642', '1505878532', 'Children'),
('0864973267', '6218900298', 'Partner'),
('0950918878', '4957309614', 'Parent'),
('4658338475', '4326566250', 'Parent'),
('8713403267', '5267309871', 'Children'),
('3026663744', '3759006262', 'Non-Parent Dependent');

INSERT INTO lives_with VALUES
('2903513929', '2490331145', 'Parent'),
('0209378488', '9816483354', 'Partner'),
('6066832189', '9816483354', 'Children'),
('6392397178', '2438254064', 'Partner'),
('0427718933', '6609018578', 'Non-Parent Dependent'),
('9057073701', '9816483354', 'Children'),
('2825065872', '7275010549', 'Partner'),
('4728061278', '1551084002', 'Roommate'),
('9143488864', '8886900233', 'Children'),
('1551084002', '2438254064', 'Partner'),
('2903513929', '2438254064', 'Roommate'),
('8886900233', '2490331145', 'Children'),
('7084468251', '2903513929', 'Roommate'),
('0427718933', '6193775715', 'Children'),
('9816483354', '0318317759', 'Children'),
('0634685889', '7537411609', 'Children'),
('4320665724', '8886900233', 'Children'),
('2694212508', '7084468251', 'Parent'),
('6193775715', '6609018578', 'Children'),
('3400243672', '7275010549', 'Parent'),
('7084468251', '8420678606', 'Children'),
('9143488864', '2825065872', 'Non-Parent Dependent'),
('0427718933', '8571667966', 'Children'),
('8916068486', '2903513929', 'Non-Parent Dependent'),
('6676829233', '2903513929', 'Partner'),
('5999328014', '2058110287', 'Children'),
('0634685889', '1551084002', 'Partner'),
('4320665724', '2694212508', 'Children'),
('8571667966', '7537411609', 'Roommate'),
('2825065872', '2612459397', 'Children'),
('4204650741', '0318317759', 'Roommate'),
('5303969822', '2506440306', 'Parent'),
('2825065872', '0427718933', 'Parent'),
('4056598173', '1551084002', 'Parent'),
('4728061278', '6676829233', 'Children'),
('5303969822', '1408667027', 'Roommate'),
('6392397178', '7275010549', 'Children'),
('9143488864', '6676829233', 'Children'),
('0634685889', '9057073701', 'Children'),
('7537411609', '4204650741', 'Parent');

INSERT INTO lives_with VALUES
('8009788027', '2948747446', 'Non-Parent Dependent'),
('5107885382', '6108704052', 'Non-Parent Dependent'),
('6815328418', '0205155706', 'Roommate'),
('0205155706', '7090717763', 'Roommate'),
('4055516388', '8867956372', 'Parent'),
('4055516388', '6626360473', 'Parent'),
('0121922164', '8117061329', 'Roommate'),
('7585516843', '6083630317', 'Roommate'),
('0293770067', '3755473873', 'Children'),
('0624933378', '7452834612', 'Partner'),
('3351202478', '6815328418', 'Partner'),
('0186072937', '2091381428', 'Children'),
('9787442416', '2465798930', 'Partner'),
('0121922164', '8867956372', 'Partner'),
('8117061329', '7452834612', 'Roommate'),
('5098566686', '3755473873', 'Partner'),
('9477361371', '6108704052', 'Children'),
('0785541846', '9928416607', 'Partner'),
('2948747446', '6626360473', 'Roommate'),
('5098566686', '0293770067', 'Children'),
('6363602708', '3755473873', 'Roommate'),
('2465798930', '8841448660', 'Roommate'),
('5176283972', '0186072937', 'Parent'),
('0293770067', '7275898733', 'Children'),
('8841448660', '5348037625', 'Non-Parent Dependent'),
('0205155706', '0186072937', 'Children'),
('0186072937', '4055516388', 'Parent'),
('9787442416', '9928416607', 'Partner'),
('6815328418', '7452834612', 'Non-Parent Dependent'),
('3755473873', '5098566686', 'Partner'),
('2948747446', '8648048052', 'Partner'),
('5107885382', '6068555105', 'Partner'),
('2948747446', '5348037625', 'Children'),
('8009788027', '0121922164', 'Parent'),
('6068555105', '9928416607', 'Parent'),
('0520041483', '8240463454', 'Children'),
('5844878132', '0293770067', 'Parent'),
('9787442416', '4825911318', 'Non-Parent Dependent'),
('6363602708', '7452834612', 'Roommate'),
('6183352962', '8240463454', 'Partner');

INSERT INTO lives_with VALUES
('0133762294', '1989566364', 'Children'),
('2400176442', '0133762294', 'Non-Parent Dependent'),
('7768578503', '8997315806', 'Parent'),
('2738210664', '4311620556', 'Children'),
('1989566364', '3570339851', 'Partner'),
('1773275854', '3584397276', 'Roommate'),
('3928321107', '8997315806', 'Children'),
('8807727190', '9601327476', 'Children'),
('0133762294', '6673060443', 'Non-Parent Dependent'),
('7768578503', '8170891388', 'Non-Parent Dependent'),
('1249793075', '2400176442', 'Parent'),
('8997315806', '6337985321', 'Children'),
('9360929592', '2990921221', 'Partner'),
('7399525127', '0133762294', 'Children'),
('2400176442', '8997315806', 'Children'),
('1249793075', '1461325900', 'Children'),
('2476981425', '8733683533', 'Non-Parent Dependent'),
('6170022529', '1152181781', 'Children'),
('7399525127', '7768578503', 'Roommate'),
('9360929592', '0675465834', 'Partner'),
('5682958626', '4942953805', 'Parent'),
('6170022529', '2990921221', 'Non-Parent Dependent'),
('9601327476', '0133762294', 'Children'),
('2476981425', '0675465834', 'Non-Parent Dependent'),
('9360929592', '8733683533', 'Roommate'),
('1746473832', '7768578503', 'Partner'),
('4311620556', '4079330127', 'Roommate'),
('3570339851', '8997315806', 'Roommate'),
('3584397276', '8997315806', 'Non-Parent Dependent'),
('8997315806', '9360929592', 'Children'),
('1773275854', '7906513972', 'Non-Parent Dependent'),
('5682958626', '5421239346', 'Parent'),
('0336211324', '1108039217', 'Roommate'),
('2738210664', '0336211324', 'Partner'),
('8807727190', '2738210664', 'Non-Parent Dependent'),
('7509746537', '2738210664', 'Parent'),
('9360929592', '6337985321', 'Parent'),
('7906513972', '1461325900', 'Children'),
('2476981425', '0133762294', 'Roommate');

INSERT INTO lives_with VALUES
('3476350484', '8606950035', 'Roommate'),
('7995664300', '1260125282', 'Non-Parent Dependent'),
('8606950035', '0490794999', 'Partner'),
('0490794999', '4955915330', 'Non-Parent Dependent'),
('7995664300', '5696558761', 'Children'),
('9250407001', '1251295646', 'Parent'),
('8314827285', '6524524470', 'Children'),
('6732378558', '6524524470', 'Roommate'),
('3535798235', '0063418495', 'Parent'),
('0650850104', '9775583974', 'Roommate'),
('4207000240', '3855305082', 'Non-Parent Dependent'),
('8606950035', '1260125282', 'Non-Parent Dependent'),
('4207000240', '8606950035', 'Parent'),
('3476350484', '4169271013', 'Partner'),
('6919005515', '1192830010', 'Children'),
('9250407001', '8766456369', 'Partner'),
('8766456369', '3855305082', 'Roommate'),
('4941727423', '9775583974', 'Partner'),
('5696558761', '1260125282', 'Non-Parent Dependent'),
('3855305082', '3476350484', 'Children'),
('3476350484', '1932149226', 'Children'),
('6919005515', '3735011537', 'Non-Parent Dependent'),
('0650850104', '7995664300', 'Roommate'),
('8606950035', '0063418495', 'Non-Parent Dependent'),
('0490794999', '1251295646', 'Roommate'),
('5696558761', '9310035396', 'Non-Parent Dependent'),
('4169271013', '0295498614', 'Parent'),
('6524524470', '5192653064', 'Non-Parent Dependent'),
('9250407001', '1260125282', 'Partner'),
('0063418495', '9977353156', 'Roommate'),
('3855305082', '1192830010', 'Parent'),
('1607846219', '3575962594', 'Non-Parent Dependent'),
('8606950035', '3476350484', 'Non-Parent Dependent'),
('4169271013', '3476350484', 'Roommate'),
('5696558761', '8314827285', 'Partner'),
('0295498614', '0158068160', 'Parent'),
('8314827285', '3476350484', 'Non-Parent Dependent'),
('4207000240', '3535798235', 'Roommate'),
('4169271013', '4941727423', 'Roommate'),
('1251295646', '9977353156', 'Roommate');

INSERT INTO Infection VALUES
('2023-8-3', 'Other', 10, '0488962295'),
('2021-10-18', 'COVID-19', 12, '7950328430'),
('2023-10-18', 'COVID-19', 5, '0205970077'),
('2023-11-25', 'SARS-Cov-2 Variant', 2, '9814664072'),
('2020-11-23', 'COVID-19', 13, '1267802962'),
('2020-7-27', 'SARS-Cov-2 Variant', 5, '1108451730'),
('2022-3-8', 'Other', 2, '1846896272'),
('2022-1-5', 'SARS-Cov-2 Variant', 3, '7659036250'),
('2020-2-23', 'SARS-Cov-2 Variant', 12, '2283229751'),
('2023-11-5', 'Other', 11, '2283229751'),
('2022-9-23', 'SARS-Cov-2 Variant', 2, '1396587158'),
('2022-1-19', 'COVID-19', 9, '1716262758'),
('2023-8-22', 'SARS-Cov-2 Variant', 13, '2257797469'),
('2022-4-25', 'SARS-Cov-2 Variant', 4, '1846896272'),
('2023-6-27', 'Other', 10, '5856504126'),
('2023-8-17', 'COVID-19', 12, '9088373442'),
('2023-11-2', 'Other', 7, '1396587158'),
('2021-9-16', 'Other', 5, '7750008493'),
('2023-2-2', 'Other', 11, '7659036250'),
('2022-1-16', 'COVID-19', 13, '7750008493'),
('2023-7-15', 'Other', 5, '9870028105'),
('2023-4-16', 'SARS-Cov-2 Variant', 5, '7750008493'),
('2022-7-10', 'COVID-19', 11, '7793249250'),
('2021-8-26', 'COVID-19', 11, '1267802962'),
('2021-8-17', 'SARS-Cov-2 Variant', 8, '9814664072'),
('2023-5-12', 'Other', 12, '2257797469'),
('2022-4-19', 'Other', 9, '7659036250'),
('2022-10-15', 'SARS-Cov-2 Variant', 13, '0960221279'),
('2020-3-27', 'SARS-Cov-2 Variant', 5, '3853020187'),
('2022-4-15', 'SARS-Cov-2 Variant', 12, '0488962295'),
('2022-11-22', 'Other', 8, '4077841550'),
('2022-6-18', 'COVID-19', 3, '4677110766'),
('2023-3-17', 'COVID-19', 8, '0370854396'),
('2020-8-9', 'SARS-Cov-2 Variant', 10, '5531886753'),
('2021-3-16', 'Other', 2, '9870028105'),
('2020-11-26', 'SARS-Cov-2 Variant', 8, '3017793058'),
('2022-7-6', 'Other', 4, '0370854396'),
('2020-8-20', 'SARS-Cov-2 Variant', 2, '4826635732'),
('2021-5-14', 'SARS-Cov-2 Variant', 2, '3017793058'),
('2021-10-17', 'Other', 12, '3017793058'),
('2022-7-11', 'COVID-19', 13, '1846896272'),
('2020-2-22', 'Other', 9, '4420868235'),
('2020-1-24', 'Other', 2, '0960221279'),
('2023-7-18', 'COVID-19', 2, '5531886753'),
('2021-2-16', 'SARS-Cov-2 Variant', 1, '4736680095'),
('2022-6-4', 'COVID-19', 9, '1396587158'),
('2022-5-15', 'SARS-Cov-2 Variant', 13, '0205970077'),
('2020-5-1', 'SARS-Cov-2 Variant', 11, '5856504126'),
('2020-3-15', 'COVID-19', 5, '2221868413'),
('2023-3-5', 'COVID-19', 7, '9455078721');


INSERT INTO Vaccination VALUES
(3, 'AstraZeneca', '2020-3-24', '7659036250', 'MediResearch 5788'),
(8, 'Johnson & Johnson', '2023-1-25', '2283229751', 'MediResearch 5788'),
(5, 'Moderna', '2020-5-26', '9870028105', 'HealthBioTech 0215'),
(5, 'Pfizer', '2021-3-12', '4677110766', 'HealthBioTech 0215'),
(2, 'Moderna', '2023-3-6', '7365026668', 'GenLab 2767'),
(2, 'Moderna', '2022-9-6', '4077841550', 'LifeSolutions 4776'),
(8, 'Johnson & Johnson', '2021-10-3', '3853020187', 'HealthBioTech 0215'),
(3, 'Johnson & Johnson', '2020-11-14', '8030840338', 'TheraMed 0610'),
(6, 'Moderna', '2022-2-1', '3853020187', 'PharmaTech 9868'),
(1, 'AstraZeneca', '2022-5-7', '4826635732', 'CureSolutions 5050'),
(6, 'Pfizer', '2021-6-23', '9814664072', 'CareHealthcare 6535'),
(6, 'Moderna', '2023-6-5', '7659036250', 'HealthBioTech 0215'),
(6, 'AstraZeneca', '2021-10-19', '5856504126', 'VitaHealthcare 0007'),
(5, 'Pfizer', '2020-7-1', '9455078721', 'BioPharm 3244'),
(3, 'Moderna', '2020-5-12', '4677110766', 'MediResearch 5788'),
(3, 'AstraZeneca', '2023-8-20', '1846896272', 'BioLab 8979'),
(7, 'Pfizer', '2022-9-1', '7793249250', 'CareHealthcare 6535'),
(6, 'AstraZeneca', '2021-10-11', '1396587158', 'BioPharmaTech 6176'),
(4, 'Johnson & Johnson', '2020-9-2', '1653918339', 'CureSolutions 5050'),
(2, 'Moderna', '2023-6-17', '1846896272', 'CareHealthcare 6535'),
(2, 'Pfizer', '2023-8-18', '7659036250', 'HealthTech 0945'),
(6, 'AstraZeneca', '2022-8-15', '0205970077', 'HealthBioTech 0215'),
(4, 'Pfizer', '2020-9-11', '9814664072', 'TheraPharm 7698'),
(5, 'Pfizer', '2022-5-16', '7750008493', 'CureSolutions 5050'),
(1, 'AstraZeneca', '2020-2-17', '1267802962', 'TheraPharm 7698'),
(4, 'AstraZeneca', '2023-6-11', '0694980954', 'TheraPharm 7698'),
(3, 'Johnson & Johnson', '2023-3-24', '7793249250', 'BioPharm 3244'),
(8, 'Moderna', '2021-11-23', '5093124724', 'CureSolutions 5050'),
(2, 'Pfizer', '2020-10-17', '5856504126', 'TheraPharm 7698'),
(1, 'Pfizer', '2021-8-20', '8030840338', 'MediPharmaTech 2491'),
(6, 'AstraZeneca', '2020-8-9', '1267802962', 'PharmaBioTech 6175'),
(3, 'Pfizer', '2023-5-25', '1396587158', 'LifeSolutions 4776'),
(5, 'Johnson & Johnson', '2023-6-1', '7365026668', 'GenPharm 6110'),
(2, 'Johnson & Johnson', '2021-6-4', '1396587158', 'GenPharm 6110'),
(2, 'AstraZeneca', '2021-10-16', '6041318578', 'BioSolutions 3003'),
(7, 'AstraZeneca', '2023-3-15', '2899965168', 'LifeSolutions 4776'),
(2, 'Moderna', '2020-5-21', '0960221279', 'CureHealthcare 0646'),
(4, 'Pfizer', '2023-5-27', '0960221279', 'CareHealthcare 6535'),
(3, 'AstraZeneca', '2023-11-8', '0370854396', 'MediPharmaTech 2491'),
(5, 'Moderna', '2021-1-10', '5111453599', 'VitaLab 9413'),
(8, 'AstraZeneca', '2020-3-3', '5111453599', 'HealthBioTech 0215'),
(2, 'Moderna', '2023-2-12', '7417936765', 'GenLab 2767'),
(7, 'AstraZeneca', '2020-4-5', '1122052676', 'HealthBioTech 0215'),
(5, 'Johnson & Johnson', '2020-11-15', '0694980954', 'GenPharmaCare 8526');


INSERT INTO Schedule VALUES
('2017-2-16', '2019-2-10 4:52:33', '2021-1-7 6:55:50', 'VitaLab 9413', '1267802962'),
('2020-9-3', '2018-2-11 17:33:2', '2019-3-8 22:26:39', 'HealthPharmaCare 3635', '1716262758'),
('2017-7-6', '2020-11-24 2:8:26', '2021-9-2 9:55:6', 'VitaHealthcare 0007', '0488962295'),
('2020-9-21', '2023-7-20 16:13:33', '2023-9-24 16:51:13', 'GenLab 2767', '4826635732'),
('2019-8-3', '2023-4-14 1:20:24', '2023-5-9 19:5:28', 'GenPharmaCare 8526', '5856504126'),
('2022-5-6', '2022-4-9 8:39:12', '2023-6-12 6:40:17', 'BioPharm 3244', '7417936765'),
('2018-9-24', '2019-8-1 23:57:24', '2023-5-23 1:43:25', 'CureLab 6065', '4736680095'),
('2023-1-12', '2023-9-18 13:33:36', '2023-11-25 11:3:39', 'CureSolutions 5050', '5093124724'),
('2023-9-24', '2020-9-17 5:28:35', '2021-2-19 12:39:47', 'HealthTech 0945', '0370854396'),
('2020-1-15', '2021-3-6 23:4:23', '2021-8-4 5:5:58', 'BioLab 8979', '2221868413'),
('2023-3-14', '2023-4-27 18:35:44', '2023-8-3 11:10:15', 'HealthTech 0945', '0488962295'),
('2019-7-9', '2023-6-11 9:48:56', '2023-7-20 21:45:28', 'TheraPharmaCare 0741', '1716262758'),
('2017-3-7', '2018-8-9 21:14:2', '2022-8-5 17:53:39', 'TheraMed 0610', '0205970077'),
('2021-7-22', '2021-6-24 8:30:44', '2023-4-14 3:30:17', 'MediPharmaTech 2491', '1716262758'),
('2017-1-6', '2018-2-12 23:43:49', '2020-6-5 10:57:9', 'BioLab 8979', '7750008493'),
('2023-5-22', '2022-11-13 17:36:32', '2023-1-19 16:45:59', 'BioPharm 3244', '2257797469'),
('2020-10-6', '2023-8-26 15:2:49', '2023-11-1 16:26:10', 'GenPharmaCare 8526', '5531886753'),
('2019-11-1', '2022-2-17 1:25:32', '2022-4-24 17:14:36', 'VitaLab 9413', '7365026668'),
('2022-3-26', '2020-10-21 6:7:27', '2021-9-17 23:29:53', 'BioSolutions 3003', '0960221279'),
('2022-7-20', '2018-8-8 16:29:13', '2019-9-16 10:35:35', 'PharmaBioTech 6175', '2257797469'),
('2020-8-4', '2019-5-9 15:51:16', '2022-5-11 14:31:56', 'HealthTech 0945', '9455078721'),
('2020-10-8', '2020-7-24 7:49:19', '2022-11-20 6:32:26', 'MediResearch 5788', '0960221279'),
('2022-8-21', '2022-8-19 15:47:48', '2023-1-22 1:18:12', 'TheraMed 0610', '1716262758'),
('2022-10-1', '2022-10-23 17:26:57', '2023-9-6 22:4:22', 'PharmaTech 9868', '6041318578'),
('2021-10-6', '2021-3-26 14:1:10', '2022-3-4 19:5:41', 'VitaLab 9413', '1108451730'),
('2023-6-2', '2021-1-8 13:17:49', '2021-10-15 16:9:33', 'GenPharmaCare 8526', '1267802962'),
('2017-8-8', '2019-2-19 18:42:50', '2020-6-9 15:13:44', 'PharmaBioTech 6175', '9455078721'),
('2020-2-5', '2019-1-19 1:11:56', '2023-4-15 12:54:46', 'TheraPharm 7698', '5093124724'),
('2022-7-21', '2023-8-13 5:4:14', '2023-8-14 8:14:7', 'BioLab 8979', '2221868413'),
('2023-7-27', '2018-3-14 22:33:29', '2021-7-23 11:7:44', 'BioPharm 3244', '0488962295');



