INSERT INTO Residence VALUES
('1555 Cedar Road', 'Abbotsford', 'British Columbia', 'C39 1G7', '3384551985', 5, 'Apartment'),
('4796 Birch Lane', 'White Rock', 'Quebec', 'G21 3M6', '8146431373', 4, 'Condominium'),
('9198 Maple Street', 'Sherbrooke', 'Nova Scotia', 'C09 1Y3', '8823246559', 4, 'Apartment'),
('1161 Pine Terrace', 'St. Albert', 'Northwest Territories', 'I01 0E0', '5182094160', 3, 'Condominium'),
('3811 Spruce Street', 'Vancouver', 'Nova Scotia', 'C58 3Q4', '5118915485', 5, 'Semi-Detached House'),
('5272 Magnolia Boulevard', 'St. Johns', 'Prince Edward Island', 'H50 4H0', '9304644622', 4, 'House'),
('3154 Birch Terrace', 'Ottawa', 'Manitoba', 'R36 0T6', '5384454221', 2, 'Condominium'),
('7647 Maple Court', 'Victoriaville', 'British Columbia', 'E72 5K8', '5725838730', 6, 'Apartment'),
('4114 Oak Court', 'Guelph', 'Nova Scotia', 'C46 6M2', '4165456503', 5, 'House'),
('2638 Hickory Lane', 'Medicine Hat', 'Prince Edward Island', 'G20 2W3', '4296897864', 4, 'Semi-Detached House'),
('4788 Pine Court', 'Kelowna', 'Nunavut', 'B06 9V3', '7092811396', 2, 'Apartment'),
('2931 Oak Way', 'North Bay', 'Manitoba', 'I95 3M5', '2948159241', 2, 'House'),
('2226 Pine Avenue', 'Kanata', 'Alberta', 'O40 8D8', '5058328720', 2, 'House'),
('4787 Maple Circle', 'Drummondville', 'Quebec', 'Q73 5H7', '3733801284', 2, 'Condominium'),
('0105 Maple Lane', 'Cornwall', 'Saskatchewan', 'X08 2K3', '5633259488', 6, 'Semi-Detached House'),
('6979 Spruce Road', 'Norfolk County', 'Saskatchewan', 'E44 2I4', '3724881290', 6, 'Condominium'),
('5133 Hickory Circle', 'Winnipeg', 'Manitoba', 'W00 4H9', '2290889568', 6, 'Semi-Detached House'),
('7321 Spruce Avenue', 'Regina', 'Prince Edward Island', 'J91 8G6', '3054059668', 5, 'Semi-Detached House'),
('5058 Oak Boulevard', 'Saskatoon', 'Nova Scotia', 'D07 5F9', '3857078712', 6, 'Semi-Detached House'),
('5045 Hickory Way', 'Brandon', 'British Columbia', 'B02 1D1', '4604970973', 1, 'House'),
('7662 Elm Road', 'Oshawa', 'Quebec', 'Z12 7G9', '5895666353', 4, 'Condominium'),
('8229 Willow Circle', 'Kingston', 'Newfoundland and Labrador', 'F61 5U7', '8947619273', 5, 'Semi-Detached House'),
('1810 Oak Road', 'Victoria', 'Newfoundland and Labrador', 'N25 4X3', '4202700752', 7, 'Apartment'),
('1643 Oak Street', 'Saint John', 'Saskatchewan', 'O79 9A5', '6985326321', 3, 'House'),
('6917 Maple Way', 'Saint-Hyacinthe', 'Nunavut', 'D31 3W9', '6712060642', 2, 'Apartment'),
('7530 Pine Boulevard', 'Prince George', 'Ontario', 'H18 0X1', '4340112579', 1, 'Apartment'),
('6921 Hickory Court', 'Trois-Rivieres', 'Nova Scotia', 'T32 7J6', '9380550576', 3, 'Apartment'),
('4405 Oak Lane', 'Edmonton', 'Nova Scotia', 'V44 5E9', '6162516012', 2, 'House'),
('2018 Elm Terrace', 'Moncton', 'Nova Scotia', 'B77 4X2', '8625048765', 1, 'House'),
('2733 Oak Terrace', 'Calgary', 'Nova Scotia', 'C71 0I6', '3388861084', 4, 'Apartment'),
('8138 Oak Drive', 'Hamilton', 'Newfoundland and Labrador', 'B88 3U7', '2420563348', 5, 'House'),
('4552 Willow Street', 'Halifax', 'Newfoundland and Labrador', 'W73 5N1', '8187308146', 6, 'Condominium'),
('8413 Hickory Road', 'Barrie', 'Nova Scotia', 'Z32 9D4', '5945855645', 1, 'Apartment'),
('5398 Hickory Street', 'Red Deer', 'Northwest Territories', 'I86 3P5', '2179392175', 2, 'House'),
('1888 Willow Court', 'Chicoutimi', 'New Brunswick', 'A65 0J9', '2424125556', 1, 'Semi-Detached House'),
('1060 Pine Street', 'Toronto', 'British Columbia', 'W70 2F9', '4595411986', 3, 'Apartment'),
('3189 Maple Terrace', 'Lethbridge', 'Saskatchewan', 'X49 5B1', '9219386960', 5, 'Apartment'),
('3050 Spruce Drive', 'Mirabel', 'Ontario', 'M73 8G2', '6894014423', 4, 'Semi-Detached House'),
('1670 Maple Boulevard', 'Peterborough', 'Quebec', 'C87 4F3', '2319653151', 7, 'House'),
('2986 Hickory Avenue', 'Windsor', 'Alberta', 'B21 8M8', '2270392563', 5, 'Apartment');

INSERT INTO Person VALUES
('6862049452', 'Lucas', 'Johnson', '1955-5-27', 'I160849717', '6828409157', 'Canadian', 'lucasjohnson82@gmail.com', 'Chef', '3189 Maple Terrace'),
('7541777277', 'David', 'Lopez', '1990-4-25', 'V996018991', '3185245732', 'Canadian', 'davidlopez03@gmail.com', 'Fashion Designer', '2733 Oak Terrace'),
('0870973573', 'James', 'Jackson', '1974-9-12', 'O652953141', '8151435414', 'Canadian', 'jamesjackson85@gmail.com', 'Writer', '1810 Oak Road'),
('2953566750', 'Matthew', 'Lewis', '1978-6-1', 'E147494642', '8947322510', 'Canadian', 'matthewlewis25@gmail.com', 'Construction Worker', '2226 Pine Avenue'),
('2212849832', 'Emily', 'Carter', '1942-4-18', 'L886039316', '4304623833', 'Canadian', 'emilycarter73@gmail.com', 'Biologist', '8138 Oak Drive'),
('5925690587', 'Lucas', 'King', '1984-4-18', 'X220137153', '8372972391', 'Canadian', 'lucasking70@gmail.com', 'Bartender', '1810 Oak Road'),
('1742116388', 'Oliver', 'Scott', '2000-4-17', 'G893884261', '3622494368', 'Canadian', 'oliverscott71@gmail.com', 'Veterinarian', '6979 Spruce Road'),
('3494707445', 'Elijah', 'Wilson', '1964-6-16', 'K636799914', '5065459887', 'Canadian', 'elijahwilson28@gmail.com', 'Electrician', '6979 Spruce Road'),
('9245959268', 'Avery', 'Smith', '2001-4-15', 'J804582316', '9979522590', 'Canadian', 'averysmith98@gmail.com', 'Carpenter', '2931 Oak Way'),
('3253523527', 'Charlotte', 'Phillips', '2006-7-21', 'A673166563', '4206004924', 'Canadian', 'charlottephillips75@gmail.com', 'Fitness Trainer', '4405 Oak Lane'),
('5531579178', 'Mila', 'Robinson', '1980-7-6', 'Q444439964', '7071933115', 'Canadian', 'milarobinson10@gmail.com', 'Nurse', '8138 Oak Drive'),
('3376766384', 'Lily', 'Young', '1964-1-24', 'C901351778', '4416200475', 'Canadian', 'lilyyoung64@gmail.com', 'Financial Analyst', '4796 Birch Lane'),
('8704233486', 'Emily', 'Clark', '2001-5-24', 'P701763665', '6303938745', 'Canadian', 'emilyclark05@gmail.com', 'Meteorologist', '3811 Spruce Street'),
('1799262083', 'Elizabeth', 'Wilson', '1947-11-5', 'A308196824', '4536822990', 'Canadian', 'elizabethwilson36@gmail.com', 'HR Manager', '7321 Spruce Avenue'),
('3264942467', 'Noah', 'Johnson', '1981-8-18', 'T934992818', '3144719459', 'Canadian', 'noahjohnson26@gmail.com', 'Photographer', '6979 Spruce Road'),
('6361043457', 'Emily', 'Young', '2018-11-22', 'M141517137', '9052712752', 'Canadian', 'emilyyoung10@gmail.com', 'Social Worker', '1810 Oak Road'),
('4362836387', 'James', 'Hall', '1996-7-1', 'A510779703', '4891326381', 'Canadian', 'jameshall53@gmail.com', 'Geologist', '1888 Willow Court'),
('1872689698', 'Aria', 'Thompson', '1968-9-8', 'F340133809', '9822075313', 'Canadian', 'ariathompson61@gmail.com', 'Engineer', '8413 Hickory Road'),
('5186666389', 'Mia', 'Wright', '1974-4-9', 'Y125093353', '7342212949', 'Canadian', 'miawright62@gmail.com', 'Mechanic', '1643 Oak Street'),
('0197627388', 'Lily', 'Edwards', '2009-11-11', 'P021243342', '9401505727', 'Canadian', 'lilyedwards71@gmail.com', 'Psychologist', '2638 Hickory Lane'),
('2194453074', 'Amelia', 'Robinson', '1984-5-3', 'M145804984', '4514945430', 'Canadian', 'ameliarobinson48@gmail.com', 'Artist', '9198 Maple Street'),
('3720872087', 'Logan', 'Jackson', '2015-4-4', 'X896687896', '2392345389', 'Canadian', 'loganjackson06@gmail.com', 'Plumber', '8138 Oak Drive'),
('8170593429', 'Isabella', 'Lewis', '2018-11-22', 'O924353713', '9509868415', 'Canadian', 'isabellalewis19@gmail.com', 'Doctor', '3050 Spruce Drive'),
('7969182606', 'Amelia', 'Nelson', '1997-8-26', 'J252140842', '4682599035', 'Canadian', 'amelianelson73@gmail.com', 'Chemist', '6921 Hickory Court'),
('8707180811', 'Michael', 'Williams', '2003-9-11', 'Q441619869', '4918855669', 'Canadian', 'michaelwilliams14@gmail.com', 'Real Estate Agent', '3189 Maple Terrace'),
('0992520366', 'Harper', 'Baker', '1986-8-21', 'O155099028', '3102400740', 'Canadian', 'harperbaker90@gmail.com', 'Sales Representative', '5045 Hickory Way'),
('7202640573', 'Logan', 'Martin', '1987-3-11', 'V189868316', '2341146810', 'Canadian', 'loganmartin97@gmail.com', 'Architect', '1060 Pine Street'),
('2245352842', 'Henry', 'Campbell', '1943-1-15', 'E815815496', '9869134683', 'Canadian', 'henrycampbell80@gmail.com', 'Police Officer', '8413 Hickory Road'),
('9880541276', 'William', 'Martin', '1958-1-24', 'W164145924', '8826559860', 'Canadian', 'williammartin04@gmail.com', 'Software Developer', '3154 Birch Terrace'),
('7443953014', 'Oliver', 'Baker', '1986-6-20', 'A920731978', '8236343997', 'Canadian', 'oliverbaker32@gmail.com', 'Paramedic', '4788 Pine Court'),
('9122022498', 'Aiden', 'Lopez', '1984-10-15', 'R090924613', '8016112436', 'Canadian', 'aidenlopez36@gmail.com', 'Dentist', '4405 Oak Lane'),
('5164482173', 'Logan', 'Rodriguez', '1982-10-9', 'E154604825', '4410021873', 'Canadian', 'loganrodriguez96@gmail.com', 'Pharmacist', '4405 Oak Lane'),
('4654566008', 'Harper', 'Gonzalez', '1988-6-2', 'W336240647', '8040932375', 'Canadian', 'harpergonzalez34@gmail.com', 'Lawyer', '8138 Oak Drive'),
('1636101087', 'Emily', 'Scott', '2016-5-27', 'L920499970', '5259432849', 'Canadian', 'emilyscott08@gmail.com', 'Interior Designer', '6921 Hickory Court'),
('4791350907', 'Riley', 'Campbell', '1974-4-10', 'S091885357', '5460268728', 'Canadian', 'rileycampbell67@gmail.com', 'Web Designer', '1060 Pine Street'),
('2525966099', 'Aria', 'Edwards', '1976-1-2', 'Z514445499', '7866143219', 'Canadian', 'ariaedwards27@gmail.com', 'Graphic Designer', '6917 Maple Way'),
('5170913229', 'William', 'Anderson', '1962-1-5', 'D925772991', '9705309808', 'Canadian', 'williamanderson25@gmail.com', 'Teacher', '7647 Maple Court'),
('4871159411', 'Henry', 'Wilson', '1959-2-14', 'J449190691', '3768840356', 'Canadian', 'henrywilson47@gmail.com', 'Librarian', '6917 Maple Way'),
('5049612618', 'Madison', 'Lopez', '1981-7-14', 'O057883279', '9123305813', 'Canadian', 'madisonlopez14@gmail.com', 'Translator', '3189 Maple Terrace'),
('4684684208', 'Evelyn', 'Edwards', '1990-7-4', 'C429648432', '2591945788', 'Canadian', 'evelynedwards23@gmail.com', 'Pilot', '3811 Spruce Street');

INSERT INTO Employee VALUES
('6862049452', 'Security Personnel'),
('3253523527', 'Doctor'),
('4362836387', 'Regular Employee'),
('1636101087', 'Receptionist'),
('2245352842', 'Cashier'),
('5531579178', 'Administrative Personnel'),
('0197627388', 'Cashier'),
('1799262083', 'Regular Employee'),
('4791350907', 'Security Personnel'),
('9245959268', 'Receptionist'),
('4654566008', 'Doctor'),
('5186666389', 'Administrative Personnel'),
('0992520366', 'Doctor'),
('5049612618', 'Nurse'),
('1742116388', 'Receptionist'),
('4871159411', 'Receptionist'),
('5164482173', 'Cashier'),
('8707180811', 'Cashier'),
('8170593429', 'Doctor'),
('1872689698', 'Administrative Personnel'),
('2525966099', 'Security Personnel'),
('3494707445', 'Pharmacist'),
('7969182606', 'Doctor'),
('7202640573', 'Nurse'),
('7541777277', 'Receptionist'),
('3720872087', 'Pharmacist'),
('2953566750', 'Cashier'),
('9122022498', 'Nurse'),
('9880541276', 'Security Personnel'),
('7443953014', 'Regular Employee'),
('2194453074', 'Security Personnel'),
('3264942467', 'Security Personnel'),
('8704233486', 'Receptionist'),
('0870973573', 'Doctor'),
('5925690587', 'Doctor');

INSERT INTO Facility VALUES
('BioPharm', 'Pine Terrace', 'Trois-Rivieres', 'Nova Scotia', 'A40 2I4', '6382866994', 'www.biopharm404.org', 'Special Instalment', 196, '4654566008'),
('TheraSolutions', 'Maple Road', 'Kingston', 'Nunavut', 'R50 6G9', '4297539081', 'www.therasolutions768.org', 'Clinic', 292, '1799262083'),
('BioPharmaCare', 'Magnolia Road', 'Calgary', 'Nova Scotia', 'U13 7E3', '2038967381', 'www.biopharmacare689.org', 'CLSC', 909, '5186666389'),
('PharmaBioTech', 'Oak Road', 'Mirabel', 'Northwest Territories', 'P24 2N0', '2724564957', 'www.pharmabiotech657.org', 'CLSC', 86, '9245959268'),
('VitaPharmaTech', 'Willow Circle', 'Ottawa', 'Quebec', 'V54 7S2', '4314705622', 'www.vitapharmatech187.org', 'Hospital', 511, '1872689698'),
('CurePharmaCare', 'Hickory Circle', 'Aurora', 'Northwest Territories', 'P29 5N9', '4043165542', 'www.curepharmacare556.org', 'Hospital', 623, '3264942467'),
('CareTech', 'Pine Circle', 'Halifax', 'Saskatchewan', 'F64 3Q0', '7711261611', 'www.caretech592.org', 'Special Instalment', 656, '4362836387'),
('BioSolutions', 'Spruce Road', 'Edmonton', 'Saskatchewan', 'Y02 9O3', '3473498555', 'www.biosolutions982.org', 'Clinic', 541, '4791350907'),
('HealthSolutions', 'Birch Court', 'Newmarket', 'Nova Scotia', 'U68 0E0', '5401894417', 'www.healthsolutions783.org', 'Pharmacy', 294, '5049612618'),
('CurePharm', 'Cedar Drive', 'Montreal', 'New Brunswick', 'T37 6T8', '5827455084', 'www.curepharm236.org', 'Hospital', 127, '9122022498'),
('PharmaPharmaCare', 'Willow Way', 'Oshawa', 'British Columbia', 'R91 9J7', '6996668215', 'www.pharmapharmacare180.org', 'CLSC', 174, '7541777277'),
('TheraTech', 'Spruce Circle', 'Kitchener', 'Nunavut', 'M25 8V3', '9887041132', 'www.theratech067.org', 'Special Instalment', 30, '2525966099'),
('LifeMed', 'Maple Way', 'Drummondville', 'British Columbia', 'R49 3C0', '2246670106', 'www.lifemed575.org', 'Pharmacy', 635, '3264942467'),
('CureMed', 'Oak Lane', 'Red Deer', 'British Columbia', 'L37 7N8', '5398054538', 'www.curemed156.org', 'Pharmacy', 816, '1799262083'),
('CareHealthcare', 'Willow Lane', 'Saint-Hyacinthe', 'Newfoundland and Labrador', 'B49 4X8', '9966475553', 'www.carehealthcare135.org', 'Clinic', 114, '2525966099'),
('PharmaLab', 'Hickory Court', 'Saskatoon', 'Nova Scotia', 'E88 9T2', '9367149414', 'www.pharmalab224.org', 'CLSC', 211, '4362836387'),
('CureSolutions', 'Willow Avenue', 'Saint-Jérôme', 'Prince Edward Island', 'S89 5I3', '7374318509', 'www.curesolutions510.org', 'Hospital', 946, '7202640573'),
('LifeSolutions', 'Maple Circle', 'Guelph', 'Alberta', 'O85 9Z0', '2787425665', 'www.lifesolutions967.org', 'CLSC', 588, '5186666389'),
('HealthLab', 'Spruce Avenue', 'Saint John', 'Alberta', 'Y72 8J8', '7883649372', 'www.healthlab535.org', 'Pharmacy', 164, '5186666389'),
('CureTech', 'Hickory Lane', 'Hamilton', 'Manitoba', 'I53 9L0', '8748605638', 'www.curetech850.org', 'CLSC', 715, '4871159411'),
('LifePharm', 'Hickory Way', 'Belleville', 'Newfoundland and Labrador', 'V99 0C9', '5725251503', 'www.lifepharm816.org', 'Special Instalment', 350, '8707180811'),
('TheraPharm', 'Magnolia Boulevard', 'Peterborough', 'Quebec', 'P98 7Z4', '3834657895', 'www.therapharm904.org', 'Special Instalment', 480, '2194453074'),
('BioTech', 'Magnolia Avenue', 'Winnipeg', 'Northwest Territories', 'R16 7E1', '7383037660', 'www.biotech130.org', 'Clinic', 886, '5049612618'),
('CareLab', 'Pine Court', 'Cornwall', 'Quebec', 'W82 5Z2', '5582256484', 'www.carelab974.org', 'Hospital', 863, '0870973573'),
('MediPharm', 'Magnolia Circle', 'Moncton', 'Prince Edward Island', 'M84 5A6', '6342903208', 'www.medipharm617.org', 'Hospital', 199, '3494707445');

INSERT INTO Works_at VALUES
('7541777277', 'VitaPharmaTech', '2018-7-7', '2023-11-20'),
('6862049452', 'CurePharm', '2015-4-27', '2019-10-2'),
('2245352842', 'PharmaLab', '2023-8-25', '2023-10-26'),
('3494707445', 'CureMed', '2021-9-23', '2022-6-10'),
('1799262083', 'CureMed', '2017-11-3', '2020-6-19'),
('3253523527', 'PharmaBioTech', '2022-4-6', '2022-9-2'),
('6862049452', 'HealthSolutions', '2022-5-7', 'NULL'),
('5164482173', 'BioPharmaCare', '2020-1-8', 'NULL'),
('1636101087', 'CureMed', '2015-5-18', 'NULL'),
('0992520366', 'CurePharm', '2019-8-4', '2022-1-14'),
('2194453074', 'TheraSolutions', '2015-3-2', 'NULL'),
('7202640573', 'HealthSolutions', '2022-3-15', '2022-3-20'),
('0992520366', 'PharmaBioTech', '2023-7-18', '2023-10-3'),
('4791350907', 'TheraSolutions', '2023-3-10', 'NULL'),
('0870973573', 'BioSolutions', '2021-3-17', 'NULL'),
('2953566750', 'BioPharmaCare', '2023-11-24', 'NULL'),
('5164482173', 'LifePharm', '2023-6-2', 'NULL'),
('2245352842', 'BioTech', '2016-11-6', '2020-9-26'),
('4871159411', 'VitaPharmaTech', '2015-7-22', 'NULL'),
('9880541276', 'CareLab', '2020-8-25', '2022-6-8'),
('4362836387', 'VitaPharmaTech', '2019-2-11', 'NULL'),
('2194453074', 'PharmaPharmaCare', '2021-1-21', '2022-9-23'),
('4654566008', 'CurePharm', '2020-9-2', 'NULL'),
('3494707445', 'TheraSolutions', '2022-7-11', 'NULL'),
('0870973573', 'CureMed', '2022-2-5', '2023-7-20'),
('4871159411', 'BioPharmaCare', '2015-11-8', '2019-1-25'),
('8707180811', 'BioPharmaCare', '2017-5-19', '2019-2-24'),
('0992520366', 'CareTech', '2021-10-18', 'NULL'),
('1872689698', 'CureMed', '2018-8-18', 'NULL'),
('9880541276', 'CureMed', '2015-3-14', 'NULL'),
('3264942467', 'HealthSolutions', '2018-9-23', '2020-3-6'),
('0992520366', 'TheraTech', '2016-8-27', '2020-9-15'),
('3253523527', 'LifePharm', '2018-7-5', '2022-5-7'),
('3264942467', 'TheraPharm', '2023-4-3', 'NULL'),
('5531579178', 'HealthSolutions', '2016-5-3', '2016-11-23'),
('2194453074', 'CureSolutions', '2018-6-27', '2019-11-10'),
('2194453074', 'TheraSolutions', '2023-8-10', '2023-11-16'),
('1742116388', 'BioTech', '2016-6-12', 'NULL'),
('9245959268', 'VitaPharmaTech', '2021-4-6', 'NULL'),
('7443953014', 'TheraTech', '2018-5-4', '2019-7-10');

INSERT INTO lives_in VALUES
('5398 Hickory Street', '2194453074', '2019-1-23'),
('1643 Oak Street', '3376766384', '2021-7-19'),
('1161 Pine Terrace', '7541777277', '2016-11-8'),
('3050 Spruce Drive', '2953566750', '2019-4-13'),
('8229 Willow Circle', '0992520366', '2021-8-6'),
('1643 Oak Street', '4871159411', '2022-4-23'),
('8413 Hickory Road', '9245959268', '2015-11-18'),
('2226 Pine Avenue', '9122022498', '2016-4-4'),
('4114 Oak Court', '6361043457', '2023-5-24'),
('6979 Spruce Road', '1799262083', '2017-9-27'),
('4405 Oak Lane', '4791350907', '2020-10-12'),
('5398 Hickory Street', '7202640573', '2020-7-17'),
('7321 Spruce Avenue', '4362836387', '2016-6-5'),
('4405 Oak Lane', '5170913229', '2023-1-7'),
('8229 Willow Circle', '0197627388', '2023-11-22'),
('4787 Maple Circle', '1742116388', '2015-6-16'),
('1161 Pine Terrace', '3376766384', '2022-1-19'),
('1060 Pine Street', '3253523527', '2023-3-19'),
('7321 Spruce Avenue', '0992520366', '2017-5-12'),
('8138 Oak Drive', '7202640573', '2016-11-19'),
('5272 Magnolia Boulevard', '3264942467', '2023-4-7'),
('7662 Elm Road', '0870973573', '2018-9-27'),
('7662 Elm Road', '0870973573', '2022-9-2'),
('0105 Maple Lane', '0870973573', '2022-6-18'),
('7321 Spruce Avenue', '7443953014', '2018-2-9'),
('1670 Maple Boulevard', '7443953014', '2016-3-23'),
('1888 Willow Court', '2953566750', '2022-7-26'),
('1888 Willow Court', '1636101087', '2017-6-10'),
('4114 Oak Court', '1872689698', '2023-1-10'),
('6979 Spruce Road', '4791350907', '2017-2-2'),
('6921 Hickory Court', '7541777277', '2018-1-18'),
('7321 Spruce Avenue', '8707180811', '2019-8-6'),
('1555 Cedar Road', '5164482173', '2023-8-17'),
('5133 Hickory Circle', '2525966099', '2023-6-25'),
('8413 Hickory Road', '4791350907', '2015-10-25'),
('2638 Hickory Lane', '5531579178', '2016-6-5'),
('5133 Hickory Circle', '2953566750', '2022-11-15'),
('7647 Maple Court', '1742116388', '2019-8-1'),
('1161 Pine Terrace', '5925690587', '2017-1-7'),
('4796 Birch Lane', '1742116388', '2023-2-4');

INSERT INTO lives_with VALUES
('1799262083', '3494707445', 'Parent'),
('2194453074', '2525966099', 'Children'),
('4791350907', '8704233486', 'Children'),
('1636101087', '2953566750', 'Roommate'),
('9245959268', '9122022498', 'Children'),
('2194453074', '2212849832', 'Non-Parent Dependent'),
('5531579178', '4654566008', 'Parent'),
('8704233486', '8707180811', 'Partner'),
('8170593429', '0197627388', 'Partner'),
('0992520366', '9880541276', 'Parent'),
('0870973573', '4871159411', 'Non-Parent Dependent'),
('7202640573', '0870973573', 'Non-Parent Dependent'),
('7202640573', '0992520366', 'Non-Parent Dependent'),
('8170593429', '3264942467', 'Non-Parent Dependent'),
('4654566008', '4362836387', 'Non-Parent Dependent'),
('6862049452', '1636101087', 'Non-Parent Dependent'),
('7443953014', '5170913229', 'Children'),
('7443953014', '0870973573', 'Non-Parent Dependent'),
('9245959268', '4362836387', 'Children'),
('2245352842', '4871159411', 'Roommate'),
('4654566008', '1799262083', 'Parent'),
('9880541276', '0870973573', 'Children'),
('1742116388', '6862049452', 'Partner'),
('5531579178', '4871159411', 'Children'),
('1799262083', '2245352842', 'Partner'),
('3264942467', '0197627388', 'Partner'),
('0992520366', '8704233486', 'Partner'),
('8170593429', '8704233486', 'Partner'),
('3494707445', '9245959268', 'Children'),
('0992520366', '7443953014', 'Roommate'),
('1742116388', '3264942467', 'Partner'),
('3720872087', '3264942467', 'Children'),
('4362836387', '5164482173', 'Partner'),
('1872689698', '0197627388', 'Partner'),
('7202640573', '2212849832', 'Parent'),
('1636101087', '9122022498', 'Partner'),
('7969182606', '2953566750', 'Roommate'),
('0992520366', '8704233486', 'Parent'),
('3720872087', '8170593429', 'Parent'),
('2525966099', '2953566750', 'Children');

INSERT INTO Infection VALUES
('2023-11-22', 'Other', 7, '8704233486'),
('2021-1-5', 'COVID-19', 8, '4362836387'),
('2023-7-14', 'SARS-Cov-2 Variant', 8, '5170913229'),
('2022-2-8', 'COVID-19', 6, '4362836387'),
('2023-9-21', 'SARS-Cov-2 Variant', 10, '3720872087'),
('2020-5-6', 'Other', 5, '0197627388'),
('2021-11-3', 'Other', 11, '5925690587'),
('2023-8-27', 'COVID-19', 8, '1742116388'),
('2022-8-15', 'Other', 3, '3376766384'),
('2021-4-8', 'COVID-19', 4, '2525966099'),
('2021-7-7', 'COVID-19', 9, '0992520366'),
('2020-7-22', 'Other', 10, '2212849832'),
('2020-7-21', 'COVID-19', 6, '4871159411'),
('2020-3-9', 'Other', 9, '8170593429'),
('2023-3-24', 'Other', 12, '1799262083'),
('2023-11-21', 'SARS-Cov-2 Variant', 4, '5049612618'),
('2021-6-22', 'COVID-19', 4, '1636101087'),
('2021-6-7', 'SARS-Cov-2 Variant', 6, '3253523527'),
('2020-10-3', 'SARS-Cov-2 Variant', 5, '7969182606'),
('2022-3-21', 'COVID-19', 2, '6862049452'),
('2022-1-1', 'SARS-Cov-2 Variant', 12, '1636101087'),
('2022-4-10', 'COVID-19', 3, '7202640573'),
('2021-11-5', 'Other', 10, '3494707445'),
('2020-1-20', 'COVID-19', 3, '1799262083'),
('2022-11-2', 'COVID-19', 6, '8707180811'),
('2020-8-6', 'SARS-Cov-2 Variant', 7, '9245959268'),
('2023-7-12', 'COVID-19', 9, '8170593429'),
('2023-8-26', 'SARS-Cov-2 Variant', 6, '5049612618'),
('2023-7-21', 'Other', 9, '5049612618'),
('2020-1-13', 'SARS-Cov-2 Variant', 9, '1636101087'),
('2022-4-13', 'SARS-Cov-2 Variant', 10, '2245352842'),
('2022-8-12', 'SARS-Cov-2 Variant', 5, '3720872087'),
('2020-9-7', 'Other', 6, '2212849832'),
('2023-7-19', 'SARS-Cov-2 Variant', 10, '5170913229'),
('2021-3-12', 'COVID-19', 12, '6862049452'),
('2022-2-13', 'SARS-Cov-2 Variant', 13, '9245959268'),
('2023-10-20', 'Other', 1, '2245352842'),
('2022-3-22', 'COVID-19', 13, '6361043457'),
('2020-1-19', 'Other', 13, '1799262083'),
('2022-10-4', 'SARS-Cov-2 Variant', 3, '4871159411'),
('2020-2-11', 'COVID-19', 2, '6361043457'),
('2022-3-8', 'Other', 13, '7202640573'),
('2021-8-18', 'SARS-Cov-2 Variant', 6, '5186666389'),
('2022-11-15', 'COVID-19', 10, '4791350907'),
('2023-8-15', 'COVID-19', 1, '8707180811'),
('2022-2-19', 'COVID-19', 4, '2245352842'),
('2021-2-17', 'SARS-Cov-2 Variant', 12, '1799262083'),
('2021-10-3', 'SARS-Cov-2 Variant', 5, '5925690587'),
('2020-1-5', 'SARS-Cov-2 Variant', 10, '8170593429'),
('2021-6-27', 'SARS-Cov-2 Variant', 6, '0870973573');

INSERT INTO Vaccine VALUES
(3, 'Johnson & Johnson', '2021-1-11', '5925690587', 'CareTech'),
(3, 'AstraZeneca', '2023-9-3', '7541777277', 'LifeMed'),
(1, 'AstraZeneca', '2021-5-16', '1799262083', 'VitaPharmaTech'),
(3, 'AstraZeneca', '2023-11-9', '1636101087', 'BioSolutions'),
(3, 'AstraZeneca', '2022-11-1', '5164482173', 'BioTech'),
(3, 'Moderna', '2020-3-6', '8170593429', 'CurePharmaCare'),
(1, 'Johnson & Johnson', '2021-8-1', '2245352842', 'HealthSolutions'),
(1, 'Johnson & Johnson', '2022-8-1', '8707180811', 'BioTech'),
(3, 'Pfizer', '2023-9-2', '7202640573', 'CareLab'),
(1, 'Johnson & Johnson', '2022-9-20', '1799262083', 'TheraPharm'),
(1, 'AstraZeneca', '2023-2-26', '2245352842', 'MediPharm'),
(3, 'Johnson & Johnson', '2023-1-14', '9880541276', 'CurePharm'),
(3, 'Johnson & Johnson', '2023-8-18', '9880541276', 'PharmaPharmaCare'),
(2, 'AstraZeneca', '2020-10-5', '6862049452', 'HealthLab'),
(2, 'Pfizer', '2022-1-16', '3494707445', 'HealthLab'),
(2, 'AstraZeneca', '2021-9-27', '0992520366', 'CareHealthcare'),
(1, 'AstraZeneca', '2021-3-24', '3376766384', 'BioPharm'),
(2, 'Moderna', '2023-9-23', '1742116388', 'TheraPharm'),
(1, 'Moderna', '2023-6-17', '5049612618', 'CureMed'),
(2, 'Pfizer', '2022-8-15', '3264942467', 'BioTech'),
(2, 'Johnson & Johnson', '2022-5-26', '8170593429', 'BioPharm'),
(2, 'Moderna', '2021-1-18', '1872689698', 'TheraPharm'),
(1, 'Johnson & Johnson', '2020-6-12', '8707180811', 'CureTech'),
(2, 'Moderna', '2020-2-27', '7443953014', 'CareTech'),
(3, 'AstraZeneca', '2021-1-5', '4791350907', 'CureSolutions'),
(2, 'Moderna', '2020-7-8', '7969182606', 'CureTech'),
(2, 'Moderna', '2020-8-19', '4362836387', 'CareTech'),
(2, 'Moderna', '2023-10-6', '4791350907', 'TheraSolutions'),
(3, 'AstraZeneca', '2020-8-4', '5186666389', 'PharmaLab'),
(2, 'Moderna', '2022-3-14', '4871159411', 'CurePharm'),
(2, 'Johnson & Johnson', '2022-10-4', '7443953014', 'TheraTech'),
(1, 'Pfizer', '2020-1-24', '7443953014', 'LifePharm'),
(3, 'AstraZeneca', '2023-8-26', '8704233486', 'BioSolutions'),
(1, 'Johnson & Johnson', '2022-10-14', '4791350907', 'HealthSolutions'),
(1, 'Pfizer', '2020-11-19', '0992520366', 'CureMed'),
(2, 'Johnson & Johnson', '2022-9-12', '1799262083', 'CureMed'),
(2, 'Moderna', '2021-1-7', '3720872087', 'BioSolutions'),
(3, 'Moderna', '2021-4-8', '4654566008', 'CureMed'),
(2, 'AstraZeneca', '2022-4-18', '1636101087', 'MediPharm'),
(3, 'Johnson & Johnson', '2023-10-16', '7541777277', 'TheraPharm'),
(3, 'AstraZeneca', '2022-3-17', '0197627388', 'BioTech'),
(2, 'Pfizer', '2022-1-3', '9122022498', 'CareHealthcare'),
(3, 'AstraZeneca', '2021-2-16', '2245352842', 'BioPharm'),
(1, 'Pfizer', '2020-6-27', '5531579178', 'LifeSolutions'),
(2, 'Pfizer', '2023-5-10', '3494707445', 'VitaPharmaTech');

INSERT INTO Schedule VALUES
('2022-5-11', '2019-10-5 18:13:31', '2022-1-2 13:2:10', 'HealthSolutions', '5164482173'),
('2018-11-26', '2018-11-9 10:53:15', '2022-11-22 4:45:6', 'CureMed', '4871159411'),
('2020-3-21', '2023-2-2 7:39:49', '2023-6-9 21:8:26', 'PharmaPharmaCare', '3494707445'),
('2022-10-18', '2020-6-15 8:9:36', '2021-11-22 20:16:54', 'LifeMed', '2194453074'),
('2018-3-8', '2023-3-10 15:39:58', '2023-9-10 6:41:39', 'HealthSolutions', '5531579178'),
('2023-1-8', '2018-1-23 20:1:8', '2019-8-7 17:54:26', 'CurePharm', '3264942467'),
('2023-9-11', '2023-7-12 6:20:34', '2023-10-9 6:16:5', 'TheraPharm', '8707180811'),
('2023-7-11', '2021-5-1 22:13:44', '2023-1-15 22:38:59', 'TheraPharm', '8707180811'),
('2017-10-24', '2022-9-1 15:1:50', '2022-11-16 7:7:52', 'LifeMed', '5531579178'),
('2018-3-22', '2021-11-10 20:8:17', '2023-4-21 16:20:21', 'HealthSolutions', '2194453074'),
('2021-7-11', '2020-6-23 4:34:8', '2022-10-11 4:49:40', 'PharmaPharmaCare', '7541777277'),
('2017-1-1', '2021-5-17 13:27:18', '2021-11-10 8:13:42', 'LifeSolutions', '4871159411'),
('2020-2-10', '2022-3-12 10:44:20', '2022-11-7 13:43:13', 'PharmaPharmaCare', '9880541276'),
('2019-8-4', '2019-6-26 18:14:38', '2022-3-22 14:19:3', 'LifePharm', '3494707445'),
('2020-10-15', '2023-6-1 18:48:26', '2023-7-16 12:45:53', 'LifePharm', '4362836387'),
('2023-2-27', '2018-7-13 2:19:58', '2018-7-25 19:52:53', 'PharmaBioTech', '0992520366'),
('2023-1-16', '2023-11-5 4:9:45', '2023-11-8 5:18:1', 'TheraTech', '0992520366'),
('2020-10-5', '2021-9-11 7:30:49', '2021-9-18 4:19:22', 'CareLab', '5049612618'),
('2023-7-5', '2021-8-10 4:36:57', '2023-2-23 5:53:37', 'BioTech', '1636101087'),
('2022-1-9', '2023-11-1 17:22:53', '2023-11-23 1:9:45', 'CurePharm', '2194453074'),
('2018-1-1', '2022-9-13 6:45:45', '2022-11-11 20:54:33', 'CureSolutions', '2245352842'),
('2019-9-26', '2020-11-26 8:20:25', '2022-3-20 19:53:51', 'TheraTech', '2953566750'),
('2021-8-16', '2019-10-22 20:45:43', '2023-7-4 3:17:48', 'BioSolutions', '9880541276'),
('2018-7-5', '2018-10-22 12:10:48', '2023-8-3 13:20:49', 'VitaPharmaTech', '9122022498'),
('2017-8-6', '2021-2-1 23:38:38', '2021-4-8 6:44:25', 'CureSolutions', '7202640573'),
('2023-7-13', '2019-2-21 11:45:12', '2019-11-5 15:13:58', 'LifePharm', '4362836387'),
('2020-1-22', '2018-8-27 15:14:19', '2021-7-25 11:49:45', 'BioSolutions', '8704233486'),
('2020-3-13', '2022-3-16 3:22:20', '2022-6-13 20:3:35', 'BioTech', '4871159411'),
('2018-7-10', '2021-7-8 4:23:46', '2023-7-16 22:10:21', 'CureSolutions', '2525966099'),
('2022-9-7', '2020-5-27 21:20:19', '2021-7-13 2:1:3', 'TheraPharm', '5164482173');


