INSERT INTO Residence VALUES
('4265 Elm Way', 'Trois-Rivieres', 'Newfoundland and Labrador', 'Y75 1E8', '3452715958', 7, 'Apartment'),
('9016 Pine Lane', 'Toronto', 'Ontario', 'A13 5J7', '5197792064', 3, 'Apartment'),
('1080 Oak Lane', 'Lethbridge', 'Newfoundland and Labrador', 'K98 5R8', '7902477724', 3, 'Apartment'),
('7518 Birch Lane', 'Prince George', 'Prince Edward Island', 'K47 6W0', '8591880576', 4, 'Semi-Detached House'),
('2174 Willow Boulevard', 'Belleville', 'Prince Edward Island', 'L46 2T1', '9380425479', 4, 'House'),
('2328 Pine Way', 'Chicoutimi', 'Saskatchewan', 'V83 5C9', '4771576418', 1, 'House'),
('9142 Pine Avenue', 'White Rock', 'Nunavut', 'S14 1H7', '7048084328', 6, 'Apartment'),
('7720 Hickory Road', 'Saint-Jérôme', 'Quebec', 'H89 0T0', '2161446660', 5, 'Apartment'),
('0846 Magnolia Road', 'London', 'Alberta', 'D37 7B1', '6723232940', 1, 'House'),
('7345 Willow Avenue', 'Newmarket', 'Ontario', 'X05 3X4', '4480249287', 6, 'Condominium'),
('5966 Willow Street', 'Hamilton', 'Northwest Territories', 'B25 2D2', '8114849007', 2, 'Apartment'),
('7443 Magnolia Circle', 'Peterborough', 'British Columbia', 'R75 2F1', '6585474348', 1, 'Semi-Detached House'),
('0895 Willow Drive', 'Kanata', 'Saskatchewan', 'P12 1R6', '8875530733', 2, 'Apartment'),
('3134 Maple Terrace', 'Red Deer', 'Nova Scotia', 'I65 3O4', '8745492014', 1, 'Apartment'),
('4828 Maple Lane', 'Guelph', 'Nova Scotia', 'B95 9O0', '5792399069', 4, 'Semi-Detached House'),
('8388 Spruce Terrace', 'Fredericton', 'Quebec', 'A76 0C5', '6941800419', 6, 'Apartment'),
('6487 Oak Avenue', 'Windsor', 'Northwest Territories', 'Q50 2R5', '6123252690', 4, 'House'),
('0624 Oak Terrace', 'Moncton', 'Nunavut', 'W83 7O4', '2582338210', 6, 'Condominium'),
('9746 Hickory Circle', 'Norfolk County', 'Nunavut', 'M28 7J7', '4791611272', 3, 'Apartment'),
('0988 Birch Court', 'St. Albert', 'Nova Scotia', 'Y63 1H7', '9428084553', 2, 'Apartment'),
('2462 Spruce Lane', 'Saskatoon', 'Prince Edward Island', 'S17 7R5', '9284272232', 5, 'Semi-Detached House'),
('9918 Elm Court', 'Medicine Hat', 'Alberta', 'C18 4G0', '8740607042', 3, 'Condominium'),
('1946 Maple Way', 'Victoriaville', 'Northwest Territories', 'Z08 8I9', '3253504955', 2, 'Semi-Detached House'),
('5468 Birch Avenue', 'Brandon', 'Manitoba', 'Y11 4V1', '2904866040', 6, 'House'),
('5536 Magnolia Avenue', 'Saint John', 'Nunavut', 'S37 8X6', '6547882589', 2, 'House'),
('8406 Cedar Court', 'Vancouver', 'New Brunswick', 'F89 8W5', '3845469050', 7, 'Apartment'),
('8983 Maple Circle', 'Mirabel', 'Alberta', 'W97 7Q8', '8069721430', 1, 'Apartment'),
('9568 Maple Road', 'Halifax', 'Northwest Territories', 'F33 2I8', '4017946982', 3, 'Semi-Detached House'),
('2736 Spruce Avenue', 'Barrie', 'Northwest Territories', 'L39 6O9', '7276912509', 5, 'House'),
('3915 Hickory Way', 'North Bay', 'Manitoba', 'Z55 4G9', '2632233858', 7, 'House'),
('8839 Cedar Terrace', 'Aurora', 'Ontario', 'Q57 9Z5', '4459317444', 1, 'Condominium'),
('1838 Hickory Street', 'Montreal', 'Prince Edward Island', 'F80 1A1', '6939311219', 5, 'House'),
('8643 Cedar Road', 'Edmonton', 'Saskatchewan', 'I99 9K1', '9816301792', 1, 'Semi-Detached House'),
('3488 Birch Road', 'Cornwall', 'Manitoba', 'U03 8N9', '3614628301', 4, 'Condominium'),
('5680 Birch Terrace', 'Regina', 'Nova Scotia', 'D98 9H2', '6364028398', 3, 'Condominium'),
('2888 Magnolia Terrace', 'Oshawa', 'Saskatchewan', 'G62 3H0', '7315054455', 5, 'Semi-Detached House'),
('1196 Magnolia Drive', 'Kingston', 'New Brunswick', 'X86 1J1', '6491186153', 3, 'Semi-Detached House'),
('7952 Cedar Drive', 'Quebec City', 'Saskatchewan', 'X45 0S7', '3771708361', 2, 'Semi-Detached House'),
('9229 Hickory Drive', 'Drummondville', 'Nunavut', 'P10 7R0', '4496606326', 4, 'Apartment'),
('4879 Elm Drive', 'Saint-Hyacinthe', 'Alberta', 'L06 4W0', '6191843689', 7, 'Condominium');

INSERT INTO Person VALUES
('5806182359', 'Abigail', 'Edwards', '1974-5-13', 'B332553147', '5461528051', 'Canadian', 'abigailedwards21@gmail.com', 'Meteorologist', '1080 Oak Lane'),
('6494476214', 'Mila', 'Adams', '2006-6-10', 'F189134918', '7670074670', 'Canadian', 'milaadams16@gmail.com', 'Doctor', '8839 Cedar Terrace'),
('7824099542', 'Samuel', 'Walker', '2000-9-17', 'I969443930', '7466734683', 'Canadian', 'samuelwalker61@gmail.com', 'Marine Biologist', '9746 Hickory Circle'),
('7742803307', 'Carter', 'Perez', '1979-10-27', 'M832773645', '8586430932', 'Canadian', 'carterperez55@gmail.com', 'Flight Attendant', '2174 Willow Boulevard'),
('7220096720', 'Noah', 'Perez', '1952-8-18', 'X015582248', '4861989246', 'Canadian', 'noahperez62@gmail.com', 'Carpenter', '4828 Maple Lane'),
('9255572391', 'Lily', 'Young', '2007-3-20', 'J107769060', '8880016459', 'Canadian', 'lilyyoung96@gmail.com', 'Journalist', '6487 Oak Avenue'),
('8449974651', 'Carter', 'White', '1988-11-12', 'K503367337', '4045679006', 'Canadian', 'carterwhite29@gmail.com', 'Graphic Designer', '4828 Maple Lane'),
('6653808013', 'Elijah', 'Lopez', '1979-5-9', 'F797578945', '6077747085', 'Canadian', 'elijahlopez49@gmail.com', 'Paramedic', '0988 Birch Court'),
('3783147412', 'Mia', 'White', '2002-3-22', 'G811908128', '7633607487', 'Canadian', 'miawhite35@gmail.com', 'Writer', '9229 Hickory Drive'),
('0453973019', 'Scarlett', 'Smith', '2013-5-7', 'K456311682', '7476630052', 'Canadian', 'scarlettsmith34@gmail.com', 'Translator', '9229 Hickory Drive'),
('7117162739', 'Lily', 'Miller', '1992-10-18', 'S434635837', '3590293674', 'Canadian', 'lilymiller90@gmail.com', 'Chef', '8643 Cedar Road'),
('4388537973', 'Henry', 'White', '1949-9-5', 'K801426183', '6726586484', 'Canadian', 'henrywhite91@gmail.com', 'Mechanic', '2328 Pine Way'),
('0756376920', 'Charlotte', 'Martinez', '1984-1-10', 'Q314278959', '3431791458', 'Canadian', 'charlottemartinez71@gmail.com', 'Architect', '0624 Oak Terrace'),
('3821979843', 'Mila', 'Thomas', '1962-1-7', 'X887928680', '8753599020', 'Canadian', 'milathomas89@gmail.com', 'Engineer', '5468 Birch Avenue'),
('2545954783', 'Sebastian', 'Evans', '2011-3-9', 'Q598250541', '7823941154', 'Canadian', 'sebastianevans61@gmail.com', 'Geologist', '9746 Hickory Circle'),
('6735250825', 'Elizabeth', 'Lopez', '1940-1-24', 'V572765181', '4894326065', 'Canadian', 'elizabethlopez92@gmail.com', 'Economist', '9568 Maple Road'),
('4939090623', 'Emily', 'Lee', '1956-11-17', 'D385082925', '3695142427', 'Canadian', 'emilylee17@gmail.com', 'Electrician', '8388 Spruce Terrace'),
('8467648847', 'Aiden', 'Hall', '2013-1-4', 'B376372038', '7133389799', 'Canadian', 'aidenhall32@gmail.com', 'Marketing Manager', '1838 Hickory Street'),
('2088000612', 'Emily', 'Wilson', '1987-8-8', 'H517928347', '2819233774', 'Canadian', 'emilywilson16@gmail.com', 'Veterinarian', '9229 Hickory Drive'),
('7089832759', 'Michael', 'White', '1947-5-10', 'B353929707', '2770056462', 'Canadian', 'michaelwhite49@gmail.com', 'Real Estate Agent', '5536 Magnolia Avenue'),
('2752153542', 'Scarlett', 'Parker', '2008-6-12', 'R728100098', '7739990096', 'Canadian', 'scarlettparker55@gmail.com', 'Librarian', '9746 Hickory Circle'),
('1160694153', 'Mia', 'Perez', '2009-2-14', 'G040314178', '5706246146', 'Canadian', 'miaperez08@gmail.com', 'Actor', '4828 Maple Lane'),
('9327002134', 'Grace', 'Thompson', '1974-4-27', 'Q132917545', '7797675399', 'Canadian', 'gracethompson65@gmail.com', 'Interior Designer', '0624 Oak Terrace'),
('9146028643', 'Riley', 'Campbell', '1980-7-22', 'Q787062615', '4206828216', 'Canadian', 'rileycampbell26@gmail.com', 'Pharmacist', '8643 Cedar Road'),
('9816765026', 'Jackson', 'Phillips', '1968-7-27', 'O138660719', '5994092084', 'Canadian', 'jacksonphillips26@gmail.com', 'Waiter/Waitress', '8388 Spruce Terrace'),
('8380052864', 'Ethan', 'Jones', '2008-9-5', 'D234719927', '9977813803', 'Canadian', 'ethanjones44@gmail.com', 'Artist', '8406 Cedar Court'),
('4606881009', 'Scarlett', 'King', '1952-2-10', 'S346053097', '6733439283', 'Canadian', 'scarlettking82@gmail.com', 'Software Developer', '9918 Elm Court'),
('0421983257', 'Elizabeth', 'Harris', '1987-3-26', 'W424315652', '3134731488', 'Canadian', 'elizabethharris11@gmail.com', 'HR Manager', '8406 Cedar Court'),
('7231406672', 'Mason', 'Jackson', '1989-3-17', 'F162952262', '8095576908', 'Canadian', 'masonjackson57@gmail.com', 'Accountant', '7720 Hickory Road'),
('7757752273', 'Jacob', 'Lewis', '2008-10-15', 'C920250237', '5094897350', 'Canadian', 'jacoblewis45@gmail.com', 'Lawyer', '5966 Willow Street'),
('5632887234', 'Sofia', 'Baker', '2011-1-6', 'I234971332', '4160821747', 'Canadian', 'sofiabaker32@gmail.com', 'Fitness Trainer', '7443 Magnolia Circle'),
('5566615222', 'William', 'Davis', '1978-7-20', 'P185374335', '5991273601', 'Canadian', 'williamdavis19@gmail.com', 'Fashion Designer', '7518 Birch Lane'),
('8703633323', 'Harper', 'Jackson', '1972-3-8', 'S785832548', '9132667694', 'Canadian', 'harperjackson08@gmail.com', 'Police Officer', '7952 Cedar Drive'),
('6261765291', 'William', 'Lee', '1967-4-17', 'F784537354', '6006366653', 'Canadian', 'williamlee80@gmail.com', 'Sales Representative', '0988 Birch Court'),
('0655081337', 'Elizabeth', 'Baker', '1984-2-21', 'C177236776', '2539358326', 'Canadian', 'elizabethbaker26@gmail.com', 'Web Designer', '9918 Elm Court'),
('0115536654', 'Oliver', 'Wilson', '1994-10-13', 'G180961795', '5361429284', 'Canadian', 'oliverwilson26@gmail.com', 'Bartender', '8983 Maple Circle'),
('4415702113', 'Sebastian', 'Robinson', '1981-5-12', 'N759826901', '8161031422', 'Canadian', 'sebastianrobinson55@gmail.com', 'Construction Worker', '9746 Hickory Circle'),
('6708135488', 'Harper', 'Evans', '2000-3-20', 'P481828303', '9965036621', 'Canadian', 'harperevans55@gmail.com', 'Plumber', '8643 Cedar Road'),
('6146097458', 'Samuel', 'Nelson', '1981-5-22', 'U009101808', '7735765261', 'Canadian', 'samuelnelson48@gmail.com', 'Social Worker', '3915 Hickory Way'),
('5156682463', 'Ella', 'Roberts', '1996-11-21', 'R201724849', '8877000678', 'Canadian', 'ellaroberts22@gmail.com', 'Pilot', '9918 Elm Court');

INSERT INTO Employee VALUES
('4415702113', 'Security Personnel'),
('8467648847', 'Regular Employee'),
('0453973019', 'Pharmacist'),
('6653808013', 'Nurse'),
('7220096720', 'Security Personnel'),
('4606881009', 'Nurse'),
('5566615222', 'Nurse'),
('7757752273', 'Security Personnel'),
('6146097458', 'Cashier'),
('8449974651', 'Security Personnel'),
('2545954783', 'Nurse'),
('7117162739', 'Administrative Personnel'),
('8703633323', 'Receptionist'),
('5156682463', 'Pharmacist'),
('2088000612', 'Cashier'),
('8380052864', 'Receptionist'),
('6708135488', 'Nurse'),
('7231406672', 'Receptionist'),
('9816765026', 'Pharmacist'),
('3821979843', 'Pharmacist'),
('7089832759', 'Receptionist'),
('5806182359', 'Doctor'),
('9255572391', 'Nurse'),
('4939090623', 'Pharmacist'),
('0421983257', 'Administrative Personnel'),
('0756376920', 'Receptionist'),
('9327002134', 'Receptionist'),
('5632887234', 'Pharmacist'),
('6735250825', 'Pharmacist'),
('7824099542', 'Receptionist'),
('3783147412', 'Doctor'),
('9146028643', 'Regular Employee'),
('0115536654', 'Administrative Personnel'),
('0655081337', 'Nurse'),
('4388537973', 'Receptionist');

INSERT INTO Facility VALUES
('MediLab', 'Maple Road', 'Hamilton', 'Manitoba', 'P97 1W1', '3590493211', 'www.medilab351.org', 'Clinic', 938, '0756376920'),
('BioResearch', 'Oak Drive', 'Windsor', 'Saskatchewan', 'I21 9H1', '2313648157', 'www.bioresearch323.org', 'Pharmacy', 28, '9816765026'),
('BioLab', 'Elm Boulevard', 'Kanata', 'Newfoundland and Labrador', 'J84 1K7', '2647378576', 'www.biolab715.org', 'Clinic', 426, '0655081337'),
('CareLab', 'Pine Avenue', 'St. Albert', 'Nova Scotia', 'Y38 2A8', '7002807496', 'www.carelab596.org', 'Special Instalment', 333, '6708135488'),
('LifePharmaTech', 'Hickory Boulevard', 'Cornwall', 'British Columbia', 'Q12 2W2', '4318879796', 'www.lifepharmatech170.org', 'Clinic', 961, '0756376920'),
('VitaMed', 'Cedar Way', 'Calgary', 'British Columbia', 'R26 1M7', '4821099743', 'www.vitamed479.org', 'Clinic', 495, '2545954783'),
('MediPharmaCare', 'Spruce Drive', 'Ottawa', 'Prince Edward Island', 'F82 8O7', '2963328408', 'www.medipharmacare593.org', 'Special Instalment', 181, '0115536654'),
('PharmaMed', 'Oak Terrace', 'Trois-Rivieres', 'British Columbia', 'O58 5B9', '2876959610', 'www.pharmamed603.org', 'Hospital', 589, '5632887234'),
('BioPharm', 'Elm Road', 'Mirabel', 'British Columbia', 'Z95 0V6', '9465184224', 'www.biopharm788.org', 'Pharmacy', 606, '4415702113'),
('PharmaPharm', 'Willow Lane', 'Drummondville', 'Saskatchewan', 'H02 3M9', '7487823496', 'www.pharmapharm576.org', 'Hospital', 877, '9146028643'),
('HealthTech', 'Hickory Road', 'Saint John', 'Saskatchewan', 'G91 5Z2', '6995637581', 'www.healthtech982.org', 'CLSC', 194, '2545954783'),
('GenTech', 'Oak Way', 'Prince George', 'Northwest Territories', 'S60 5J9', '8065225553', 'www.gentech390.org', 'Special Instalment', 975, '8380052864'),
('VitaLab', 'Maple Lane', 'Chicoutimi', 'Nova Scotia', 'E31 7A3', '4551125832', 'www.vitalab767.org', 'Special Instalment', 144, '9146028643'),
('PharmaHealthcare', 'Cedar Lane', 'Winnipeg', 'Saskatchewan', 'T80 1R6', '4209434328', 'www.pharmahealthcare336.org', 'Pharmacy', 555, '8703633323'),
('CareMed', 'Willow Way', 'Red Deer', 'Manitoba', 'M87 9Q8', '9208839858', 'www.caremed668.org', 'Hospital', 212, '8380052864'),
('GenPharm', 'Willow Circle', 'Saint-Hyacinthe', 'British Columbia', 'F51 5Y6', '5174726992', 'www.genpharm592.org', 'Clinic', 325, '2545954783'),
('CarePharmaCare', 'Hickory Way', 'North Bay', 'Ontario', 'T85 8H4', '4982518577', 'www.carepharmacare147.org', 'Clinic', 521, '7231406672'),
('TheraResearch', 'Magnolia Circle', 'Kingston', 'New Brunswick', 'Q93 8Z9', '9665249983', 'www.theraresearch623.org', 'CLSC', 365, '5806182359'),
('TheraPharm', 'Magnolia Court', 'Kitchener', 'British Columbia', 'P19 2M2', '7870893541', 'www.therapharm238.org', 'CLSC', 602, '4388537973'),
('TheraTech', 'Magnolia Terrace', 'Sherbrooke', 'New Brunswick', 'I33 5Z8', '4871058462', 'www.theratech812.org', 'Pharmacy', 749, '9255572391'),
('TheraBioTech', 'Birch Avenue', 'Regina', 'Ontario', 'Q58 4C4', '5143939546', 'www.therabiotech042.org', 'Special Instalment', 414, '5156682463'),
('CureBioTech', 'Hickory Drive', 'Abbotsford', 'Ontario', 'Y35 5N2', '6050017164', 'www.curebiotech924.org', 'Special Instalment', 999, '0756376920'),
('HealthResearch', 'Birch Circle', 'Victoria', 'Nunavut', 'C29 2D8', '9925303650', 'www.healthresearch400.org', 'Clinic', 30, '8449974651'),
('HealthMed', 'Maple Way', 'London', 'Nunavut', 'R65 2Y0', '5390349964', 'www.healthmed867.org', 'Pharmacy', 952, '2545954783'),
('BioHealthcare', 'Cedar Court', 'Brandon', 'Newfoundland and Labrador', 'J61 2X2', '5128443887', 'www.biohealthcare638.org', 'Special Instalment', 194, '7757752273');

INSERT INTO Works_at VALUES
('8467648847', 'PharmaHealthcare', '2019-4-23', '2021-11-24'),
('0453973019', 'GenTech', '2023-3-4', NULL),
('8380052864', 'GenTech', '2023-7-19', '2023-8-2'),
('0421983257', 'HealthResearch', '2019-8-27', NULL),
('5632887234', 'GenTech', '2019-10-23', NULL),
('6146097458', 'TheraResearch', '2022-9-26', '2023-11-25'),
('9327002134', 'VitaMed', '2016-11-15', '2017-6-20'),
('5632887234', 'MediLab', '2022-10-15', NULL),
('4606881009', 'BioResearch', '2016-9-3', '2017-4-10'),
('0421983257', 'MediLab', '2021-2-6', '2023-10-13'),
('3783147412', 'GenPharm', '2018-1-14', '2019-5-20'),
('9816765026', 'TheraPharm', '2019-10-3', NULL),
('0756376920', 'BioPharm', '2020-9-21', NULL),
('6146097458', 'BioPharm', '2020-6-26', '2021-8-1'),
('0453973019', 'GenPharm', '2022-2-19', NULL),
('8467648847', 'TheraBioTech', '2017-9-7', '2019-4-9'),
('9816765026', 'GenPharm', '2020-6-4', NULL),
('7231406672', 'TheraBioTech', '2022-7-10', '2023-4-7'),
('4939090623', 'TheraPharm', '2018-5-5', NULL),
('8380052864', 'PharmaPharm', '2016-1-13', '2023-9-8'),
('7824099542', 'CareMed', '2021-1-18', '2021-6-8'),
('5566615222', 'MediPharmaCare', '2019-8-7', '2020-3-8'),
('9327002134', 'TheraPharm', '2016-9-20', NULL),
('5566615222', 'TheraBioTech', '2023-3-7', '2023-3-22'),
('2545954783', 'GenTech', '2019-11-8', '2023-2-1'),
('7824099542', 'HealthResearch', '2020-1-13', NULL),
('9327002134', 'PharmaPharm', '2023-8-26', NULL),
('5632887234', 'TheraBioTech', '2020-7-16', NULL),
('6735250825', 'TheraPharm', '2023-7-25', NULL),
('8380052864', 'BioLab', '2019-4-2', NULL),
('5806182359', 'CareMed', '2018-11-17', NULL),
('0655081337', 'TheraBioTech', '2015-9-5', NULL),
('4606881009', 'MediLab', '2015-9-7', '2020-2-13'),
('9816765026', 'TheraTech', '2015-9-1', NULL),
('7089832759', 'PharmaMed', '2015-1-7', '2015-9-2'),
('0453973019', 'CareMed', '2023-9-10', '2023-10-14'),
('8467648847', 'TheraBioTech', '2017-6-4', '2022-5-19'),
('7757752273', 'TheraPharm', '2023-8-13', '2023-10-18'),
('7757752273', 'CureBioTech', '2020-2-26', NULL),
('2545954783', 'TheraResearch', '2019-5-27', NULL);

INSERT INTO lives_in VALUES
('9142 Pine Avenue', '8703633323', '2015-5-18'),
('6487 Oak Avenue', '7742803307', '2019-7-27'),
('2462 Spruce Lane', '1160694153', '2023-10-14'),
('7443 Magnolia Circle', '8467648847', '2017-6-12'),
('4828 Maple Lane', '6708135488', '2017-3-23'),
('9918 Elm Court', '5566615222', '2023-2-13'),
('0624 Oak Terrace', '9146028643', '2017-4-19'),
('6487 Oak Avenue', '9816765026', '2022-5-7'),
('9142 Pine Avenue', '9255572391', '2021-11-3'),
('7952 Cedar Drive', '5632887234', '2022-11-17'),
('1196 Magnolia Drive', '8449974651', '2020-4-20'),
('8406 Cedar Court', '6653808013', '2019-4-16'),
('7720 Hickory Road', '0453973019', '2015-10-3'),
('1196 Magnolia Drive', '8703633323', '2017-10-17'),
('0846 Magnolia Road', '7231406672', '2019-11-1'),
('4828 Maple Lane', '2752153542', '2023-10-21'),
('6487 Oak Avenue', '9146028643', '2021-3-1'),
('2462 Spruce Lane', '6735250825', '2021-4-6'),
('5468 Birch Avenue', '4606881009', '2017-7-20'),
('8643 Cedar Road', '8380052864', '2020-7-27'),
('3134 Maple Terrace', '9327002134', '2021-1-16'),
('2328 Pine Way', '4606881009', '2018-1-25'),
('4828 Maple Lane', '1160694153', '2018-3-19'),
('7720 Hickory Road', '1160694153', '2019-7-12'),
('2888 Magnolia Terrace', '6494476214', '2021-5-18'),
('8406 Cedar Court', '6261765291', '2021-11-2'),
('2462 Spruce Lane', '4939090623', '2015-8-25'),
('0624 Oak Terrace', '6708135488', '2018-5-2'),
('8643 Cedar Road', '6146097458', '2018-2-11'),
('7952 Cedar Drive', '6494476214', '2021-7-25'),
('4265 Elm Way', '6653808013', '2021-11-18'),
('0895 Willow Drive', '6735250825', '2015-2-13'),
('7720 Hickory Road', '7757752273', '2016-8-6'),
('4265 Elm Way', '7231406672', '2018-1-13'),
('9918 Elm Court', '5566615222', '2022-4-4'),
('7720 Hickory Road', '4415702113', '2018-8-9'),
('5536 Magnolia Avenue', '9146028643', '2021-9-17'),
('1946 Maple Way', '9255572391', '2022-8-7'),
('2328 Pine Way', '2545954783', '2023-8-1'),
('3134 Maple Terrace', '2752153542', '2019-8-11');

INSERT INTO lives_with VALUES
('6146097458', '7757752273', 'Parent'),
('5632887234', '0115536654', 'Partner'),
('6653808013', '6261765291', 'Parent'),
('9146028643', '8467648847', 'Non-Parent Dependent'),
('3821979843', '7824099542', 'Parent'),
('7220096720', '6261765291', 'Roommate'),
('9327002134', '5566615222', 'Children'),
('8380052864', '6261765291', 'Parent'),
('5156682463', '5566615222', 'Partner'),
('4415702113', '6708135488', 'Partner'),
('2088000612', '0756376920', 'Partner'),
('2545954783', '6494476214', 'Roommate'),
('7089832759', '4415702113', 'Non-Parent Dependent'),
('7757752273', '4415702113', 'Roommate'),
('8467648847', '5806182359', 'Partner'),
('0453973019', '5566615222', 'Non-Parent Dependent'),
('7220096720', '0655081337', 'Children'),
('7089832759', '4939090623', 'Partner'),
('7231406672', '9146028643', 'Parent'),
('7220096720', '5566615222', 'Non-Parent Dependent'),
('5632887234', '9816765026', 'Children'),
('5566615222', '6261765291', 'Roommate'),
('0655081337', '7231406672', 'Partner'),
('8449974651', '8380052864', 'Partner'),
('7231406672', '9327002134', 'Partner'),
('4606881009', '7089832759', 'Partner'),
('7117162739', '8449974651', 'Children'),
('7824099542', '0655081337', 'Children'),
('0756376920', '9255572391', 'Parent'),
('2088000612', '1160694153', 'Partner'),
('7231406672', '7824099542', 'Partner'),
('6653808013', '0115536654', 'Roommate'),
('7824099542', '0655081337', 'Parent'),
('9327002134', '6494476214', 'Children'),
('0115536654', '4388537973', 'Parent'),
('3821979843', '4939090623', 'Children'),
('5632887234', '9327002134', 'Roommate'),
('8703633323', '7824099542', 'Parent'),
('8380052864', '2752153542', 'Non-Parent Dependent'),
('8380052864', '0421983257', 'Roommate');

INSERT INTO Infection VALUES
('2021-11-8', 'SARS-Cov-2 Variant', 7, '0756376920'),
('2022-5-4', 'Other', 1, '3821979843'),
('2021-10-8', 'Other', 9, '3821979843'),
('2020-5-25', 'SARS-Cov-2 Variant', 5, '7231406672'),
('2023-9-24', 'SARS-Cov-2 Variant', 5, '7742803307'),
('2020-11-5', 'COVID-19', 8, '7089832759'),
('2020-5-11', 'Other', 12, '7089832759'),
('2021-4-6', 'Other', 3, '6735250825'),
('2023-5-24', 'Other', 10, '3821979843'),
('2023-7-26', 'Other', 4, '2088000612'),
('2021-11-1', 'SARS-Cov-2 Variant', 2, '2752153542'),
('2022-1-3', 'SARS-Cov-2 Variant', 9, '2545954783'),
('2023-11-19', 'Other', 2, '7231406672'),
('2023-10-3', 'SARS-Cov-2 Variant', 6, '3783147412'),
('2020-2-9', 'COVID-19', 9, '0655081337'),
('2021-4-18', 'Other', 4, '3783147412'),
('2022-8-15', 'Other', 2, '4415702113'),
('2023-4-21', 'Other', 1, '2752153542'),
('2023-11-17', 'SARS-Cov-2 Variant', 5, '9327002134'),
('2023-8-13', 'COVID-19', 2, '5806182359'),
('2022-3-24', 'COVID-19', 11, '5566615222'),
('2023-10-14', 'COVID-19', 11, '6708135488'),
('2021-9-19', 'Other', 9, '0453973019'),
('2021-1-11', 'Other', 9, '7824099542'),
('2023-6-13', 'COVID-19', 4, '9816765026'),
('2022-11-10', 'COVID-19', 6, '6146097458'),
('2023-5-7', 'Other', 5, '0655081337'),
('2021-5-20', 'SARS-Cov-2 Variant', 7, '6146097458'),
('2021-11-5', 'SARS-Cov-2 Variant', 9, '9816765026'),
('2021-4-23', 'Other', 13, '9255572391'),
('2020-6-1', 'Other', 9, '3821979843'),
('2020-10-16', 'Other', 8, '1160694153'),
('2020-6-25', 'Other', 6, '8467648847'),
('2022-11-9', 'Other', 6, '6735250825'),
('2023-8-3', 'SARS-Cov-2 Variant', 6, '8467648847'),
('2021-8-27', 'Other', 2, '3821979843'),
('2020-1-21', 'Other', 11, '9255572391'),
('2022-2-3', 'SARS-Cov-2 Variant', 12, '7220096720'),
('2022-5-16', 'COVID-19', 13, '6494476214'),
('2021-1-22', 'COVID-19', 5, '4415702113'),
('2021-6-5', 'Other', 8, '0756376920'),
('2021-10-24', 'SARS-Cov-2 Variant', 2, '8467648847'),
('2021-7-15', 'COVID-19', 13, '6261765291'),
('2020-2-10', 'Other', 10, '8380052864'),
('2022-11-10', 'Other', 1, '0756376920'),
('2020-6-23', 'COVID-19', 6, '6653808013'),
('2021-5-16', 'COVID-19', 13, '8703633323'),
('2022-8-20', 'COVID-19', 3, '2088000612'),
('2020-10-27', 'SARS-Cov-2 Variant', 7, '6146097458'),
('2022-1-16', 'COVID-19', 2, '7742803307');

INSERT INTO Vaccine VALUES
(1, 'AstraZeneca', '2023-3-9', '6653808013', 'CarePharmaCare'),
(2, 'AstraZeneca', '2020-2-24', '7220096720', 'BioLab'),
(1, 'AstraZeneca', '2020-2-26', '5566615222', 'BioLab'),
(1, 'Johnson & Johnson', '2023-5-4', '3783147412', 'MediPharmaCare'),
(1, 'Johnson & Johnson', '2020-10-15', '7824099542', 'LifePharmaTech'),
(1, 'Pfizer', '2021-4-24', '5632887234', 'HealthResearch'),
(1, 'AstraZeneca', '2023-11-1', '6653808013', 'BioLab'),
(3, 'Pfizer', '2021-10-18', '7757752273', 'CarePharmaCare'),
(2, 'AstraZeneca', '2022-11-15', '9255572391', 'GenPharm'),
(2, 'Johnson & Johnson', '2023-1-11', '8380052864', 'MediPharmaCare'),
(3, 'AstraZeneca', '2021-10-4', '4415702113', 'TheraPharm'),
(2, 'Johnson & Johnson', '2020-10-25', '0655081337', 'TheraResearch'),
(2, 'Pfizer', '2022-7-16', '7117162739', 'BioHealthcare'),
(2, 'Moderna', '2020-1-7', '5156682463', 'PharmaMed'),
(2, 'Moderna', '2022-5-14', '9327002134', 'PharmaPharm'),
(1, 'AstraZeneca', '2022-3-3', '8380052864', 'CarePharmaCare'),
(3, 'Johnson & Johnson', '2023-4-18', '4606881009', 'CureBioTech'),
(1, 'Pfizer', '2020-6-13', '6494476214', 'TheraTech'),
(1, 'AstraZeneca', '2022-7-3', '6653808013', 'MediLab'),
(3, 'Pfizer', '2020-2-7', '6494476214', 'GenPharm'),
(1, 'Moderna', '2020-3-7', '5806182359', 'BioHealthcare'),
(1, 'Pfizer', '2021-4-3', '9255572391', 'MediPharmaCare'),
(3, 'Moderna', '2022-9-24', '3821979843', 'PharmaMed'),
(2, 'Pfizer', '2021-8-18', '6735250825', 'TheraPharm'),
(3, 'Moderna', '2023-2-19', '5156682463', 'MediLab'),
(3, 'Johnson & Johnson', '2020-11-13', '2752153542', 'TheraResearch'),
(2, 'Johnson & Johnson', '2020-9-9', '2088000612', 'TheraResearch'),
(2, 'Moderna', '2020-1-14', '7824099542', 'GenTech'),
(1, 'Moderna', '2020-4-25', '6146097458', 'GenTech'),
(1, 'Johnson & Johnson', '2023-2-12', '5156682463', 'LifePharmaTech'),
(1, 'AstraZeneca', '2022-2-6', '3821979843', 'CureBioTech'),
(2, 'AstraZeneca', '2022-1-4', '5566615222', 'TheraResearch'),
(2, 'AstraZeneca', '2023-11-18', '7117162739', 'BioHealthcare'),
(3, 'Moderna', '2021-4-4', '6708135488', 'BioPharm'),
(1, 'Pfizer', '2021-7-17', '3783147412', 'CureBioTech'),
(1, 'Moderna', '2022-1-17', '0756376920', 'LifePharmaTech'),
(3, 'Johnson & Johnson', '2023-6-11', '2088000612', 'BioPharm'),
(3, 'Moderna', '2023-6-26', '6708135488', 'PharmaPharm'),
(1, 'Pfizer', '2022-9-27', '7117162739', 'HealthMed'),
(3, 'Moderna', '2020-3-6', '9146028643', 'MediLab'),
(1, 'AstraZeneca', '2022-9-26', '1160694153', 'MediLab'),
(1, 'Pfizer', '2022-6-4', '7757752273', 'TheraTech'),
(3, 'Pfizer', '2023-5-13', '6653808013', 'CareLab'),
(2, 'Johnson & Johnson', '2023-4-2', '6146097458', 'HealthResearch'),
(1, 'AstraZeneca', '2023-11-9', '7824099542', 'GenPharm');

INSERT INTO Schedule VALUES
('2019-8-14', '2021-3-24 16:58:34', '2023-3-12 17:37:49', 'CarePharmaCare', '5156682463'),
('2021-6-5', '2018-3-5 13:18:58', '2023-7-15 22:55:17', 'TheraPharm', '9816765026'),
('2017-7-20', '2023-10-16 10:11:7', '2023-10-17 12:19:45', 'TheraResearch', '2545954783'),
('2020-1-23', '2018-6-12 3:54:40', '2023-10-6 3:21:1', 'CureBioTech', '9255572391'),
('2017-4-7', '2019-1-12 1:1:13', '2023-7-17 13:52:31', 'MediLab', '7220096720'),
('2022-9-25', '2021-10-14 22:14:21', '2022-5-12 9:9:52', 'VitaMed', '9327002134'),
('2019-7-12', '2021-11-5 1:10:54', '2023-3-1 9:56:33', 'LifePharmaTech', '6735250825'),
('2023-8-25', '2023-11-26 17:29:34', '2023-11-27 22:31:52', 'CareLab', '4939090623'),
('2023-7-5', '2018-5-20 8:23:35', '2022-3-23 8:32:44', 'TheraPharm', '0655081337'),
('2023-4-10', '2018-3-25 9:33:5', '2023-9-21 18:47:1', 'TheraTech', '7220096720'),
('2018-3-4', '2021-6-1 13:46:47', '2022-3-26 21:52:34', 'GenTech', '7757752273'),
('2022-11-14', '2018-7-13 22:51:59', '2021-3-8 22:44:8', 'HealthTech', '9327002134'),
('2018-9-5', '2022-2-5 11:46:15', '2022-3-16 14:10:41', 'PharmaMed', '0115536654'),
('2022-3-26', '2023-9-15 17:20:57', '2023-11-2 12:55:3', 'LifePharmaTech', '8467648847'),
('2023-8-15', '2018-1-20 12:11:16', '2022-3-12 16:18:38', 'VitaMed', '2545954783'),
('2018-10-6', '2018-10-9 22:44:56', '2019-9-26 10:13:59', 'GenTech', '2545954783'),
('2022-5-11', '2019-2-27 17:55:27', '2020-2-24 9:52:18', 'CareMed', '7117162739'),
('2017-9-1', '2022-2-6 20:1:50', '2022-11-15 10:21:45', 'GenTech', '6708135488'),
('2023-1-1', '2018-6-1 23:41:6', '2019-2-1 5:55:59', 'HealthTech', '2545954783'),
('2019-3-1', '2019-11-22 13:20:39', '2021-6-10 7:56:50', 'CarePharmaCare', '0453973019'),
('2020-10-16', '2020-5-13 16:43:1', '2023-9-2 3:40:28', 'GenPharm', '0756376920'),
('2019-7-5', '2023-3-5 15:21:43', '2023-7-19 16:12:10', 'GenPharm', '7757752273'),
('2020-2-26', '2021-8-15 1:48:13', '2022-3-4 23:52:55', 'PharmaHealthcare', '5566615222'),
('2020-1-10', '2022-7-23 19:8:14', '2023-5-25 15:24:56', 'TheraBioTech', '8449974651'),
('2021-1-13', '2023-11-15 2:30:50', '2023-11-21 19:52:27', 'CareLab', '6146097458'),
('2019-2-10', '2021-9-2 17:47:1', '2023-7-20 23:13:48', 'VitaLab', '8703633323'),
('2022-5-5', '2020-1-14 23:35:53', '2022-7-20 17:41:49', 'TheraBioTech', '3821979843'),
('2022-10-18', '2021-5-10 4:54:31', '2022-5-11 17:33:21', 'HealthTech', '0115536654'),
('2020-9-7', '2021-7-11 7:52:46', '2021-8-19 20:41:15', 'CarePharmaCare', '7824099542'),
('2019-3-4', '2021-11-24 19:44:44', '2023-4-24 12:41:36', 'PharmaPharm', '6146097458');


