INSERT INTO Residence VALUES
('4242 Hickory Street', 'Aurora', 'Saskatchewan', 'E71 8O0', '8464843250', 7, 'Apartment'),
('6751 Birch Boulevard', 'White Rock', 'Alberta', 'T61 9O3', '8356335141', 2, 'Semi-Detached House'),
('6944 Maple Road', 'St. Albert', 'Nunavut', 'G30 0H1', '4570217372', 1, 'Conduminium'),
('5812 Willow Lane', 'Chicoutimi', 'Quebec', 'D95 5H4', '7558078038', 2, 'Apartment'),
('8401 Hickory Circle', 'Saint John', 'Saskatchewan', 'H58 0V6', '7374029572', 5, 'Semi-Detached House'),
('3058 Spruce Street', 'Saint-Jérôme', 'Newfoundland and Labrador', 'D83 7Z2', '6401246829', 2, 'Conduminium'),
('9690 Pine Terrace', 'St. Johns', 'Prince Edward Island', 'A79 3W7', '7027289909', 5, 'Apartment'),
('5204 Oak Way', 'Red Deer', 'Newfoundland and Labrador', 'R21 1R0', '4508335014', 5, 'House'),
('2791 Pine Road', 'Peterborough', 'Saskatchewan', 'R81 1U5', '2000620365', 3, 'Apartment'),
('8687 Cedar Road', 'Abbotsford', 'Saskatchewan', 'Z12 5N9', '8696897794', 7, 'House'),
('0167 Cedar Way', 'Toronto', 'Saskatchewan', 'E82 4E5', '9809558532', 1, 'Conduminium'),
('4386 Cedar Circle', 'Hamilton', 'Nova Scotia', 'J04 3H0', '6826799214', 2, 'Conduminium'),
('7891 Willow Avenue', 'Kitchener', 'British Columbia', 'I53 2F4', '8673325597', 5, 'Semi-Detached House'),
('4319 Birch Street', 'North Bay', 'Alberta', 'T79 8R8', '5752834391', 2, 'House'),
('8854 Pine Court', 'Fredericton', 'New Brunswick', 'X42 8F5', '8200282968', 1, 'Apartment'),
('6115 Spruce Lane', 'Oshawa', 'Nunavut', 'T88 5L0', '3110472898', 4, 'Apartment'),
('0403 Elm Circle', 'Prince George', 'Manitoba', 'O08 9R7', '6735605310', 1, 'Apartment'),
('4096 Maple Way', 'Kelowna', 'Prince Edward Island', 'T76 5W8', '9401185931', 3, 'Apartment'),
('2055 Cedar Lane', 'Vancouver', 'Ontario', 'I14 4A5', '4374966509', 2, 'Semi-Detached House'),
('3832 Elm Boulevard', 'Newmarket', 'Nunavut', 'H33 9L2', '8577945705', 6, 'Apartment'),
('4277 Pine Street', 'Norfolk County', 'Northwest Territories', 'J79 2P4', '5814843315', 7, 'Apartment'),
('8819 Magnolia Lane', 'Lethbridge', 'Prince Edward Island', 'R14 9T4', '9657178516', 3, 'Conduminium'),
('3060 Cedar Avenue', 'Victoria', 'Prince Edward Island', 'T96 0B1', '9590697224', 6, 'Conduminium'),
('1458 Oak Court', 'Belleville', 'Northwest Territories', 'Z31 1T4', '2287167915', 4, 'Conduminium'),
('8705 Cedar Street', 'Montreal', 'Alberta', 'M96 6L1', '2981584445', 6, 'Apartment'),
('8392 Spruce Terrace', 'Brandon', 'Nunavut', 'R42 7V0', '6405368054', 2, 'Apartment'),
('0202 Oak Terrace', 'Saskatoon', 'Nunavut', 'D39 0K1', '3638610154', 7, 'Conduminium'),
('0204 Maple Circle', 'Trois-Rivières', 'Prince Edward Island', 'B51 3K7', '7962441294', 1, 'Semi-Detached House'),
('9529 Hickory Drive', 'Calgary', 'Nova Scotia', 'L23 3J8', '3980508370', 4, 'Apartment'),
('0756 Hickory Court', 'Cornwall', 'Saskatchewan', 'L19 3U6', '4073061835', 7, 'Semi-Detached House');

INSERT INTO Person VALUES
('3773332769', 'Mila', 'Wilson', '1949-7-23', 'U489301493', '9842563003', 'Canadian', 'milawilson78@gmail.com', '8705 Cedar Street'),
('9225378985', 'Aria', 'Roberts', '1999-11-21', 'C859496511', '9964463227', 'Canadian', 'ariaroberts80@gmail.com', '7891 Willow Avenue'),
('6366090752', 'Elizabeth', 'Campbell', '1958-6-1', 'Z458550827', '8913837497', 'Canadian', 'elizabethcampbell53@gmail.com', '2791 Pine Road'),
('8693354919', 'Chloe', 'Young', '1994-1-6', 'F964364168', '5017644467', 'Canadian', 'chloeyoung39@gmail.com', '1458 Oak Court'),
('9492598871', 'Lucas', 'Lopez', '2002-4-21', 'Z366003245', '7134237048', 'Canadian', 'lucaslopez12@gmail.com', '8392 Spruce Terrace'),
('9992536878', 'Elijah', 'Allen', '1993-4-4', 'V190672906', '7804212706', 'Canadian', 'elijahallen44@gmail.com', '5812 Willow Lane'),
('2273030204', 'Matthew', 'Carter', '1987-10-14', 'I284072982', '6294380862', 'Canadian', 'matthewcarter59@gmail.com', '4277 Pine Street'),
('5248950637', 'Elizabeth', 'Taylor', '2005-8-24', 'E380172049', '4710940142', 'Canadian', 'elizabethtaylor74@gmail.com', '9690 Pine Terrace'),
('6024253969', 'Michael', 'Phillips', '1960-6-2', 'G376815924', '8140999771', 'Canadian', 'michaelphillips04@gmail.com', '4096 Maple Way'),
('0683439669', 'Benjamin', 'Johnson', '1946-9-3', 'W821495001', '9748354225', 'Canadian', 'benjaminjohnson44@gmail.com', '7891 Willow Avenue'),
('2679379545', 'Evelyn', 'Johnson', '1964-7-10', 'V011029214', '4633364845', 'Canadian', 'evelynjohnson44@gmail.com', '1458 Oak Court'),
('7601279660', 'Sebastian', 'Harris', '1976-11-26', 'L789552311', '8591266676', 'Canadian', 'sebastianharris39@gmail.com', '8819 Magnolia Lane'),
('1648282385', 'Charlotte', 'Lewis', '1966-3-8', 'J711670634', '9492271275', 'Canadian', 'charlottelewis63@gmail.com', '0204 Maple Circle'),
('6856104206', 'Scarlett', 'King', '1985-2-27', 'E375952715', '6011824210', 'Canadian', 'scarlettking37@gmail.com', '4319 Birch Street'),
('0294656193', 'Mia', 'Edwards', '2015-4-16', 'L613430097', '3360737788', 'Canadian', 'miaedwards37@gmail.com', '3832 Elm Boulevard'),
('1282369764', 'Elizabeth', 'Nelson', '2003-1-15', 'E368154802', '4092107564', 'Canadian', 'elizabethnelson06@gmail.com', '2791 Pine Road'),
('0730385505', 'Harper', 'Jackson', '1954-8-8', 'K829992814', '2929766466', 'Canadian', 'harperjackson23@gmail.com', '8705 Cedar Street'),
('0536209036', 'Elizabeth', 'Brown', '2000-5-1', 'P555160467', '4310313038', 'Canadian', 'elizabethbrown16@gmail.com', '4242 Hickory Street'),
('7652863452', 'Harper', 'Harris', '1962-7-8', 'D819343428', '4836421615', 'Canadian', 'harperharris22@gmail.com', '4096 Maple Way'),
('3467606696', 'David', 'Wright', '1990-10-9', 'L186839074', '4282273468', 'Canadian', 'davidwright09@gmail.com', '3058 Spruce Street'),
('9632674322', 'Noah', 'Evans', '2007-7-21', 'K858899401', '4768955487', 'Canadian', 'noahevans98@gmail.com', '4277 Pine Street'),
('7101858971', 'Chloe', 'Lewis', '2011-3-13', 'Y366824269', '4610484280', 'Canadian', 'chloelewis34@gmail.com', '4319 Birch Street'),
('4043124132', 'Carter', 'Garcia', '1994-7-17', 'N782524922', '9688172970', 'Canadian', 'cartergarcia94@gmail.com', '3832 Elm Boulevard'),
('2146107764', 'Grace', 'Thompson', '1952-8-15', 'T262420061', '2297881942', 'Canadian', 'gracethompson65@gmail.com', '4319 Birch Street'),
('2663714580', 'Harper', 'Moore', '1948-9-15', 'R914246401', '3140342566', 'Canadian', 'harpermoore59@gmail.com', '7891 Willow Avenue'),
('2873537240', 'Sophia', 'Jones', '1972-3-27', 'J887314359', '7311680212', 'Canadian', 'sophiajones75@gmail.com', '6751 Birch Boulevard'),
('8615951594', 'James', 'Walker', '1961-7-15', 'H202915903', '3885078893', 'Canadian', 'jameswalker95@gmail.com', '9690 Pine Terrace'),
('8305681992', 'Aiden', 'Mitchell', '1975-3-27', 'Z901392869', '3768548587', 'Canadian', 'aidenmitchell22@gmail.com', '0202 Oak Terrace'),
('0383208811', 'Sophia', 'Anderson', '1962-11-15', 'J632878625', '8190393053', 'Canadian', 'sophiaanderson26@gmail.com', '0167 Cedar Way'),
('9188538098', 'Grace', 'White', '2001-1-24', 'F478969816', '3444704844', 'Canadian', 'gracewhite11@gmail.com', '2791 Pine Road'),
('8240924665', 'David', 'Adams', '1996-5-6', 'K672740463', '6046519996', 'Canadian', 'davidadams63@gmail.com', '5812 Willow Lane'),
('6878173630', 'Harper', 'White', '1983-5-27', 'N195048586', '8231572868', 'Canadian', 'harperwhite05@gmail.com', '2791 Pine Road'),
('1571957771', 'Olivia', 'Adams', '2000-7-23', 'Q229702489', '8968430252', 'Canadian', 'oliviaadams90@gmail.com', '6944 Maple Road'),
('6716702454', 'Ella', 'Young', '1945-4-9', 'Y072904980', '4802993922', 'Canadian', 'ellayoung13@gmail.com', '4319 Birch Street'),
('8813610411', 'Mia', 'Clark', '2003-10-1', 'G486976830', '5670781883', 'Canadian', 'miaclark14@gmail.com', '0403 Elm Circle'),
('8961052452', 'Samuel', 'White', '2022-8-16', 'Z167481329', '5611469964', 'Canadian', 'samuelwhite51@gmail.com', '7891 Willow Avenue'),
('1640428495', 'Liam', 'King', '2001-5-7', 'N256853854', '2376894737', 'Canadian', 'liamking38@gmail.com', '9690 Pine Terrace'),
('3067107914', 'Carter', 'Clark', '1955-4-2', 'C531514376', '3120507199', 'Canadian', 'carterclark29@gmail.com', '4319 Birch Street'),
('7206168620', 'Elijah', 'White', '2021-10-14', 'Z952320516', '5651240412', 'Canadian', 'elijahwhite55@gmail.com', '6115 Spruce Lane'),
('8223039907', 'Lucas', 'Roberts', '1956-8-11', 'H214978843', '7515510085', 'Canadian', 'lucasroberts29@gmail.com', '3832 Elm Boulevard'),
('3450910068', 'Chloe', 'Martin', '1980-10-25', 'K902915249', '2977813475', 'Canadian', 'chloemartin31@gmail.com', '0167 Cedar Way'),
('2415356668', 'Amelia', 'Miller', '1964-5-22', 'U227934326', '8495311362', 'Canadian', 'ameliamiller04@gmail.com', '3060 Cedar Avenue'),
('2844638759', 'Aria', 'Rodriguez', '1950-6-20', 'Z642992378', '3553628772', 'Canadian', 'ariarodriguez89@gmail.com', '2791 Pine Road'),
('9964362094', 'Henry', 'Mitchell', '1992-1-2', 'H560737528', '9747923249', 'Canadian', 'henrymitchell87@gmail.com', '3060 Cedar Avenue'),
('2178623543', 'Ethan', 'Scott', '2012-5-10', 'K243006232', '9958842074', 'Canadian', 'ethanscott50@gmail.com', '4096 Maple Way'),
('3964490244', 'Sofia', 'Davis', '1958-11-11', 'H401923483', '5977617754', 'Canadian', 'sofiadavis38@gmail.com', '7891 Willow Avenue'),
('1274284280', 'Ella', 'King', '1966-10-24', 'L695781121', '7353238928', 'Canadian', 'ellaking37@gmail.com', '0204 Maple Circle'),
('9994816480', 'Sebastian', 'Thompson', '1998-9-14', 'Q040266940', '4461337807', 'Canadian', 'sebastianthompson36@gmail.com', '1458 Oak Court'),
('2735861576', 'Avery', 'Lee', '1968-4-19', 'N185525477', '2083656010', 'Canadian', 'averylee62@gmail.com', '4386 Cedar Circle'),
('2078081445', 'Logan', 'Thomas', '2000-2-14', 'L657380432', '4233230325', 'Canadian', 'loganthomas16@gmail.com', '8687 Cedar Road'),
('9770437635', 'Aiden', 'Wilson', '1975-7-19', 'L672514758', '3961822923', 'Canadian', 'aidenwilson29@gmail.com', '6944 Maple Road'),
('6454952094', 'Olivia', 'Campbell', '2004-2-12', 'G885068597', '2132285185', 'Canadian', 'oliviacampbell93@gmail.com', '4096 Maple Way'),
('1339944323', 'Liam', 'Allen', '1965-10-19', 'X481463033', '2356465475', 'Canadian', 'liamallen72@gmail.com', '0403 Elm Circle'),
('6732792500', 'Mila', 'Garcia', '2018-4-13', 'G149596281', '2412577842', 'Canadian', 'milagarcia01@gmail.com', '3832 Elm Boulevard'),
('1340705827', 'Mila', 'Roberts', '1965-4-26', 'E899805743', '2950778965', 'Canadian', 'milaroberts38@gmail.com', '3832 Elm Boulevard'),
('9401302890', 'David', 'Perez', '2002-9-13', 'S617722789', '3181441663', 'Canadian', 'davidperez10@gmail.com', '5812 Willow Lane'),
('8526191406', 'Mila', 'Hernandez', '2013-2-24', 'M385066086', '6099603636', 'Canadian', 'milahernandez16@gmail.com', '9529 Hickory Drive'),
('5267818663', 'Emily', 'Anderson', '1992-9-7', 'A341869790', '4120192278', 'Canadian', 'emilyanderson18@gmail.com', '8819 Magnolia Lane'),
('8707905474', 'Abigail', 'Wright', '2014-1-19', 'G395567491', '2928136477', 'Canadian', 'abigailwright92@gmail.com', '0403 Elm Circle'),
('3137721747', 'Ava', 'Gonzalez', '1962-5-24', 'L838683381', '6528011653', 'Canadian', 'avagonzalez63@gmail.com', '8819 Magnolia Lane'),
('5352378929', 'Noah', 'Wright', '2016-4-3', 'U527992484', '6279140392', 'Canadian', 'noahwright43@gmail.com', '5204 Oak Way'),
('0423791617', 'Emily', 'Adams', '2014-2-7', 'V174237332', '8747246106', 'Canadian', 'emilyadams38@gmail.com', '6751 Birch Boulevard'),
('7369020476', 'Jackson', 'Clark', '1965-5-15', 'J121337137', '2269796562', 'Canadian', 'jacksonclark14@gmail.com', '3832 Elm Boulevard'),
('0700321824', 'Aria', 'Wright', '2012-3-25', 'Q806157157', '7504521144', 'Canadian', 'ariawright46@gmail.com', '7891 Willow Avenue'),
('6578782349', 'Aria', 'Brown', '2009-5-23', 'T393867361', '3826180657', 'Canadian', 'ariabrown03@gmail.com', '5812 Willow Lane'),
('3440824287', 'Ava', 'Hernandez', '1966-5-2', 'A054255280', '2861890563', 'Canadian', 'avahernandez82@gmail.com', '8392 Spruce Terrace'),
('9447613245', 'Elijah', 'Thompson', '2008-10-24', 'E992680021', '9068612214', 'Canadian', 'elijahthompson08@gmail.com', '6751 Birch Boulevard'),
('9013066953', 'Matthew', 'Edwards', '2014-9-19', 'A084092848', '5477673626', 'Canadian', 'matthewedwards91@gmail.com', '6115 Spruce Lane'),
('1733106663', 'Logan', 'Brown', '1971-4-20', 'M980866188', '7349791626', 'Canadian', 'loganbrown02@gmail.com', '8687 Cedar Road'),
('9482466596', 'Mia', 'Miller', '1948-11-21', 'N359155366', '2519004145', 'Canadian', 'miamiller70@gmail.com', '8392 Spruce Terrace'),
('7165119695', 'Sophia', 'Brown', '1946-8-15', 'R228361709', '8954778449', 'Canadian', 'sophiabrown43@gmail.com', '9529 Hickory Drive'),
('5037624652', 'Benjamin', 'Baker', '1946-7-16', 'I199467298', '5055163429', 'Canadian', 'benjaminbaker95@gmail.com', '4277 Pine Street'),
('4391205686', 'Noah', 'Wilson', '1954-7-11', 'K800076159', '7952743530', 'Canadian', 'noahwilson64@gmail.com', '8401 Hickory Circle'),
('2229524277', 'David', 'Robinson', '1984-8-22', 'S969708535', '4281161649', 'Canadian', 'davidrobinson33@gmail.com', '2791 Pine Road'),
('7474971691', 'Olivia', 'Nelson', '2003-8-19', 'C710983322', '6078235080', 'Canadian', 'olivianelson62@gmail.com', '9529 Hickory Drive'),
('1294398952', 'James', 'Smith', '1995-11-4', 'C428073981', '3990374011', 'Canadian', 'jamessmith43@gmail.com', '4319 Birch Street'),
('1821312016', 'Ava', 'Clark', '1996-11-3', 'L237386764', '3290076239', 'Canadian', 'avaclark59@gmail.com', '6944 Maple Road'),
('6816527775', 'Emily', 'King', '2002-1-24', 'I930597701', '6726829400', 'Canadian', 'emilyking21@gmail.com', '7891 Willow Avenue'),
('5641468575', 'Isabella', 'King', '2016-7-8', 'F720837275', '9541001476', 'Canadian', 'isabellaking59@gmail.com', '2055 Cedar Lane'),
('9381090264', 'Scarlett', 'Phillips', '1995-1-13', 'S732673879', '7401757444', 'Canadian', 'scarlettphillips48@gmail.com', '8687 Cedar Road'),
('7798790517', 'Mila', 'Baker', '2016-5-21', 'S907590454', '5579680784', 'Canadian', 'milabaker29@gmail.com', '3832 Elm Boulevard'),
('4946509364', 'Madison', 'Carter', '2014-9-2', 'K868772133', '3938189745', 'Canadian', 'madisoncarter96@gmail.com', '6944 Maple Road'),
('9345290698', 'Chloe', 'Parker', '1972-4-25', 'P947755496', '4158451016', 'Canadian', 'chloeparker14@gmail.com', '4242 Hickory Street'),
('7798587076', 'Abigail', 'Clark', '1958-10-14', 'Y333113226', '7773639152', 'Canadian', 'abigailclark63@gmail.com', '0403 Elm Circle'),
('1559678223', 'Benjamin', 'Edwards', '1963-10-4', 'G428985486', '7615987456', 'Canadian', 'benjaminedwards34@gmail.com', '5204 Oak Way'),
('9217397393', 'Emily', 'Parker', '1943-7-2', 'S201621384', '2459249434', 'Canadian', 'emilyparker85@gmail.com', '8705 Cedar Street'),
('3684970507', 'Elizabeth', 'Martinez', '2008-3-2', 'D119888782', '8824199420', 'Canadian', 'elizabethmartinez61@gmail.com', '4096 Maple Way'),
('6697127500', 'Elizabeth', 'Parker', '1940-9-7', 'U942910834', '8089028937', 'Canadian', 'elizabethparker73@gmail.com', '6751 Birch Boulevard'),
('0948593028', 'Mason', 'Green', '2008-8-23', 'S684621050', '8312797951', 'Canadian', 'masongreen29@gmail.com', '4386 Cedar Circle'),
('8903741384', 'Chloe', 'Clark', '2002-8-8', 'A754243307', '9234384161', 'Canadian', 'chloeclark15@gmail.com', '5812 Willow Lane'),
('0416655305', 'Chloe', 'Brown', '2005-10-23', 'V233839348', '3560680986', 'Canadian', 'chloebrown72@gmail.com', '5204 Oak Way'),
('3298336659', 'Joseph', 'Brown', '2019-3-26', 'K730818012', '6868371481', 'Canadian', 'josephbrown76@gmail.com', '5204 Oak Way'),
('7624929006', 'Elizabeth', 'Perez', '1985-8-17', 'J728691662', '2692680056', 'Canadian', 'elizabethperez36@gmail.com', '8705 Cedar Street'),
('1289675041', 'Aria', 'Anderson', '2000-11-3', 'D041106823', '6269791919', 'Canadian', 'ariaanderson69@gmail.com', '2791 Pine Road'),
('6684447830', 'Riley', 'Nelson', '1962-10-20', 'S997347226', '4394396435', 'Canadian', 'rileynelson54@gmail.com', '4277 Pine Street'),
('2950409575', 'Abigail', 'Robinson', '1990-2-14', 'E103143948', '7668880844', 'Canadian', 'abigailrobinson85@gmail.com', '0403 Elm Circle'),
('2546016046', 'Daniel', 'Robinson', '1993-4-6', 'S234826513', '3558871761', 'Canadian', 'danielrobinson00@gmail.com', '6115 Spruce Lane'),
('6668567918', 'William', 'Clark', '1961-5-23', 'B804881115', '3638217562', 'Canadian', 'williamclark06@gmail.com', '8687 Cedar Road'),
('3114499053', 'Madison', 'Davis', '1966-1-24', 'Q233294996', '8416860656', 'Canadian', 'madisondavis55@gmail.com', '3060 Cedar Avenue'),
('5281715124', 'Aria', 'Baker', '2014-1-14', 'H014482178', '3474515386', 'Canadian', 'ariabaker69@gmail.com', '0204 Maple Circle');

INSERT INTO Employee VALUES
('9345290698', 'Security Personnel'),
('0700321824', 'Receptionist'),
('1282369764', 'Doctor'),
('9013066953', 'Pharmacist'),
('9188538098', 'Security Personnel'),
('0730385505', 'Administrative Personnel'),
('6024253969', 'Nurse'),
('8240924665', 'Pharmacist'),
('3067107914', 'Receptionist'),
('8961052452', 'Security Personnel'),
('7369020476', 'Doctor'),
('9994816480', 'Doctor'),
('6684447830', 'Receptionist'),
('3964490244', 'Doctor'),
('6668567918', 'Doctor'),
('0536209036', 'Regular Employee'),
('3440824287', 'Security Personnel'),
('0423791617', 'Security Personnel'),
('0416655305', 'Receptionist'),
('2844638759', 'Security Personnel'),
('0948593028', 'Pharmacist'),
('9632674322', 'Regular Employee'),
('3684970507', 'Administrative Personnel'),
('1274284280', 'Receptionist'),
('8813610411', 'Pharmacist'),
('1821312016', 'Pharmacist'),
('7601279660', 'Receptionist'),
('1559678223', 'Regular Employee'),
('7798587076', 'Security Personnel'),
('6697127500', 'Receptionist');

INSERT INTO Facility VALUES
('HealthTech', 'Elm Road', 'Abbotsford', 'R46 1I2', '9517444757', 'www.healthtech384.org', 'CLSC', 280, '8813610411'),
('BioHealthcare', 'Cedar Circle', 'Saint John', 'A82 7V5', '3062933965', 'www.biohealthcare294.org', 'Pharmacy', 843, '0948593028'),
('TheraHealthcare', 'Spruce Boulevard', 'Norfolk County', 'W85 8X3', '4630857494', 'www.therahealthcare356.org', 'Special Instalment', 686, '8961052452'),
('LifePharmaTech', 'Elm Court', 'Belleville', 'A52 7M2', '3690160185', 'www.lifepharmatech908.org', 'Special Instalment', 198, '2844638759'),
('MediTech', 'Birch Terrace', 'Victoriaville', 'O67 2N1', '2519558047', 'www.meditech697.org', 'Pharmacy', 151, '1282369764'),
('LifeLab', 'Maple Way', 'White Rock', 'U20 4K6', '4819757996', 'www.lifelab193.org', 'Pharmacy', 725, '0948593028'),
('CareBioTech', 'Willow Way', 'Ottawa', 'G84 0W5', '7173883119', 'www.carebiotech781.org', 'Pharmacy', 409, '8813610411'),
('LifeHealthcare', 'Willow Street', 'Montreal', 'D48 1W0', '2740805715', 'www.lifehealthcare663.org', 'Hospital', 480, '6024253969'),
('CureLab', 'Willow Court', 'Brandon', 'V00 2X7', '5133158814', 'www.curelab277.org', 'Pharmacy', 896, '9345290698'),
('CureResearch', 'Cedar Drive', 'Hamilton', 'C11 8X3', '2366095969', 'www.cureresearch003.org', 'Pharmacy', 875, '8961052452'),
('VitaPharm', 'Magnolia Road', 'St. Albert', 'S73 0Z7', '4113064655', 'www.vitapharm138.org', 'Pharmacy', 996, '8813610411'),
('MediBioTech', 'Elm Avenue', 'Regina', 'E26 6D3', '8305208556', 'www.medibiotech207.org', 'Special Instalment', 956, '6684447830'),
('CurePharm', 'Cedar Boulevard', 'Oshawa', 'M91 3E8', '7475918379', 'www.curepharm618.org', 'Clinic', 667, '0700321824'),
('PharmaSolutions', 'Magnolia Drive', 'Guelph', 'J51 8R2', '7981502166', 'www.pharmasolutions186.org', 'Pharmacy', 43, '3067107914'),
('HealthPharmaTech', 'Hickory Court', 'Windsor', 'F67 1U2', '7256297399', 'www.healthpharmatech484.org', 'Special Instalment', 304, '8961052452'),
('CurePharmaTech', 'Spruce Way', 'Fredericton', 'S41 1Q7', '2025933345', 'www.curepharmatech161.org', 'CLSC', 716, '3964490244'),
('PharmaPharmaCare', 'Magnolia Avenue', 'Mirabel', 'P14 2T4', '5140603328', 'www.pharmapharmacare559.org', 'CLSC', 93, '3067107914'),
('MediPharm', 'Maple Avenue', 'Toronto', 'W55 5K0', '7193853411', 'www.medipharm969.org', 'Clinic', 359, '0700321824'),
('GenResearch', 'Pine Boulevard', 'Red Deer', 'O02 7U7', '2178476644', 'www.genresearch250.org', 'Hospital', 544, '3964490244'),
('TheraTech', 'Pine Lane', 'Peterborough', 'S72 5L3', '9227419784', 'www.theratech628.org', 'Hospital', 474, '9013066953'),
('CarePharmaTech', 'Elm Drive', 'Prince George', 'X94 5N5', '6112844756', 'www.carepharmatech822.org', 'Hospital', 382, '9632674322'),
('HealthSolutions', 'Hickory Drive', 'Lethbridge', 'T49 3B9', '3219477102', 'www.healthsolutions773.org', 'Clinic', 104, '7798587076'),
('GenPharmaTech', 'Magnolia Lane', 'Saint-Hyacinthe', 'D22 6V3', '6412744349', 'www.genpharmatech217.org', 'Hospital', 639, '3440824287'),
('PharmaTech', 'Spruce Road', 'St. Johns', 'V76 1G9', '9586663840', 'www.pharmatech688.org', 'Hospital', 310, '7369020476'),
('CarePharm', 'Birch Circle', 'North Bay', 'M86 7J8', '9688982382', 'www.carepharm385.org', 'Special Instalment', 598, '6024253969');

INSERT INTO Works_at VALUES
('0536209036', 'MediTech', '2023-2-13', '2023-9-21'),
('1282369764', 'CureResearch', '2019-4-6', 'NULL'),
('7601279660', 'VitaPharm', '2018-2-19', '2022-10-9'),
('9345290698', 'CareBioTech', '2020-9-8', '2023-10-8'),
('0416655305', 'HealthTech', '2015-3-12', 'NULL'),
('0730385505', 'MediPharm', '2018-7-23', 'NULL'),
('6684447830', 'PharmaPharmaCare', '2016-4-11', 'NULL'),
('0948593028', 'MediTech', '2017-4-2', '2023-7-18'),
('7369020476', 'CurePharm', '2017-1-1', '2023-5-26'),
('6024253969', 'VitaPharm', '2021-6-17', 'NULL'),
('0416655305', 'HealthSolutions', '2021-4-9', '2021-10-11'),
('3684970507', 'HealthTech', '2021-6-2', 'NULL'),
('9632674322', 'PharmaSolutions', '2023-10-7', 'NULL'),
('9013066953', 'CareBioTech', '2015-11-23', 'NULL'),
('7601279660', 'PharmaTech', '2017-4-12', 'NULL'),
('3067107914', 'CareBioTech', '2015-1-27', '2018-7-25'),
('0416655305', 'CarePharmaTech', '2015-11-12', '2022-6-22'),
('6684447830', 'MediBioTech', '2018-11-27', 'NULL'),
('7798587076', 'CarePharmaTech', '2015-8-2', 'NULL'),
('8813610411', 'MediTech', '2018-6-26', 'NULL'),
('3067107914', 'CureResearch', '2017-7-8', '2019-3-4'),
('0416655305', 'MediPharm', '2016-3-21', '2017-7-19'),
('6024253969', 'TheraHealthcare', '2015-11-23', 'NULL'),
('1274284280', 'CureLab', '2016-1-14', '2019-3-6'),
('8961052452', 'LifeHealthcare', '2022-3-17', 'NULL'),
('2844638759', 'CareBioTech', '2019-5-2', 'NULL'),
('0423791617', 'MediTech', '2015-1-10', '2018-1-16'),
('6024253969', 'BioHealthcare', '2017-3-13', 'NULL'),
('1559678223', 'TheraHealthcare', '2018-6-25', '2021-8-4'),
('9188538098', 'MediPharm', '2021-6-8', 'NULL'),
('8240924665', 'CareBioTech', '2019-8-26', 'NULL'),
('1821312016', 'CurePharmaTech', '2022-9-22', 'NULL'),
('7369020476', 'TheraTech', '2023-3-20', 'NULL'),
('7798587076', 'MediBioTech', '2023-9-18', 'NULL'),
('8961052452', 'PharmaPharmaCare', '2017-7-18', '2018-8-14'),
('3684970507', 'PharmaPharmaCare', '2019-6-7', '2021-9-5'),
('8240924665', 'CureResearch', '2022-2-1', 'NULL'),
('1821312016', 'HealthPharmaTech', '2021-7-7', 'NULL'),
('9994816480', 'MediTech', '2018-4-3', 'NULL'),
('9994816480', 'PharmaTech', '2021-3-8', 'NULL'),
('9013066953', 'LifeHealthcare', '2022-3-14', '2022-3-27'),
('9632674322', 'GenPharmaTech', '2018-5-13', 'NULL'),
('7369020476', 'CureResearch', '2016-8-3', '2022-10-23'),
('9345290698', 'GenResearch', '2019-2-21', 'NULL'),
('0948593028', 'MediPharm', '2018-5-11', 'NULL');

INSERT INTO lives_in VALUES
('4242 Hickory Street', '2663714580', '2021-10-18'),
('6944 Maple Road', '9447613245', '2018-11-7'),
('9690 Pine Terrace', '9482466596', '2021-7-17'),
('8401 Hickory Circle', '2178623543', '2023-4-2'),
('6944 Maple Road', '1640428495', '2015-3-17'),
('9690 Pine Terrace', '6366090752', '2022-9-25'),
('8819 Magnolia Lane', '5037624652', '2022-8-23'),
('3058 Spruce Street', '7601279660', '2020-2-8'),
('9690 Pine Terrace', '2735861576', '2020-6-22'),
('3058 Spruce Street', '9225378985', '2022-11-27'),
('3058 Spruce Street', '1571957771', '2022-1-6'),
('4277 Pine Street', '0948593028', '2016-11-10'),
('0204 Maple Circle', '7652863452', '2017-9-8'),
('8401 Hickory Circle', '9482466596', '2021-6-6'),
('2791 Pine Road', '3114499053', '2019-9-9'),
('8401 Hickory Circle', '1559678223', '2017-2-10'),
('6751 Birch Boulevard', '9401302890', '2020-6-9'),
('2055 Cedar Lane', '2663714580', '2019-2-19'),
('8819 Magnolia Lane', '0294656193', '2018-6-23'),
('3832 Elm Boulevard', '8305681992', '2020-11-22'),
('8401 Hickory Circle', '5267818663', '2015-6-20'),
('4386 Cedar Circle', '1821312016', '2021-6-3'),
('8401 Hickory Circle', '1274284280', '2021-4-15'),
('4242 Hickory Street', '7798587076', '2019-2-21'),
('4386 Cedar Circle', '6816527775', '2018-7-22'),
('2055 Cedar Lane', '6668567918', '2021-8-21'),
('9690 Pine Terrace', '8903741384', '2015-2-13'),
('4277 Pine Street', '0294656193', '2023-7-7'),
('4096 Maple Way', '8526191406', '2021-9-25'),
('8819 Magnolia Lane', '5037624652', '2021-8-20'),
('0202 Oak Terrace', '3114499053', '2017-11-21'),
('6115 Spruce Lane', '0416655305', '2017-5-12'),
('4386 Cedar Circle', '9217397393', '2022-5-25'),
('8705 Cedar Street', '6668567918', '2018-7-3'),
('1458 Oak Court', '6697127500', '2021-7-25'),
('0167 Cedar Way', '0948593028', '2017-4-22'),
('4096 Maple Way', '3114499053', '2021-8-14'),
('4277 Pine Street', '7165119695', '2022-1-8'),
('8401 Hickory Circle', '8813610411', '2017-10-4'),
('6115 Spruce Lane', '0948593028', '2015-7-18'),
('6944 Maple Road', '3137721747', '2023-4-15'),
('9529 Hickory Drive', '8903741384', '2018-9-16'),
('9529 Hickory Drive', '8615951594', '2020-4-5'),
('4386 Cedar Circle', '3773332769', '2022-8-26'),
('3060 Cedar Avenue', '9225378985', '2015-1-14'),
('2791 Pine Road', '3964490244', '2020-3-20'),
('6944 Maple Road', '2273030204', '2018-5-25'),
('4386 Cedar Circle', '7369020476', '2015-10-9'),
('6944 Maple Road', '3964490244', '2021-3-21'),
('9690 Pine Terrace', '2679379545', '2020-5-23');

INSERT INTO lives_with VALUES
('3964490244', '4043124132', 'Roommate'),
('7369020476', '3450910068', 'Parent'),
('0416655305', '5641468575', 'Parent'),
('8961052452', '7798790517', 'Roommate'),
('3684970507', '7798587076', 'Roommate'),
('3067107914', '0416655305', 'Descendent'),
('3067107914', '6856104206', 'Partner'),
('2844638759', '9225378985', 'Roommate'),
('2844638759', '3467606696', 'Parent'),
('7798587076', '6732792500', 'Roommate'),
('7369020476', '6684447830', 'Descendent'),
('6024253969', '7601279660', 'Partner'),
('0948593028', '5037624652', 'Descendent'),
('3440824287', '6024253969', 'Partner'),
('1274284280', '2663714580', 'Parent'),
('7798587076', '9492598871', 'Parent'),
('3440824287', '1733106663', 'Parent'),
('6024253969', '6366090752', 'Descendent'),
('1559678223', '4043124132', 'Parent'),
('1559678223', '9482466596', 'Partner'),
('7798587076', '8526191406', 'Partner'),
('0423791617', '7101858971', 'Parent'),
('3964490244', '6684447830', 'Partner'),
('7601279660', '0700321824', 'Partner'),
('3684970507', '6697127500', 'Partner'),
('6668567918', '5267818663', 'Parent'),
('1821312016', '1648282385', 'Partner'),
('3440824287', '5037624652', 'Roommate'),
('2844638759', '9188538098', 'Descendent'),
('0416655305', '7798790517', 'Roommate'),
('9632674322', '1339944323', 'Parent'),
('8240924665', '9992536878', 'Partner'),
('9632674322', '9345290698', 'Descendent'),
('1274284280', '4391205686', 'Roommate'),
('3684970507', '0730385505', 'Partner'),
('8813610411', '1289675041', 'Roommate'),
('7369020476', '7601279660', 'Roommate'),
('3067107914', '9447613245', 'Descendent'),
('3440824287', '7474971691', 'Roommate'),
('0416655305', '1289675041', 'Parent'),
('8813610411', '6732792500', 'Parent'),
('8813610411', '6668567918', 'Descendent'),
('3440824287', '6732792500', 'Partner'),
('3964490244', '1559678223', 'Partner'),
('9013066953', '3067107914', 'Descendent'),
('3067107914', '8903741384', 'Parent'),
('1282369764', '9770437635', 'Parent'),
('6684447830', '3450910068', 'Descendent'),
('0423791617', '5267818663', 'Roommate'),
('9345290698', '2178623543', 'Partner');

INSERT INTO Infection VALUES
('2023-7-23', 'COVID-19', 9, '3298336659'),
('2021-10-19', 'COVID-19', 1, '6856104206'),
('2022-11-17', 'SARS-Cov-2 Variant', 12, '9225378985'),
('2022-7-1', 'SARS-Cov-2 Variant', 4, '0730385505'),
('2023-10-5', 'COVID-19', 13, '6856104206'),
('2021-10-7', 'SARS-Cov-2 Variant', 8, '9013066953'),
('2021-2-25', 'Other', 2, '9632674322'),
('2022-1-19', 'COVID-19', 3, '9994816480'),
('2020-10-9', 'Other', 3, '2178623543'),
('2020-4-5', 'COVID-19', 11, '0948593028'),
('2021-10-14', 'SARS-Cov-2 Variant', 1, '9994816480'),
('2022-9-2', 'Other', 9, '6816527775'),
('2022-7-3', 'SARS-Cov-2 Variant', 12, '2078081445'),
('2021-4-4', 'Other', 13, '1289675041'),
('2021-3-3', 'Other', 2, '9632674322'),
('2020-10-26', 'Other', 2, '9188538098'),
('2021-10-8', 'SARS-Cov-2 Variant', 6, '3964490244'),
('2023-1-23', 'SARS-Cov-2 Variant', 8, '5281715124'),
('2023-3-15', 'COVID-19', 4, '7369020476'),
('2021-3-18', 'COVID-19', 1, '1294398952'),
('2022-5-9', 'SARS-Cov-2 Variant', 9, '6716702454'),
('2021-7-2', 'Other', 5, '6366090752'),
('2021-8-17', 'SARS-Cov-2 Variant', 8, '3137721747'),
('2023-9-26', 'COVID-19', 10, '4391205686'),
('2021-10-26', 'SARS-Cov-2 Variant', 10, '3467606696'),
('2020-9-23', 'COVID-19', 10, '2415356668'),
('2023-11-13', 'Other', 2, '9013066953'),
('2020-9-25', 'Other', 9, '2178623543'),
('2021-8-11', 'Other', 10, '6856104206'),
('2023-2-12', 'COVID-19', 3, '5248950637'),
('2021-9-3', 'COVID-19', 13, '0383208811'),
('2020-1-1', 'SARS-Cov-2 Variant', 6, '8813610411'),
('2023-8-22', 'SARS-Cov-2 Variant', 9, '1294398952'),
('2022-2-4', 'COVID-19', 4, '6816527775'),
('2020-2-11', 'Other', 1, '7624929006'),
('2020-3-16', 'Other', 9, '9632674322'),
('2023-11-7', 'Other', 2, '3067107914'),
('2021-6-3', 'Other', 3, '0700321824'),
('2022-1-3', 'SARS-Cov-2 Variant', 9, '9994816480'),
('2023-2-19', 'SARS-Cov-2 Variant', 12, '0700321824');

INSERT INTO Vaccine VALUES
(2, 'AstraZeneca', '2021-2-23', '8305681992', 'CarePharmaTech'),
(2, 'Moderna', '2022-2-24', '6732792500', 'LifePharmaTech'),
(1, 'Pfizer', '2021-8-13', '0948593028', 'TheraHealthcare'),
(2, 'AstraZeneca', '2023-10-18', '0383208811', 'CurePharm'),
(1, 'Johnson & Johnson', '2023-9-19', '9492598871', 'BioHealthcare'),
(3, 'Johnson & Johnson', '2023-1-9', '2546016046', 'HealthSolutions'),
(3, 'Moderna', '2023-6-7', '2273030204', 'HealthPharmaTech'),
(1, 'Moderna', '2023-5-12', '2663714580', 'CureResearch'),
(2, 'AstraZeneca', '2023-11-22', '5248950637', 'PharmaPharmaCare'),
(1, 'Pfizer', '2020-10-9', '4946509364', 'LifeLab'),
(3, 'AstraZeneca', '2021-10-22', '6668567918', 'LifeLab'),
(3, 'Johnson & Johnson', '2020-2-3', '7369020476', 'CurePharm'),
(3, 'AstraZeneca', '2020-11-5', '8223039907', 'GenResearch'),
(2, 'AstraZeneca', '2023-3-26', '6684447830', 'CarePharm'),
(1, 'Johnson & Johnson', '2021-8-22', '6024253969', 'CureLab'),
(2, 'Pfizer', '2021-4-15', '3298336659', 'PharmaTech'),
(3, 'Pfizer', '2022-5-14', '8903741384', 'VitaPharm'),
(1, 'Pfizer', '2022-10-12', '3467606696', 'LifeHealthcare'),
(2, 'Johnson & Johnson', '2021-7-21', '6684447830', 'CareBioTech'),
(2, 'Moderna', '2020-1-19', '6697127500', 'CureResearch'),
(1, 'Pfizer', '2021-5-7', '8526191406', 'TheraTech'),
(2, 'Johnson & Johnson', '2022-2-5', '0383208811', 'VitaPharm'),
(2, 'AstraZeneca', '2022-2-16', '6816527775', 'PharmaSolutions'),
(1, 'AstraZeneca', '2021-6-27', '3450910068', 'GenPharmaTech'),
(3, 'AstraZeneca', '2020-6-17', '5641468575', 'CarePharmaTech'),
(2, 'Moderna', '2020-10-18', '7101858971', 'HealthTech'),
(2, 'Moderna', '2020-4-20', '5267818663', 'GenResearch'),
(2, 'Johnson & Johnson', '2022-10-11', '8526191406', 'MediPharm'),
(1, 'Johnson & Johnson', '2022-1-7', '7369020476', 'CurePharmaTech'),
(1, 'Pfizer', '2021-3-21', '8240924665', 'MediTech'),
(1, 'Moderna', '2023-8-27', '4043124132', 'TheraTech'),
(1, 'AstraZeneca', '2023-11-1', '0948593028', 'MediBioTech'),
(2, 'Johnson & Johnson', '2021-11-18', '1559678223', 'BioHealthcare'),
(2, 'Moderna', '2022-2-6', '1648282385', 'MediTech'),
(2, 'Johnson & Johnson', '2023-8-24', '0383208811', 'TheraHealthcare'),
(2, 'Pfizer', '2023-2-8', '3440824287', 'CureLab'),
(3, 'Moderna', '2022-11-2', '7624929006', 'PharmaPharmaCare'),
(1, 'Pfizer', '2020-10-1', '3684970507', 'CureResearch'),
(3, 'Johnson & Johnson', '2020-6-19', '1571957771', 'CareBioTech'),
(1, 'Moderna', '2020-10-8', '9992536878', 'MediBioTech'),
(2, 'Johnson & Johnson', '2022-2-17', '3964490244', 'PharmaPharmaCare'),
(2, 'Johnson & Johnson', '2023-10-16', '2663714580', 'PharmaSolutions'),
(2, 'Pfizer', '2022-7-15', '9994816480', 'MediTech'),
(2, 'Pfizer', '2021-4-26', '6816527775', 'CareBioTech'),
(1, 'AstraZeneca', '2023-6-24', '7624929006', 'LifeLab'),
(1, 'Pfizer', '2021-2-27', '3450910068', 'LifePharmaTech'),
(1, 'Johnson & Johnson', '2021-10-18', '3964490244', 'TheraHealthcare'),
(3, 'Moderna', '2020-6-25', '9225378985', 'CurePharm'),
(3, 'Moderna', '2022-5-16', '6856104206', 'GenPharmaTech'),
(3, 'Pfizer', '2020-5-2', '9992536878', 'HealthTech'),
(3, 'Johnson & Johnson', '2020-4-20', '1294398952', 'LifePharmaTech'),
(2, 'Pfizer', '2020-1-27', '0948593028', 'PharmaTech'),
(3, 'AstraZeneca', '2022-8-1', '3964490244', 'PharmaTech'),
(1, 'Pfizer', '2021-2-13', '6684447830', 'HealthSolutions'),
(2, 'Pfizer', '2020-4-13', '7798790517', 'LifePharmaTech'),
(1, 'Johnson & Johnson', '2023-10-7', '5248950637', 'HealthTech'),
(1, 'Johnson & Johnson', '2020-4-3', '5037624652', 'LifePharmaTech'),
(2, 'Moderna', '2022-9-4', '7798587076', 'HealthSolutions'),
(3, 'AstraZeneca', '2023-1-14', '3773332769', 'VitaPharm'),
(2, 'Johnson & Johnson', '2021-3-18', '9770437635', 'CurePharmaTech'),
(1, 'Pfizer', '2021-6-11', '0700321824', 'CureLab'),
(1, 'Johnson & Johnson', '2022-2-21', '3964490244', 'PharmaPharmaCare'),
(3, 'AstraZeneca', '2021-1-15', '8693354919', 'HealthSolutions'),
(1, 'Johnson & Johnson', '2022-6-5', '1571957771', 'CarePharm'),
(3, 'Johnson & Johnson', '2023-2-25', '4043124132', 'CareBioTech'),
(1, 'Johnson & Johnson', '2020-6-26', '4043124132', 'HealthTech'),
(3, 'Moderna', '2022-6-9', '2735861576', 'LifeLab'),
(2, 'Pfizer', '2023-10-23', '9770437635', 'CurePharm'),
(2, 'Pfizer', '2022-11-1', '6024253969', 'HealthPharmaTech'),
(3, 'Johnson & Johnson', '2022-7-21', '6856104206', 'LifeHealthcare'),
(3, 'AstraZeneca', '2021-4-14', '8526191406', 'VitaPharm'),
(3, 'AstraZeneca', '2022-7-7', '2735861576', 'TheraHealthcare'),
(3, 'Moderna', '2020-9-13', '1274284280', 'GenPharmaTech'),
(3, 'Johnson & Johnson', '2021-8-17', '0536209036', 'CureResearch'),
(1, 'Pfizer', '2022-4-2', '3440824287', 'MediPharm'),
(3, 'AstraZeneca', '2021-1-11', '7798790517', 'HealthPharmaTech'),
(2, 'Moderna', '2020-6-6', '9632674322', 'MediBioTech'),
(3, 'Moderna', '2022-11-7', '7601279660', 'MediPharm'),
(3, 'Pfizer', '2021-7-11', '1821312016', 'TheraTech'),
(2, 'AstraZeneca', '2020-11-6', '0683439669', 'BioHealthcare');


