INSERT INTO Residence VALUES
('2333 Oak Street', 'North Bay', 'New Brunswick', 'L05 0M6', '7302109112', 7, 'Condominium'),
('4289 Magnolia Way', 'Norfolk County', 'Ontario', 'I30 2B5', '4190022766', 4, 'Apartment'),
('1743 Birch Lane', 'Victoriaville', 'Ontario', 'J94 5R4', '9941312701', 7, 'Apartment'),
('3079 Willow Street', 'Peterborough', 'Quebec', 'X48 7M6', '6675334483', 1, 'Semi-Detached House'),
('8682 Willow Lane', 'Prince George', 'Prince Edward Island', 'V21 7Z8', '6163890284', 1, 'House'),
('1744 Magnolia Terrace', 'Lethbridge', 'Newfoundland and Labrador', 'I53 3P4', '4297575192', 2, 'Condominium'),
('3299 Oak Avenue', 'Trois-Rivieres', 'British Columbia', 'E01 8H4', '6598933020', 5, 'Condominium'),
('2489 Magnolia Avenue', 'Fredericton', 'Manitoba', 'S12 3T2', '6367406431', 3, 'Semi-Detached House'),
('8040 Hickory Road', 'Chicoutimi', 'Ontario', 'M04 5I2', '6260479646', 6, 'Semi-Detached House'),
('1821 Maple Lane', 'Moncton', 'Northwest Territories', 'I89 2S8', '3919730636', 4, 'Condominium'),
('6247 Maple Avenue', 'Brandon', 'Nova Scotia', 'P20 0H9', '5929122283', 6, 'Apartment'),
('9817 Spruce Way', 'Oshawa', 'Ontario', 'Z18 7A4', '9901422043', 2, 'Condominium'),
('4026 Cedar Street', 'Drummondville', 'British Columbia', 'E09 7A5', '5826784560', 3, 'House'),
('0800 Willow Drive', 'Hamilton', 'Manitoba', 'X76 7V2', '4477243286', 2, 'Semi-Detached House'),
('5891 Hickory Street', 'Saskatoon', 'Nunavut', 'N33 2S4', '8651556667', 1, 'House'),
('0660 Maple Drive', 'Saint John', 'New Brunswick', 'U43 3X7', '5921950427', 4, 'House'),
('7927 Willow Road', 'Sherbrooke', 'Nova Scotia', 'E84 1G5', '6486608035', 6, 'Apartment'),
('6024 Maple Way', 'Guelph', 'Ontario', 'F93 8U6', '6194480024', 1, 'Condominium'),
('2699 Cedar Way', 'Kitchener', 'Saskatchewan', 'H13 9E5', '2471184702', 6, 'Apartment'),
('5157 Hickory Court', 'Red Deer', 'Quebec', 'A98 6H7', '4147409548', 5, 'House'),
('1013 Spruce Circle', 'Halifax', 'Newfoundland and Labrador', 'F66 4Q3', '4497551580', 3, 'Apartment'),
('9361 Elm Lane', 'Edmonton', 'Quebec', 'N27 8N2', '3640946211', 7, 'Condominium'),
('5866 Cedar Boulevard', 'Cornwall', 'Nova Scotia', 'H30 5N4', '3755312473', 7, 'Condominium'),
('6230 Birch Road', 'Calgary', 'Prince Edward Island', 'N05 0M9', '8588070791', 7, 'Semi-Detached House'),
('2357 Pine Street', 'Windsor', 'Newfoundland and Labrador', 'G35 4K5', '2502641698', 5, 'Semi-Detached House'),
('0054 Cedar Avenue', 'Medicine Hat', 'Nunavut', 'M51 5U4', '9777135847', 1, 'Apartment'),
('9265 Spruce Drive', 'Victoria', 'Nova Scotia', 'X46 4X0', '9800428522', 7, 'Apartment'),
('4531 Magnolia Circle', 'Regina', 'Nova Scotia', 'E90 9M8', '9366773132', 1, 'House'),
('5365 Cedar Lane', 'Montreal', 'Manitoba', 'C87 4J0', '4079664639', 5, 'Apartment'),
('1512 Pine Boulevard', 'Belleville', 'Prince Edward Island', 'G71 3Q8', '3809300238', 4, 'Apartment'),
('4313 Spruce Terrace', 'Saint-Jérôme', 'Nova Scotia', 'Z92 7I6', '7862119381', 1, 'Condominium'),
('6826 Pine Lane', 'Saint-Hyacinthe', 'Prince Edward Island', 'M07 4N8', '6009989687', 4, 'Condominium'),
('7436 Pine Court', 'Winnipeg', 'Prince Edward Island', 'O31 8E0', '3366260615', 1, 'House'),
('3897 Cedar Drive', 'White Rock', 'Newfoundland and Labrador', 'L53 2R6', '2362716641', 4, 'Condominium'),
('4739 Magnolia Court', 'Abbotsford', 'New Brunswick', 'D76 3S4', '8357378526', 5, 'House'),
('1087 Magnolia Street', 'Aurora', 'Northwest Territories', 'W01 4H1', '7784611836', 6, 'Apartment'),
('5102 Pine Circle', 'Kanata', 'Manitoba', 'T81 4G1', '8650864048', 4, 'Semi-Detached House'),
('4032 Cedar Road', 'Quebec City', 'Nunavut', 'J50 2I3', '9072916976', 1, 'Semi-Detached House'),
('9611 Oak Boulevard', 'Kelowna', 'New Brunswick', 'X68 2I0', '2813900776', 5, 'House'),
('9141 Hickory Way', 'Vancouver', 'Nova Scotia', 'D64 8Z1', '8749461280', 2, 'Semi-Detached House');

INSERT INTO Person VALUES
('1130165101', 'William', 'Gonzalez', '2016-7-26', 'N791478126', '6553288502', 'Canadian', 'williamgonzalez14@gmail.com', 'Sales Representative', '0800 Willow Drive'),
('7521250994', 'Chloe', 'Taylor', '1942-9-5', 'H945202885', '5440138415', 'Canadian', 'chloetaylor66@gmail.com', 'Plumber', '1821 Maple Lane'),
('0982853568', 'Joseph', 'Anderson', '1991-2-6', 'Q328508911', '2658046494', 'Canadian', 'josephanderson85@gmail.com', 'Geologist', '2489 Magnolia Avenue'),
('7166680595', 'Jackson', 'Parker', '1942-8-12', 'W557611802', '3326852045', 'Canadian', 'jacksonparker94@gmail.com', 'Dentist', '5157 Hickory Court'),
('6050807521', 'Victoria', 'Scott', '2020-11-12', 'Q655529242', '4263546433', 'Canadian', 'victoriascott09@gmail.com', 'Writer', '2333 Oak Street'),
('5021040867', 'Olivia', 'Jones', '1953-6-18', 'Y980664223', '9381993367', 'Canadian', 'oliviajones49@gmail.com', 'Meteorologist', '1512 Pine Boulevard'),
('3473083764', 'Victoria', 'Garcia', '1986-10-3', 'S083795053', '9315232912', 'Canadian', 'victoriagarcia57@gmail.com', 'Carpenter', '6247 Maple Avenue'),
('4749712066', 'Avery', 'Taylor', '1978-11-7', 'V609282866', '8056050442', 'Canadian', 'averytaylor98@gmail.com', 'Marketing Manager', '4032 Cedar Road'),
('2108451408', 'Aiden', 'Lee', '1984-3-2', 'S501934794', '6817843353', 'Canadian', 'aidenlee12@gmail.com', 'Psychologist', '1512 Pine Boulevard'),
('3575528520', 'Avery', 'Turner', '2004-5-6', 'N253186634', '5483819978', 'Canadian', 'averyturner41@gmail.com', 'Veterinarian', '2357 Pine Street'),
('9349671976', 'Matthew', 'Gonzalez', '1941-9-1', 'J108003112', '2837696387', 'Canadian', 'matthewgonzalez30@gmail.com', 'Translator', '9611 Oak Boulevard'),
('4121402385', 'Daniel', 'Clark', '1950-8-25', 'L560969549', '4947494899', 'Canadian', 'danielclark68@gmail.com', 'Construction Worker', '4032 Cedar Road'),
('9504043559', 'Joseph', 'Thompson', '1967-2-4', 'N442532350', '9247842379', 'Canadian', 'josephthompson52@gmail.com', 'Mechanic', '7927 Willow Road'),
('5687470062', 'Victoria', 'Mitchell', '1981-6-19', 'L870296409', '9832139659', 'Canadian', 'victoriamitchell80@gmail.com', 'Chef', '5365 Cedar Lane'),
('5211086376', 'Liam', 'Davis', '1959-11-15', 'Q623923429', '9859072434', 'Canadian', 'liamdavis88@gmail.com', 'Police Officer', '9817 Spruce Way'),
('2376424290', 'Alexander', 'Johnson', '1990-4-9', 'N532898270', '8742655261', 'Canadian', 'alexanderjohnson57@gmail.com', 'Marine Biologist', '0660 Maple Drive'),
('5145626918', 'Grace', 'Young', '1981-11-25', 'W267531874', '9017258886', 'Canadian', 'graceyoung27@gmail.com', 'Biologist', '9265 Spruce Drive'),
('3559013949', 'Michael', 'Roberts', '2016-3-16', 'J039610130', '3910074626', 'Canadian', 'michaelroberts32@gmail.com', 'Economist', '6230 Birch Road'),
('1241534117', 'Logan', 'Hall', '1986-2-26', 'H124885191', '6988127226', 'Canadian', 'loganhall90@gmail.com', 'Web Designer', '4531 Magnolia Circle'),
('7166892339', 'Liam', 'Smith', '1941-7-18', 'V829463300', '8438282294', 'Canadian', 'liamsmith61@gmail.com', 'Lawyer', '4313 Spruce Terrace'),
('8165394961', 'James', 'Baker', '1997-10-19', 'N551084500', '6046444239', 'Canadian', 'jamesbaker03@gmail.com', 'Social Worker', '1512 Pine Boulevard'),
('2882504634', 'Scarlett', 'Green', '1973-11-12', 'E481424293', '7200629153', 'Canadian', 'scarlettgreen98@gmail.com', 'HR Manager', '2489 Magnolia Avenue'),
('7132294725', 'Lucas', 'Lopez', '2001-11-20', 'F119206683', '6529136050', 'Canadian', 'lucaslopez06@gmail.com', 'Teacher', '9611 Oak Boulevard'),
('5728125545', 'Mason', 'Phillips', '2003-10-16', 'J778307325', '3220184149', 'Canadian', 'masonphillips21@gmail.com', 'Graphic Designer', '2489 Magnolia Avenue'),
('8688205236', 'Harper', 'Thomas', '1963-6-12', 'W675788908', '2789343106', 'Canadian', 'harperthomas25@gmail.com', 'Waiter/Waitress', '1013 Spruce Circle'),
('5470753252', 'Harper', 'Perez', '2005-5-17', 'Y955749358', '4597756979', 'Canadian', 'harperperez01@gmail.com', 'Electrician', '9361 Elm Lane'),
('5337113537', 'Ava', 'Brown', '1967-8-23', 'Q765391906', '8397585189', 'Canadian', 'avabrown38@gmail.com', 'Chemist', '8040 Hickory Road'),
('4970797151', 'Chloe', 'Thompson', '1983-10-14', 'L939761195', '8465586550', 'Canadian', 'chloethompson29@gmail.com', 'Journalist', '0660 Maple Drive'),
('9246248071', 'James', 'Thompson', '1975-4-17', 'R418918638', '2878647620', 'Canadian', 'jamesthompson72@gmail.com', 'Actor', '7436 Pine Court'),
('9877702030', 'Amelia', 'Hernandez', '1971-11-4', 'O052939398', '3407449369', 'Canadian', 'ameliahernandez20@gmail.com', 'Doctor', '3897 Cedar Drive'),
('9299936483', 'Alexander', 'Roberts', '1984-9-22', 'V043382164', '8131009559', 'Canadian', 'alexanderroberts87@gmail.com', 'Engineer', '0800 Willow Drive'),
('8952253776', 'Joseph', 'Hill', '2014-8-3', 'M779628964', '2064745685', 'Canadian', 'josephhill38@gmail.com', 'Real Estate Agent', '5866 Cedar Boulevard'),
('1064915031', 'Amelia', 'Johnson', '2011-5-7', 'L683124189', '6333308455', 'Canadian', 'ameliajohnson89@gmail.com', 'Accountant', '1744 Magnolia Terrace'),
('2280842006', 'Mason', 'Thomas', '1989-7-27', 'P771434371', '4622783512', 'Canadian', 'masonthomas02@gmail.com', 'Pilot', '1013 Spruce Circle'),
('3998638728', 'Victoria', 'Jackson', '1972-4-17', 'X322086136', '9357247077', 'Canadian', 'victoriajackson56@gmail.com', 'Architect', '1744 Magnolia Terrace'),
('8004292181', 'Emily', 'Wright', '1958-6-14', 'M443913974', '5781400729', 'Canadian', 'emilywright88@gmail.com', 'Librarian', '2333 Oak Street'),
('5195394791', 'Sebastian', 'Williams', '1965-9-12', 'L366769623', '3212980373', 'Canadian', 'sebastianwilliams92@gmail.com', 'Nurse', '9361 Elm Lane'),
('1398062547', 'William', 'Phillips', '1995-4-27', 'E105824292', '2190050697', 'Canadian', 'williamphillips79@gmail.com', 'Bartender', '5102 Pine Circle'),
('0291315184', 'Ava', 'Harris', '1973-5-23', 'E690138607', '7676960863', 'Canadian', 'avaharris56@gmail.com', 'Pharmacist', '3299 Oak Avenue'),
('4458628848', 'Madison', 'Roberts', '1986-2-26', 'W374169640', '8145421973', 'Canadian', 'madisonroberts46@gmail.com', 'Financial Analyst', '4289 Magnolia Way');

INSERT INTO Employee VALUES
('2108451408', 'Pharmacist'),
('1241534117', 'Doctor'),
('4749712066', 'Nurse'),
('7132294725', 'Security Personnel'),
('8952253776', 'Security Personnel'),
('3473083764', 'Cashier'),
('7521250994', 'Security Personnel'),
('1130165101', 'Receptionist'),
('5337113537', 'Nurse'),
('9246248071', 'Doctor'),
('9299936483', 'Regular Employee'),
('5195394791', 'Security Personnel'),
('4970797151', 'Regular Employee'),
('4121402385', 'Nurse'),
('8165394961', 'Pharmacist'),
('3559013949', 'Nurse'),
('1398062547', 'Receptionist'),
('6050807521', 'Doctor'),
('0982853568', 'Security Personnel'),
('3998638728', 'Security Personnel'),
('5145626918', 'Regular Employee'),
('5728125545', 'Pharmacist'),
('8688205236', 'Receptionist'),
('7166680595', 'Security Personnel'),
('2882504634', 'Regular Employee'),
('8004292181', 'Administrative Personnel'),
('5211086376', 'Receptionist'),
('5021040867', 'Regular Employee'),
('2376424290', 'Cashier'),
('3575528520', 'Security Personnel'),
('9349671976', 'Pharmacist'),
('1064915031', 'Cashier'),
('5687470062', 'Receptionist'),
('7166892339', 'Pharmacist'),
('5470753252', 'Pharmacist');

INSERT INTO Facility VALUES
('CureSolutions', 'Willow Circle', 'White Rock', 'A46 6K7', '8162423652', 'www.curesolutions986.org', 'Clinic', 208, '5470753252'),
('CareBioTech', 'Birch Terrace', 'Halifax', 'Z21 9L7', '8623825561', 'www.carebiotech492.org', 'Hospital', 176, '1398062547'),
('BioPharm', 'Magnolia Street', 'St. Johns', 'E60 7L1', '3424600172', 'www.biopharm939.org', 'Special Instalment', 960, '8688205236'),
('TheraSolutions', 'Magnolia Drive', 'Abbotsford', 'V44 6C5', '7949489068', 'www.therasolutions318.org', 'Pharmacy', 734, '4121402385'),
('VitaPharmaTech', 'Maple Circle', 'Saint John', 'C38 2E6', '3783409138', 'www.vitapharmatech493.org', 'Special Instalment', 821, '1064915031'),
('GenPharmaCare', 'Spruce Road', 'Sherbrooke', 'U21 9S0', '7885325527', 'www.genpharmacare468.org', 'Special Instalment', 895, '8688205236'),
('BioPharmaCare', 'Pine Road', 'Norfolk County', 'O14 2H9', '8191663675', 'www.biopharmacare347.org', 'CLSC', 244, '5195394791'),
('HealthResearch', 'Birch Avenue', 'Hamilton', 'M58 8O8', '8503489238', 'www.healthresearch876.org', 'Hospital', 574, '6050807521'),
('PharmaMed', 'Spruce Circle', 'Vancouver', 'N98 1M2', '5923940889', 'www.pharmamed223.org', 'CLSC', 640, '5211086376'),
('CareLab', 'Hickory Circle', 'Calgary', 'F85 3A7', '5570704175', 'www.carelab191.org', 'Pharmacy', 198, '4749712066'),
('HealthHealthcare', 'Maple Boulevard', 'Ottawa', 'P76 4Y8', '8843968099', 'www.healthhealthcare524.org', 'Special Instalment', 417, '3473083764'),
('BioBioTech', 'Maple Avenue', 'Montreal', 'C49 0D2', '8361682995', 'www.biobiotech951.org', 'Special Instalment', 921, '9246248071'),
('VitaLab', 'Oak Circle', 'Victoriaville', 'X06 9G8', '4191604008', 'www.vitalab806.org', 'CLSC', 489, '1398062547'),
('MediTech', 'Spruce Terrace', 'Chicoutimi', 'A35 7A3', '4322312285', 'www.meditech773.org', 'Hospital', 453, '1064915031'),
('VitaPharm', 'Birch Lane', 'Cornwall', 'E48 0A3', '2400240850', 'www.vitapharm293.org', 'Special Instalment', 343, '2882504634'),
('CureBioTech', 'Hickory Avenue', 'Regina', 'A57 5E5', '7840543946', 'www.curebiotech271.org', 'Clinic', 697, '5211086376'),
('BioSolutions', 'Hickory Terrace', 'Victoria', 'B67 4J9', '9140031357', 'www.biosolutions965.org', 'Special Instalment', 905, '1130165101'),
('GenMed', 'Birch Road', 'Belleville', 'S11 0U4', '4291646510', 'www.genmed960.org', 'Hospital', 984, '1130165101'),
('PharmaBioTech', 'Maple Terrace', 'North Bay', 'Z11 8R7', '8769588945', 'www.pharmabiotech298.org', 'Pharmacy', 47, '7132294725'),
('HealthMed', 'Birch Way', 'Saint-Jérôme', 'T52 5X6', '5523379880', 'www.healthmed953.org', 'Special Instalment', 916, '9246248071'),
('VitaHealthcare', 'Magnolia Road', 'Trois-Rivieres', 'W75 3X3', '5737303898', 'www.vitahealthcare160.org', 'Clinic', 639, '8004292181'),
('BioPharmaTech', 'Willow Street', 'Aurora', 'C73 0B2', '6798875524', 'www.biopharmatech485.org', 'Pharmacy', 667, '5195394791'),
('PharmaPharmaCare', 'Spruce Avenue', 'Brandon', 'M03 6D6', '2774261726', 'www.pharmapharmacare343.org', 'Hospital', 321, '3559013949'),
('TheraBioTech', 'Hickory Boulevard', 'Toronto', 'P59 5T8', '6904613725', 'www.therabiotech395.org', 'Special Instalment', 170, '1241534117'),
('GenSolutions', 'Hickory Court', 'St. Albert', 'R48 7Y3', '3214859351', 'www.gensolutions199.org', 'CLSC', 20, '3473083764');

INSERT INTO Works_at VALUES
('5687470062', 'GenMed', '2019-1-22', '2021-4-20'),
('5687470062', 'GenPharmaCare', '2017-4-4', '2020-7-7'),
('7166680595', 'VitaLab', '2023-2-6', '2023-5-18'),
('7521250994', 'PharmaPharmaCare', '2018-9-5', 'NULL'),
('1398062547', 'BioSolutions', '2021-3-10', '2023-8-4'),
('1398062547', 'GenPharmaCare', '2016-8-21', 'NULL'),
('4749712066', 'CareLab', '2019-8-25', '2023-6-7'),
('3575528520', 'VitaPharmaTech', '2016-4-1', '2016-10-22'),
('1130165101', 'VitaLab', '2016-4-1', '2022-7-15'),
('6050807521', 'CareLab', '2021-11-16', '2023-10-8'),
('8688205236', 'VitaHealthcare', '2023-4-7', 'NULL'),
('1130165101', 'CareBioTech', '2022-9-7', '2023-2-2'),
('1241534117', 'GenPharmaCare', '2023-3-14', '2023-7-1'),
('8165394961', 'VitaPharmaTech', '2022-4-18', '2023-3-24'),
('0982853568', 'BioPharm', '2021-6-18', '2023-9-18'),
('2376424290', 'HealthMed', '2015-10-13', 'NULL'),
('4970797151', 'CureBioTech', '2015-2-8', '2022-2-1'),
('7166680595', 'VitaPharm', '2022-9-18', '2022-11-19'),
('9246248071', 'PharmaPharmaCare', '2022-1-7', '2023-11-12'),
('3473083764', 'CareBioTech', '2019-8-10', '2022-8-20'),
('5687470062', 'TheraSolutions', '2021-6-11', 'NULL'),
('1398062547', 'MediTech', '2021-11-25', 'NULL'),
('5337113537', 'HealthResearch', '2020-2-8', '2023-1-4'),
('0982853568', 'BioPharm', '2015-4-12', 'NULL'),
('5337113537', 'PharmaBioTech', '2023-1-25', 'NULL'),
('3473083764', 'CareBioTech', '2019-9-13', '2023-4-11'),
('5337113537', 'BioBioTech', '2022-4-18', '2023-4-22'),
('9349671976', 'BioBioTech', '2017-4-4', 'NULL'),
('4970797151', 'BioPharmaTech', '2021-7-26', 'NULL'),
('6050807521', 'VitaPharm', '2021-10-23', 'NULL'),
('5021040867', 'BioPharm', '2019-9-21', 'NULL'),
('3559013949', 'CureSolutions', '2018-1-22', 'NULL'),
('1241534117', 'PharmaMed', '2016-10-25', '2017-6-18'),
('1398062547', 'BioPharm', '2017-4-1', '2021-6-17'),
('5211086376', 'VitaPharmaTech', '2020-3-15', 'NULL'),
('7166892339', 'BioPharmaTech', '2018-6-17', 'NULL'),
('7132294725', 'CareBioTech', '2022-10-6', '2023-2-13'),
('7521250994', 'MediTech', '2017-6-27', '2021-6-15'),
('2108451408', 'CureBioTech', '2021-5-10', 'NULL'),
('6050807521', 'BioPharm', '2021-2-4', 'NULL');

INSERT INTO lives_in VALUES
('1821 Maple Lane', '3559013949', '2022-10-6'),
('9817 Spruce Way', '7166892339', '2023-3-25'),
('2699 Cedar Way', '9877702030', '2021-1-21'),
('4026 Cedar Street', '4121402385', '2022-3-27'),
('1013 Spruce Circle', '5145626918', '2021-5-11'),
('4313 Spruce Terrace', '7132294725', '2015-3-18'),
('9361 Elm Lane', '4970797151', '2021-8-13'),
('3299 Oak Avenue', '0982853568', '2018-6-15'),
('9817 Spruce Way', '6050807521', '2015-10-17'),
('2699 Cedar Way', '1130165101', '2015-7-26'),
('2357 Pine Street', '8165394961', '2020-10-23'),
('8040 Hickory Road', '5470753252', '2016-3-9'),
('5102 Pine Circle', '3559013949', '2018-4-25'),
('6024 Maple Way', '5195394791', '2021-4-12'),
('4531 Magnolia Circle', '2280842006', '2015-6-16'),
('8040 Hickory Road', '3998638728', '2020-6-4'),
('5157 Hickory Court', '1064915031', '2016-1-24'),
('0054 Cedar Avenue', '8952253776', '2020-7-16'),
('5365 Cedar Lane', '7132294725', '2022-10-22'),
('5866 Cedar Boulevard', '8004292181', '2019-8-12'),
('6024 Maple Way', '4121402385', '2018-10-23'),
('9817 Spruce Way', '8165394961', '2022-1-19'),
('6247 Maple Avenue', '3473083764', '2018-9-7'),
('6024 Maple Way', '5470753252', '2016-2-23'),
('5866 Cedar Boulevard', '1130165101', '2023-6-16'),
('5866 Cedar Boulevard', '2280842006', '2022-5-11'),
('5157 Hickory Court', '7521250994', '2021-10-16'),
('7436 Pine Court', '7166680595', '2015-11-2'),
('5157 Hickory Court', '2108451408', '2017-7-4'),
('8682 Willow Lane', '1130165101', '2021-5-24'),
('1744 Magnolia Terrace', '4749712066', '2023-6-4'),
('8040 Hickory Road', '3559013949', '2020-1-19'),
('1744 Magnolia Terrace', '5337113537', '2016-5-11'),
('6247 Maple Avenue', '2376424290', '2017-11-24'),
('3299 Oak Avenue', '2882504634', '2023-10-10'),
('2333 Oak Street', '3575528520', '2015-1-9'),
('9361 Elm Lane', '3559013949', '2016-3-26'),
('8040 Hickory Road', '5728125545', '2023-5-23'),
('1087 Magnolia Street', '5728125545', '2021-11-3'),
('2333 Oak Street', '8952253776', '2020-11-13');

INSERT INTO lives_with VALUES
('5145626918', '1241534117', 'Parent'),
('2108451408', '9349671976', 'Non-Parent Dependent'),
('3575528520', '5195394791', 'Children'),
('3473083764', '8688205236', 'Children'),
('3559013949', '4121402385', 'Children'),
('8688205236', '2280842006', 'Non-Parent Dependent'),
('6050807521', '3473083764', 'Children'),
('3575528520', '0982853568', 'Children'),
('7521250994', '5211086376', 'Non-Parent Dependent'),
('9246248071', '1241534117', 'Children'),
('3575528520', '6050807521', 'Partner'),
('3998638728', '2882504634', 'Non-Parent Dependent'),
('5687470062', '5337113537', 'Children'),
('4749712066', '2376424290', 'Non-Parent Dependent'),
('4121402385', '7166892339', 'Parent'),
('2882504634', '5687470062', 'Children'),
('4749712066', '2280842006', 'Roommate'),
('9246248071', '5021040867', 'Roommate'),
('5195394791', '9299936483', 'Roommate'),
('9246248071', '5211086376', 'Children'),
('4970797151', '6050807521', 'Parent'),
('2882504634', '9877702030', 'Non-Parent Dependent'),
('7132294725', '5470753252', 'Non-Parent Dependent'),
('8165394961', '4970797151', 'Children'),
('3998638728', '1064915031', 'Roommate'),
('7521250994', '9877702030', 'Partner'),
('5687470062', '9299936483', 'Non-Parent Dependent'),
('8952253776', '3575528520', 'Parent'),
('3559013949', '5470753252', 'Children'),
('0982853568', '5021040867', 'Roommate'),
('5195394791', '2376424290', 'Partner'),
('7166680595', '3473083764', 'Roommate'),
('4970797151', '8952253776', 'Parent'),
('1241534117', '2376424290', 'Partner'),
('9349671976', '8004292181', 'Partner'),
('1241534117', '8004292181', 'Parent'),
('2882504634', '8952253776', 'Children'),
('9299936483', '7166892339', 'Roommate'),
('5145626918', '1398062547', 'Children'),
('2376424290', '7132294725', 'Children');

INSERT INTO Infection VALUES
('2022-3-8', 'SARS-Cov-2 Variant', 11, '1130165101'),
('2021-5-17', 'Other', 8, '4970797151'),
('2021-2-18', 'COVID-19', 13, '0982853568'),
('2023-6-4', 'COVID-19', 7, '7521250994'),
('2020-8-20', 'COVID-19', 11, '1398062547'),
('2023-11-8', 'COVID-19', 7, '7132294725'),
('2023-4-16', 'COVID-19', 6, '9349671976'),
('2022-10-21', 'COVID-19', 13, '9877702030'),
('2020-7-8', 'Other', 1, '5145626918'),
('2022-3-25', 'SARS-Cov-2 Variant', 2, '0982853568'),
('2023-1-5', 'SARS-Cov-2 Variant', 6, '2882504634'),
('2020-11-8', 'Other', 7, '7521250994'),
('2020-4-26', 'SARS-Cov-2 Variant', 12, '9349671976'),
('2021-8-18', 'SARS-Cov-2 Variant', 2, '8688205236'),
('2021-10-8', 'Other', 1, '2376424290'),
('2021-1-26', 'COVID-19', 13, '4749712066'),
('2023-9-2', 'COVID-19', 7, '9877702030'),
('2021-1-8', 'SARS-Cov-2 Variant', 11, '5687470062'),
('2023-10-19', 'Other', 2, '9877702030'),
('2020-1-5', 'Other', 6, '0291315184'),
('2023-10-9', 'Other', 10, '2108451408'),
('2021-7-24', 'Other', 3, '9349671976'),
('2022-2-19', 'Other', 4, '1064915031'),
('2022-6-7', 'COVID-19', 4, '8952253776'),
('2020-4-1', 'SARS-Cov-2 Variant', 12, '9877702030'),
('2021-10-15', 'SARS-Cov-2 Variant', 9, '3998638728'),
('2023-3-15', 'COVID-19', 6, '5195394791'),
('2022-10-8', 'COVID-19', 4, '5195394791'),
('2020-1-26', 'SARS-Cov-2 Variant', 3, '4458628848'),
('2023-5-21', 'Other', 9, '2882504634'),
('2021-5-17', 'Other', 2, '1130165101'),
('2021-11-1', 'Other', 5, '4970797151'),
('2021-1-9', 'SARS-Cov-2 Variant', 10, '5687470062'),
('2022-7-4', 'SARS-Cov-2 Variant', 6, '2108451408'),
('2022-7-17', 'COVID-19', 3, '2108451408'),
('2022-10-11', 'SARS-Cov-2 Variant', 3, '2882504634'),
('2022-7-15', 'Other', 10, '7132294725'),
('2023-1-3', 'COVID-19', 10, '3998638728'),
('2022-2-22', 'Other', 9, '9299936483'),
('2020-8-26', 'Other', 2, '8952253776'),
('2020-1-12', 'SARS-Cov-2 Variant', 8, '5195394791'),
('2022-7-6', 'Other', 6, '5337113537'),
('2023-7-22', 'COVID-19', 12, '2108451408'),
('2020-1-13', 'SARS-Cov-2 Variant', 11, '3575528520'),
('2020-7-23', 'SARS-Cov-2 Variant', 8, '5021040867'),
('2020-5-15', 'COVID-19', 4, '2376424290'),
('2020-2-24', 'COVID-19', 1, '2376424290'),
('2020-6-5', 'COVID-19', 13, '8688205236'),
('2022-9-7', 'Other', 7, '8688205236'),
('2021-4-14', 'COVID-19', 2, '2108451408');

INSERT INTO Vaccine VALUES
(2, 'Moderna', '2021-11-5', '2882504634', 'CureSolutions'),
(2, 'Johnson & Johnson', '2021-10-6', '1064915031', 'GenMed'),
(2, 'Moderna', '2021-3-5', '2376424290', 'GenMed'),
(3, 'Pfizer', '2022-7-2', '1398062547', 'VitaLab'),
(2, 'Moderna', '2021-9-14', '5470753252', 'MediTech'),
(3, 'AstraZeneca', '2020-7-15', '8004292181', 'GenPharmaCare'),
(3, 'Pfizer', '2023-2-19', '1064915031', 'BioPharmaTech'),
(2, 'AstraZeneca', '2023-10-21', '3575528520', 'TheraSolutions'),
(3, 'Moderna', '2020-10-2', '9349671976', 'VitaLab'),
(3, 'Johnson & Johnson', '2023-5-5', '5195394791', 'CureBioTech'),
(2, 'Pfizer', '2021-4-15', '2108451408', 'MediTech'),
(1, 'Johnson & Johnson', '2020-2-17', '5687470062', 'PharmaBioTech'),
(3, 'Pfizer', '2022-6-14', '6050807521', 'VitaHealthcare'),
(3, 'Moderna', '2021-3-2', '3559013949', 'VitaHealthcare'),
(1, 'AstraZeneca', '2021-3-27', '0291315184', 'CureBioTech'),
(2, 'AstraZeneca', '2021-11-4', '5687470062', 'BioSolutions'),
(3, 'AstraZeneca', '2021-2-6', '8165394961', 'BioPharmaCare'),
(2, 'AstraZeneca', '2022-5-13', '7132294725', 'PharmaBioTech'),
(2, 'AstraZeneca', '2023-3-17', '3559013949', 'VitaPharm'),
(1, 'Pfizer', '2022-4-26', '2280842006', 'CureBioTech'),
(3, 'Moderna', '2021-1-4', '8004292181', 'BioPharm'),
(2, 'AstraZeneca', '2023-7-13', '9349671976', 'CureBioTech'),
(1, 'Pfizer', '2022-3-23', '8688205236', 'HealthHealthcare'),
(2, 'AstraZeneca', '2021-3-26', '8952253776', 'BioSolutions'),
(1, 'Moderna', '2022-11-8', '2376424290', 'BioBioTech'),
(3, 'Moderna', '2020-1-21', '5687470062', 'CureBioTech'),
(3, 'Johnson & Johnson', '2021-10-16', '9246248071', 'VitaHealthcare'),
(2, 'Johnson & Johnson', '2023-10-19', '1398062547', 'GenMed'),
(3, 'Johnson & Johnson', '2022-10-16', '3473083764', 'BioPharmaTech'),
(1, 'AstraZeneca', '2021-11-27', '3998638728', 'BioPharm'),
(3, 'Pfizer', '2023-9-13', '8165394961', 'CareBioTech'),
(2, 'Johnson & Johnson', '2020-1-13', '5728125545', 'VitaPharm'),
(1, 'Pfizer', '2023-4-6', '7166892339', 'BioPharmaCare'),
(3, 'Johnson & Johnson', '2023-10-9', '8165394961', 'CureBioTech'),
(3, 'AstraZeneca', '2022-4-1', '3559013949', 'GenPharmaCare'),
(1, 'Pfizer', '2023-11-18', '5211086376', 'VitaLab'),
(1, 'Moderna', '2022-10-21', '1130165101', 'GenPharmaCare'),
(3, 'Pfizer', '2021-6-5', '5728125545', 'HealthMed'),
(1, 'AstraZeneca', '2022-10-23', '4749712066', 'PharmaBioTech'),
(3, 'Johnson & Johnson', '2021-2-26', '7166680595', 'VitaLab'),
(1, 'Johnson & Johnson', '2020-3-21', '7166892339', 'HealthMed'),
(1, 'Pfizer', '2023-4-9', '6050807521', 'PharmaMed'),
(3, 'AstraZeneca', '2022-7-5', '3473083764', 'GenMed'),
(3, 'Johnson & Johnson', '2023-7-4', '1241534117', 'GenMed'),
(3, 'AstraZeneca', '2021-6-5', '3559013949', 'TheraSolutions');

INSERT INTO Schedule VALUES
('2023-2-27', '2019-9-4 19:39:17', '2021-1-18 13:34:2', 'HealthResearch', '8165394961'),
('2021-9-23', '2023-10-8 5:55:27', '2023-10-23 12:44:18', 'CareLab', '6050807521'),
('2023-9-10', '2021-8-12 22:38:31', '2022-2-8 6:10:47', 'BioPharmaTech', '5021040867'),
('2022-2-6', '2020-3-16 2:12:24', '2022-8-7 11:58:13', 'BioPharmaTech', '3559013949'),
('2018-1-2', '2022-7-7 6:52:34', '2023-9-5 15:7:25', 'CareBioTech', '5728125545'),
('2023-7-14', '2018-5-19 20:47:29', '2023-7-5 8:38:12', 'TheraBioTech', '8952253776'),
('2023-11-23', '2020-11-16 13:1:39', '2023-5-1 21:59:56', 'BioSolutions', '2882504634'),
('2022-8-16', '2020-5-17 3:32:3', '2021-11-19 16:42:30', 'PharmaPharmaCare', '8004292181'),
('2021-11-1', '2021-9-14 9:9:42', '2023-5-9 13:24:44', 'CureSolutions', '0982853568'),
('2019-1-4', '2022-6-17 9:5:17', '2023-2-19 2:55:53', 'CareLab', '8688205236'),
('2019-9-3', '2021-3-2 13:52:29', '2021-7-25 3:59:58', 'HealthHealthcare', '1241534117'),
('2022-5-8', '2020-5-16 12:22:27', '2021-8-18 20:21:51', 'PharmaBioTech', '5337113537'),
('2020-5-4', '2023-4-21 23:34:22', '2023-10-14 1:35:33', 'VitaPharm', '4121402385'),
('2020-2-8', '2019-4-7 6:45:12', '2022-9-4 23:54:18', 'BioPharm', '1241534117'),
('2018-7-5', '2021-5-1 11:42:43', '2022-4-22 17:30:3', 'GenPharmaCare', '3473083764'),
('2020-10-10', '2018-9-23 13:24:28', '2021-6-13 20:44:6', 'VitaHealthcare', '4121402385'),
('2019-4-22', '2018-7-17 4:6:37', '2020-7-25 3:34:29', 'CareBioTech', '8004292181'),
('2023-1-18', '2021-1-13 13:42:48', '2023-11-25 4:34:47', 'MediTech', '7166892339'),
('2022-6-3', '2020-3-3 22:31:42', '2022-4-22 10:31:28', 'BioPharmaTech', '7132294725'),
('2021-8-3', '2018-2-23 20:41:55', '2020-9-3 17:2:40', 'HealthHealthcare', '8952253776'),
('2020-3-27', '2020-4-7 9:35:43', '2021-5-16 20:9:11', 'TheraSolutions', '5195394791'),
('2020-9-27', '2020-6-6 13:3:13', '2023-10-14 11:21:45', 'BioPharm', '6050807521'),
('2021-2-2', '2018-1-9 11:51:13', '2018-10-1 5:55:7', 'VitaPharm', '4121402385'),
('2019-3-11', '2020-3-10 1:10:27', '2021-8-19 19:8:52', 'GenPharmaCare', '7521250994'),
('2022-10-10', '2018-3-10 23:6:31', '2019-8-2 13:30:42', 'GenPharmaCare', '7166892339'),
('2023-8-5', '2023-9-10 4:3:49', '2023-11-19 18:13:3', 'VitaLab', '1398062547'),
('2018-2-25', '2020-4-5 3:50:34', '2023-1-12 19:32:8', 'HealthHealthcare', '1064915031'),
('2017-11-16', '2018-10-19 19:59:36', '2023-11-4 6:13:36', 'VitaPharm', '0982853568'),
('2019-9-5', '2018-5-15 20:4:34', '2020-7-9 17:8:44', 'BioPharmaTech', '5687470062'),
('2020-7-6', '2019-2-24 22:50:42', '2020-7-17 4:35:11', 'CareLab', '3998638728');


