INSERT INTO Residence VALUES
('8457 Pine Drive', 'Winnipeg', 'Ontario', 'I38 5D1', '4047091615', 3, 'Apartment'),
('2888 Spruce Drive', 'Kelowna', 'Ontario', 'R72 2E8', '4814564403', 3, 'Semi-Detached House'),
('7201 Maple Court', 'Regina', 'Alberta', 'L09 9V8', '6404359413', 5, 'Semi-Detached House'),
('3658 Maple Road', 'Edmonton', 'Quebec', 'E25 2E5', '7294364276', 7, 'Apartment'),
('5346 Willow Way', 'Kitchener', 'New Brunswick', 'Z00 5A0', '2771809566', 5, 'Condominium'),
('6789 Spruce Court', 'Prince George', 'Northwest Territories', 'B70 5Y2', '4101362936', 7, 'Condominium'),
('0980 Spruce Way', 'Hamilton', 'Alberta', 'F14 8S0', '2710072309', 7, 'House'),
('6969 Magnolia Avenue', 'Mirabel', 'Alberta', 'Z85 6N1', '5472478036', 3, 'House'),
('2416 Pine Lane', 'Halifax', 'Newfoundland and Labrador', 'N31 6Z3', '9890783463', 1, 'Apartment'),
('2043 Hickory Court', 'Red Deer', 'Quebec', 'C50 3Q5', '6469074108', 4, 'House'),
('5967 Willow Terrace', 'Trois-Rivieres', 'Alberta', 'E05 7S2', '4575057095', 2, 'Apartment'),
('5025 Oak Circle', 'Fredericton', 'Saskatchewan', 'W57 8L5', '3743463814', 1, 'Semi-Detached House'),
('7957 Oak Boulevard', 'White Rock', 'Saskatchewan', 'E00 2Q6', '8816761171', 7, 'Semi-Detached House'),
('7006 Elm Avenue', 'Quebec City', 'Quebec', 'A80 5I3', '6807258707', 6, 'Condominium'),
('4767 Magnolia Road', 'Ottawa', 'British Columbia', 'D67 6J4', '6424056660', 4, 'Apartment'),
('4570 Spruce Lane', 'Kanata', 'New Brunswick', 'P16 9B3', '6633502785', 5, 'Condominium'),
('1534 Oak Street', 'Medicine Hat', 'Alberta', 'J28 0V9', '5452993873', 3, 'Semi-Detached House'),
('0830 Pine Road', 'Guelph', 'New Brunswick', 'T49 1I6', '8794252097', 1, 'House'),
('7942 Pine Court', 'Chicoutimi', 'Quebec', 'R90 5T2', '3298214621', 2, 'Semi-Detached House'),
('9621 Cedar Terrace', 'Peterborough', 'Northwest Territories', 'G33 9A9', '4853643777', 7, 'Condominium'),
('8388 Oak Avenue', 'Norfolk County', 'Quebec', 'W92 9D2', '2759935277', 1, 'Condominium'),
('4577 Willow Court', 'London', 'Manitoba', 'N30 7A4', '6233409307', 3, 'House'),
('3013 Birch Avenue', 'Toronto', 'Nova Scotia', 'W37 0B6', '7738788335', 2, 'Apartment'),
('8182 Birch Terrace', 'Windsor', 'Quebec', 'B77 9N6', '6594104596', 6, 'Semi-Detached House'),
('9190 Magnolia Circle', 'Oshawa', 'Prince Edward Island', 'T76 9B6', '3414882821', 7, 'Apartment'),
('6539 Elm Lane', 'Brandon', 'Nunavut', 'H80 4Y8', '4878808419', 5, 'Apartment'),
('1501 Pine Street', 'St. Johns', 'Northwest Territories', 'V17 9X1', '3094077278', 6, 'House'),
('9336 Birch Court', 'Saskatoon', 'Prince Edward Island', 'Q33 0G8', '2541266082', 3, 'Condominium'),
('9532 Birch Lane', 'Saint-Hyacinthe', 'Saskatchewan', 'F38 2G2', '2184710793', 4, 'House'),
('6901 Elm Way', 'Barrie', 'New Brunswick', 'L51 2G3', '5990565254', 6, 'Apartment'),
('6513 Hickory Lane', 'Drummondville', 'Prince Edward Island', 'E37 9C7', '9344953122', 5, 'Condominium'),
('4112 Oak Road', 'Belleville', 'Ontario', 'M20 5J3', '7905077321', 6, 'House'),
('7698 Birch Boulevard', 'Newmarket', 'Prince Edward Island', 'T39 1V5', '4740230655', 5, 'Apartment'),
('1229 Birch Drive', 'Saint John', 'Quebec', 'I23 5P0', '7878624722', 4, 'Apartment'),
('2907 Willow Avenue', 'Cornwall', 'Northwest Territories', 'J69 3T2', '5558578889', 1, 'House'),
('7568 Maple Street', 'Kingston', 'Alberta', 'P62 9O1', '9416739375', 3, 'Semi-Detached House'),
('2990 Oak Court', 'Victoria', 'Saskatchewan', 'C52 8K0', '9418019407', 4, 'House'),
('9235 Hickory Boulevard', 'Moncton', 'Saskatchewan', 'L99 5I3', '6952209570', 5, 'Apartment'),
('3471 Cedar Boulevard', 'Abbotsford', 'Nova Scotia', 'L61 1A8', '7190268669', 6, 'Condominium'),
('6307 Maple Way', 'Montreal', 'Quebec', 'S09 0E0', '9345068685', 2, 'Apartment');

INSERT INTO Person VALUES
('4987566633', 'Mia', 'Mitchell', '2010-10-25', 'T912352361', '9003022247', 'Canadian', 'miamitchell00@gmail.com', 'Electrician', '5025 Oak Circle'),
('8413215057', 'Isabella', 'Brown', '1993-10-25', 'T426549124', '9975333694', 'Canadian', 'isabellabrown41@gmail.com', 'Social Worker', '7201 Maple Court'),
('4832179933', 'James', 'Lee', '2010-10-8', 'Z079640213', '4745390116', 'Canadian', 'jameslee67@gmail.com', 'Accountant', '3013 Birch Avenue'),
('4153211365', 'Scarlett', 'Thompson', '2010-8-21', 'Q183408251', '7941278905', 'Canadian', 'scarlettthompson19@gmail.com', 'Graphic Designer', '2907 Willow Avenue'),
('4930110613', 'Liam', 'Jones', '1995-2-26', 'B875889237', '6150446610', 'Canadian', 'liamjones51@gmail.com', 'Fitness Trainer', '4767 Magnolia Road'),
('2336350227', 'Mia', 'Wilson', '1955-2-23', 'N750997048', '7897206559', 'Canadian', 'miawilson08@gmail.com', 'Web Designer', '1534 Oak Street'),
('0140055367', 'Liam', 'Walker', '1943-6-14', 'D372234519', '7698386607', 'Canadian', 'liamwalker09@gmail.com', 'Translator', '3471 Cedar Boulevard'),
('9354606920', 'Sebastian', 'Davis', '2020-3-18', 'Z211351577', '3966262201', 'Canadian', 'sebastiandavis44@gmail.com', 'Economist', '6789 Spruce Court'),
('4426268032', 'Victoria', 'Davis', '1979-3-22', 'B895001049', '8058229776', 'Canadian', 'victoriadavis29@gmail.com', 'Lawyer', '7201 Maple Court'),
('1852566618', 'Elizabeth', 'Scott', '1946-9-14', 'Q407304117', '3763631642', 'Canadian', 'elizabethscott44@gmail.com', 'Interior Designer', '1229 Birch Drive'),
('1162146799', 'Evelyn', 'Lee', '1970-5-9', 'K093514859', '4725956307', 'Canadian', 'evelynlee89@gmail.com', 'Doctor', '6901 Elm Way'),
('4508140233', 'Abigail', 'Turner', '2005-8-23', 'K470135193', '6853596608', 'Canadian', 'abigailturner60@gmail.com', 'Geologist', '5025 Oak Circle'),
('7710793534', 'Grace', 'Moore', '1980-1-22', 'G394106231', '5833206578', 'Canadian', 'gracemoore90@gmail.com', 'Financial Analyst', '9532 Birch Lane'),
('7174975604', 'Aria', 'Thompson', '2017-1-21', 'H166243467', '8401083542', 'Canadian', 'ariathompson21@gmail.com', 'Nurse', '6969 Magnolia Avenue'),
('8229477707', 'Lily', 'Carter', '1980-3-9', 'N541817478', '7236190658', 'Canadian', 'lilycarter12@gmail.com', 'Librarian', '9532 Birch Lane'),
('4568528541', 'Chloe', 'Turner', '1951-2-1', 'W950846126', '8373128619', 'Canadian', 'chloeturner49@gmail.com', 'Construction Worker', '8182 Birch Terrace'),
('5797476476', 'Jackson', 'Brown', '2008-6-24', 'C743002873', '7771527004', 'Canadian', 'jacksonbrown59@gmail.com', 'Journalist', '2990 Oak Court'),
('3537725448', 'Mila', 'Thomas', '1959-4-6', 'T769662055', '6206142851', 'Canadian', 'milathomas96@gmail.com', 'Dentist', '5967 Willow Terrace'),
('3381965171', 'Jackson', 'Thomas', '1952-8-18', 'Z659773381', '8676316757', 'Canadian', 'jacksonthomas91@gmail.com', 'Police Officer', '7568 Maple Street'),
('4442477172', 'Samuel', 'Martin', '1998-1-23', 'Y490552242', '2032407115', 'Canadian', 'samuelmartin44@gmail.com', 'Mechanic', '4112 Oak Road'),
('0012364165', 'Liam', 'Smith', '1967-11-5', 'M007732045', '5131221765', 'Canadian', 'liamsmith76@gmail.com', 'Psychologist', '7568 Maple Street'),
('2923417540', 'David', 'Brown', '1976-8-1', 'X256870007', '8774035326', 'Canadian', 'davidbrown47@gmail.com', 'Writer', '3658 Maple Road'),
('6161212439', 'Charlotte', 'Perez', '2017-5-12', 'Y611389444', '4079116851', 'Canadian', 'charlotteperez50@gmail.com', 'Teacher', '2416 Pine Lane'),
('6340513978', 'Jacob', 'Nelson', '1958-2-4', 'L850690458', '2002584000', 'Canadian', 'jacobnelson63@gmail.com', 'Software Developer', '7957 Oak Boulevard'),
('1380754292', 'Victoria', 'Smith', '1990-10-5', 'M856818146', '9979107292', 'Canadian', 'victoriasmith90@gmail.com', 'Marketing Manager', '6969 Magnolia Avenue'),
('9058626803', 'William', 'Robinson', '1997-2-7', 'S604065729', '4445900071', 'Canadian', 'williamrobinson97@gmail.com', 'Chemist', '6513 Hickory Lane'),
('3822068309', 'Jackson', 'Martin', '1970-11-20', 'T113506383', '3239605093', 'Canadian', 'jacksonmartin07@gmail.com', 'Paramedic', '2043 Hickory Court'),
('8460544772', 'Elijah', 'Mitchell', '1954-3-27', 'R503366095', '2924972103', 'Canadian', 'elijahmitchell12@gmail.com', 'Pilot', '7201 Maple Court'),
('8882175609', 'Logan', 'Harris', '2004-7-2', 'B625456612', '5708149806', 'Canadian', 'loganharris54@gmail.com', 'Real Estate Agent', '9336 Birch Court'),
('4787458252', 'Evelyn', 'Edwards', '1953-3-1', 'I614003531', '4767727285', 'Canadian', 'evelynedwards71@gmail.com', 'Plumber', '8388 Oak Avenue'),
('1401255766', 'Daniel', 'Martin', '2012-6-22', 'Q342743993', '9874740800', 'Canadian', 'danielmartin70@gmail.com', 'Artist', '9190 Magnolia Circle'),
('0696325227', 'Abigail', 'Anderson', '1985-1-1', 'G900508500', '9564109866', 'Canadian', 'abigailanderson18@gmail.com', 'HR Manager', '7201 Maple Court'),
('3585488326', 'Harper', 'Robinson', '1996-2-19', 'T492566459', '3418072153', 'Canadian', 'harperrobinson44@gmail.com', 'Actor', '9190 Magnolia Circle'),
('3077533119', 'Emily', 'Parker', '1951-1-9', 'Q983678691', '6255374010', 'Canadian', 'emilyparker81@gmail.com', 'Chef', '9621 Cedar Terrace'),
('3105382670', 'Carter', 'Lee', '1961-6-15', 'T988460569', '3417228940', 'Canadian', 'carterlee22@gmail.com', 'Engineer', '2043 Hickory Court'),
('8718016176', 'Abigail', 'Allen', '1986-8-7', 'I478448179', '4395277040', 'Canadian', 'abigailallen24@gmail.com', 'Architect', '3471 Cedar Boulevard'),
('8918007216', 'Amelia', 'Taylor', '2004-5-10', 'G597664605', '6445290407', 'Canadian', 'ameliataylor43@gmail.com', 'Bartender', '9336 Birch Court'),
('9186094141', 'Scarlett', 'Garcia', '2008-2-6', 'A082197589', '7348502804', 'Canadian', 'scarlettgarcia86@gmail.com', 'Fashion Designer', '1229 Birch Drive'),
('7639575613', 'Ella', 'Thompson', '2015-5-20', 'D238398433', '3612766244', 'Canadian', 'ellathompson14@gmail.com', 'Sales Representative', '6789 Spruce Court'),
('1385234217', 'Scarlett', 'Perez', '1991-7-26', 'N060735782', '9713835889', 'Canadian', 'scarlettperez70@gmail.com', 'Meteorologist', '4112 Oak Road');

INSERT INTO Employee VALUES
('8413215057', 'Receptionist'),
('7639575613', 'Doctor'),
('9354606920', 'Receptionist'),
('8882175609', 'Cashier'),
('1852566618', 'Security Personnel'),
('8918007216', 'Cashier'),
('3537725448', 'Receptionist'),
('0012364165', 'Cashier'),
('9058626803', 'Security Personnel'),
('6161212439', 'Cashier'),
('4832179933', 'Administrative Personnel'),
('0140055367', 'Receptionist'),
('8718016176', 'Security Personnel'),
('3585488326', 'Regular Employee'),
('3077533119', 'Receptionist'),
('9186094141', 'Pharmacist'),
('3105382670', 'Receptionist'),
('8460544772', 'Doctor'),
('0696325227', 'Doctor'),
('6340513978', 'Security Personnel'),
('1385234217', 'Regular Employee'),
('3822068309', 'Security Personnel'),
('4153211365', 'Cashier'),
('7710793534', 'Cashier'),
('4568528541', 'Regular Employee'),
('8229477707', 'Regular Employee'),
('2923417540', 'Pharmacist'),
('4787458252', 'Administrative Personnel'),
('7174975604', 'Receptionist'),
('1380754292', 'Administrative Personnel'),
('2336350227', 'Receptionist'),
('4930110613', 'Administrative Personnel'),
('5797476476', 'Doctor'),
('4987566633', 'Nurse'),
('4442477172', 'Cashier');

INSERT INTO Facility VALUES
('LifeTech 0108', '2814 Elm Road', 'Victoria', 'Quebec', 'R47 1J7', '4247648343', 'www.lifetech0108175.org', 'Pharmacy', 222, '0012364165'),
('LifePharm 7665', '6791 Elm Way', 'Cornwall', 'Manitoba', 'T33 1N3', '5108274793', 'www.lifepharm7665321.org', 'CLSC', 647, '3585488326'),
('CureMed 6918', '9431 Magnolia Drive', 'Edmonton', 'Newfoundland and Labrador', 'G44 8R9', '9960969854', 'www.curemed6918078.org', 'Pharmacy', 649, '7710793534'),
('LifeHealthcare 6138', '9847 Hickory Terrace', 'Sherbrooke', 'Ontario', 'T11 3Y1', '4366943840', 'www.lifehealthcare6138449.org', 'Pharmacy', 481, '4153211365'),
('BioBioTech 0283', '6286 Pine Avenue', 'Ottawa', 'Newfoundland and Labrador', 'R23 5R8', '3189621424', 'www.biobiotech0283125.org', 'Special Instalment', 435, '4153211365'),
('HealthResearch 2832', '5126 Cedar Lane', 'Victoriaville', 'Prince Edward Island', 'E80 7S6', '6176589828', 'www.healthresearch2832514.org', 'Pharmacy', 937, '8882175609'),
('HealthSolutions 8051', '7145 Elm Boulevard', 'Newmarket', 'Newfoundland and Labrador', 'U26 4K9', '8723202683', 'www.healthsolutions8051742.org', 'CLSC', 544, '0140055367'),
('CureHealthcare 7062', '2795 Maple Terrace', 'North Bay', 'Quebec', 'L29 9Z5', '6074990385', 'www.curehealthcare7062192.org', 'CLSC', 65, '4442477172'),
('CareMed 6317', '7983 Oak Terrace', 'Saint-Jérôme', 'Saskatchewan', 'V21 4S8', '4071723355', 'www.caremed6317342.org', 'Clinic', 886, '1385234217'),
('TheraSolutions 4614', '2589 Pine Drive', 'Windsor', 'Saskatchewan', 'N25 8H7', '2423556719', 'www.therasolutions4614941.org', 'Pharmacy', 18, '2923417540'),
('VitaBioTech 6413', '2913 Birch Drive', 'Regina', 'Saskatchewan', 'B74 1U1', '7642921997', 'www.vitabiotech6413064.org', 'Pharmacy', 842, '9186094141'),
('BioLab 4064', '0712 Cedar Way', 'Fredericton', 'Northwest Territories', 'Q03 6S1', '9776872734', 'www.biolab4064825.org', 'CLSC', 589, '0696325227'),
('GenPharmaCare 8361', '2962 Elm Court', 'Kingston', 'Quebec', 'N04 6T4', '4413551367', 'www.genpharmacare8361976.org', 'Hospital', 544, '3585488326'),
('VitaMed 3125', '5355 Maple Lane', 'St. Johns', 'Ontario', 'C14 4L4', '3472666007', 'www.vitamed3125774.org', 'Pharmacy', 967, '9186094141'),
('CureResearch 9816', '8803 Hickory Street', 'Kitchener', 'Manitoba', 'C89 3O1', '3839195408', 'www.cureresearch9816728.org', 'Special Instalment', 998, '9354606920'),
('HealthLab 0988', '8300 Birch Road', 'Saskatoon', 'New Brunswick', 'I65 2W0', '5433187287', 'www.healthlab0988751.org', 'CLSC', 220, '8460544772'),
('VitaSolutions 8611', '2717 Hickory Lane', 'Quebec City', 'British Columbia', 'D87 5W5', '8641445024', 'www.vitasolutions8611540.org', 'Pharmacy', 343, '3822068309'),
('PharmaLab 7240', '2674 Cedar Court', 'Guelph', 'New Brunswick', 'V57 7L9', '5200243173', 'www.pharmalab7240649.org', 'Pharmacy', 709, '9354606920'),
('LifeResearch 9642', '2711 Maple Avenue', 'Kelowna', 'Nunavut', 'B85 1W3', '8167702647', 'www.liferesearch9642613.org', 'Special Instalment', 519, '3585488326'),
('HealthMed 1423', '4576 Elm Circle', 'Mirabel', 'Saskatchewan', 'I39 5Z2', '8351296548', 'www.healthmed1423098.org', 'CLSC', 806, '9354606920'),
('CarePharm 2642', '8647 Hickory Circle', 'Calgary', 'New Brunswick', 'O57 7A1', '3149437414', 'www.carepharm2642760.org', 'Hospital', 784, '1385234217'),
('GenPharm 8151', '6750 Spruce Circle', 'Hamilton', 'Quebec', 'G78 8H9', '4505894023', 'www.genpharm8151012.org', 'Hospital', 615, '0012364165'),
('PharmaSolutions 8141', '6507 Magnolia Avenue', 'Moncton', 'Saskatchewan', 'O92 3W6', '3471752749', 'www.pharmasolutions8141588.org', 'Special Instalment', 796, '6340513978'),
('HealthPharmaTech 0193', '3611 Spruce Street', 'Red Deer', 'Nova Scotia', 'Z55 8E8', '8942203026', 'www.healthpharmatech0193603.org', 'Pharmacy', 308, '1852566618'),
('GenBioTech 7522', '8672 Birch Boulevard', 'Vancouver', 'Nova Scotia', 'H54 3K2', '8766560544', 'www.genbiotech7522376.org', 'Clinic', 351, '0696325227');

INSERT INTO Works_at VALUES
('7710793534', 'GenPharmaCare 8361', '2015-9-14', NULL),
('5797476476', 'LifeTech 0108', '2020-4-6', '2022-6-1'),
('3822068309', 'VitaSolutions 8611', '2016-7-1', '2023-5-4'),
('8718016176', 'LifeTech 0108', '2020-4-27', NULL),
('8413215057', 'CureResearch 9816', '2021-1-18', NULL),
('7710793534', 'BioLab 4064', '2015-9-16', '2021-7-17'),
('9354606920', 'CareMed 6317', '2020-5-18', NULL),
('8413215057', 'VitaBioTech 6413', '2020-9-13', NULL),
('7710793534', 'BioBioTech 0283', '2016-10-10', NULL),
('0696325227', 'LifeTech 0108', '2017-1-9', NULL),
('4930110613', 'VitaSolutions 8611', '2023-10-16', '2023-11-16'),
('9058626803', 'LifeTech 0108', '2018-9-19', '2022-8-24'),
('2336350227', 'LifeTech 0108', '2023-8-20', '2023-8-26'),
('4832179933', 'CarePharm 2642', '2017-1-21', NULL),
('4568528541', 'BioBioTech 0283', '2021-6-25', NULL),
('1852566618', 'CarePharm 2642', '2016-1-5', NULL),
('6340513978', 'LifeResearch 9642', '2018-5-13', '2019-10-1'),
('3585488326', 'PharmaSolutions 8141', '2021-8-27', NULL),
('5797476476', 'LifePharm 7665', '2022-1-27', NULL),
('4832179933', 'LifeResearch 9642', '2017-2-1', NULL),
('8413215057', 'BioLab 4064', '2022-5-11', '2023-9-17'),
('9058626803', 'CureResearch 9816', '2016-11-16', NULL),
('3105382670', 'LifePharm 7665', '2023-8-16', NULL),
('4568528541', 'GenPharm 8151', '2019-1-20', NULL),
('1385234217', 'HealthPharmaTech 0193', '2021-10-2', '2021-10-4'),
('1380754292', 'VitaSolutions 8611', '2017-2-15', NULL),
('4568528541', 'VitaBioTech 6413', '2016-6-22', '2016-7-12'),
('4987566633', 'LifeHealthcare 6138', '2016-7-1', '2016-11-14'),
('3822068309', 'CureMed 6918', '2017-8-13', '2018-4-3'),
('3077533119', 'HealthSolutions 8051', '2021-6-20', '2022-3-4'),
('8413215057', 'HealthLab 0988', '2020-9-10', NULL),
('8460544772', 'GenPharmaCare 8361', '2017-7-22', '2018-10-2'),
('1385234217', 'VitaMed 3125', '2015-6-18', NULL),
('9354606920', 'CureHealthcare 7062', '2020-2-24', '2023-8-15'),
('3105382670', 'CureHealthcare 7062', '2019-2-9', '2021-7-22'),
('8460544772', 'TheraSolutions 4614', '2019-6-15', '2020-1-18'),
('7174975604', 'HealthResearch 2832', '2019-4-20', '2023-8-2'),
('4568528541', 'TheraSolutions 4614', '2017-4-11', NULL),
('8460544772', 'CarePharm 2642', '2016-6-21', '2020-11-19'),
('8413215057', 'VitaSolutions 8611', '2023-2-8', '2023-7-16');

INSERT INTO lives_in VALUES
('9532 Birch Lane', '4930110613', '2017-9-26'),
('2990 Oak Court', '7710793534', '2023-5-24'),
('2990 Oak Court', '4568528541', '2017-11-21'),
('9532 Birch Lane', '4787458252', '2018-8-13'),
('6789 Spruce Court', '7639575613', '2023-1-14'),
('6901 Elm Way', '7639575613', '2015-6-4'),
('5025 Oak Circle', '4508140233', '2019-5-26'),
('8457 Pine Drive', '8229477707', '2019-7-17'),
('4577 Willow Court', '4508140233', '2020-5-7'),
('0830 Pine Road', '3381965171', '2019-11-4'),
('6513 Hickory Lane', '4508140233', '2016-10-9'),
('7942 Pine Court', '8460544772', '2023-1-19'),
('3013 Birch Avenue', '1162146799', '2016-11-8'),
('0980 Spruce Way', '3585488326', '2020-8-3'),
('3471 Cedar Boulevard', '3381965171', '2019-9-25'),
('5967 Willow Terrace', '2336350227', '2017-6-21'),
('8457 Pine Drive', '1162146799', '2022-1-15'),
('7698 Birch Boulevard', '1852566618', '2018-10-26'),
('6513 Hickory Lane', '1380754292', '2016-8-3'),
('7201 Maple Court', '3537725448', '2017-10-4'),
('3013 Birch Avenue', '8413215057', '2019-7-11'),
('3471 Cedar Boulevard', '8413215057', '2016-8-24'),
('9235 Hickory Boulevard', '2336350227', '2016-11-4'),
('1534 Oak Street', '7639575613', '2023-2-22'),
('8388 Oak Avenue', '8882175609', '2019-6-6'),
('8388 Oak Avenue', '4568528541', '2020-5-5'),
('1501 Pine Street', '3585488326', '2015-2-13'),
('2043 Hickory Court', '5797476476', '2015-5-7'),
('0830 Pine Road', '7639575613', '2018-8-15'),
('4767 Magnolia Road', '4568528541', '2023-3-22'),
('2907 Willow Avenue', '8882175609', '2023-10-4'),
('6513 Hickory Lane', '4426268032', '2021-1-20'),
('6789 Spruce Court', '4426268032', '2018-3-22'),
('3013 Birch Avenue', '9354606920', '2021-3-13'),
('5346 Willow Way', '3381965171', '2017-7-15'),
('1229 Birch Drive', '4987566633', '2020-8-15'),
('7957 Oak Boulevard', '1401255766', '2015-5-5'),
('9621 Cedar Terrace', '9058626803', '2023-9-26'),
('5967 Willow Terrace', '7174975604', '2021-5-21'),
('6901 Elm Way', '2923417540', '2023-7-2');

INSERT INTO lives_with VALUES
('0140055367', '0012364165', 'Parent'),
('7639575613', '2923417540', 'Partner'),
('4987566633', '8229477707', 'Roommate'),
('8882175609', '3585488326', 'Children'),
('6161212439', '4787458252', 'Non-Parent Dependent'),
('7174975604', '1380754292', 'Non-Parent Dependent'),
('7174975604', '1401255766', 'Parent'),
('8229477707', '7710793534', 'Roommate'),
('5797476476', '0696325227', 'Roommate'),
('1385234217', '6161212439', 'Non-Parent Dependent'),
('7710793534', '7639575613', 'Non-Parent Dependent'),
('4568528541', '7174975604', 'Roommate'),
('3537725448', '1380754292', 'Roommate'),
('7639575613', '0696325227', 'Partner'),
('3822068309', '8460544772', 'Parent'),
('9058626803', '2336350227', 'Roommate'),
('7174975604', '3537725448', 'Parent'),
('7174975604', '8882175609', 'Parent'),
('4930110613', '8229477707', 'Partner'),
('9186094141', '4930110613', 'Children'),
('3105382670', '8718016176', 'Roommate'),
('6340513978', '8413215057', 'Roommate'),
('8882175609', '7639575613', 'Partner'),
('4568528541', '1852566618', 'Partner'),
('0696325227', '5797476476', 'Children'),
('8918007216', '7174975604', 'Parent'),
('8229477707', '5797476476', 'Children'),
('4987566633', '3381965171', 'Children'),
('4930110613', '6161212439', 'Non-Parent Dependent'),
('6340513978', '0012364165', 'Partner'),
('4930110613', '3381965171', 'Partner'),
('7174975604', '1162146799', 'Partner'),
('3537725448', '0696325227', 'Children'),
('1385234217', '3077533119', 'Children'),
('2923417540', '3077533119', 'Roommate'),
('4153211365', '6340513978', 'Roommate'),
('0012364165', '7710793534', 'Non-Parent Dependent'),
('1852566618', '4787458252', 'Children'),
('8718016176', '7174975604', 'Non-Parent Dependent'),
('6161212439', '7710793534', 'Non-Parent Dependent');

INSERT INTO Infection VALUES
('2020-6-11', 'COVID-19', 3, '9058626803'),
('2021-1-22', 'Other', 10, '1401255766'),
('2021-4-25', 'SARS-Cov-2 Variant', 13, '7174975604'),
('2022-8-1', 'COVID-19', 2, '9186094141'),
('2021-5-15', 'COVID-19', 3, '9058626803'),
('2021-3-17', 'Other', 12, '3537725448'),
('2021-5-24', 'SARS-Cov-2 Variant', 6, '1385234217'),
('2020-4-6', 'Other', 7, '1852566618'),
('2022-5-21', 'SARS-Cov-2 Variant', 5, '4568528541'),
('2021-7-7', 'COVID-19', 12, '3822068309'),
('2021-10-3', 'SARS-Cov-2 Variant', 4, '4153211365'),
('2023-2-17', 'Other', 10, '4930110613'),
('2023-10-12', 'SARS-Cov-2 Variant', 5, '3105382670'),
('2022-4-26', 'Other', 13, '1852566618'),
('2020-6-15', 'COVID-19', 8, '4832179933'),
('2021-11-12', 'Other', 12, '3077533119'),
('2020-6-27', 'SARS-Cov-2 Variant', 11, '1380754292'),
('2022-8-1', 'Other', 4, '0012364165'),
('2022-10-13', 'SARS-Cov-2 Variant', 2, '2336350227'),
('2022-5-10', 'Other', 5, '8918007216'),
('2021-6-23', 'Other', 12, '0140055367'),
('2023-9-21', 'COVID-19', 2, '8413215057'),
('2020-8-11', 'Other', 4, '0696325227'),
('2022-2-19', 'Other', 12, '4930110613'),
('2023-5-16', 'COVID-19', 2, '8882175609'),
('2021-10-9', 'SARS-Cov-2 Variant', 11, '3105382670'),
('2022-8-7', 'Other', 6, '0012364165'),
('2021-1-15', 'COVID-19', 2, '4508140233'),
('2021-7-11', 'Other', 7, '9186094141'),
('2021-3-4', 'SARS-Cov-2 Variant', 7, '1380754292'),
('2020-8-23', 'SARS-Cov-2 Variant', 12, '4787458252'),
('2021-5-16', 'COVID-19', 11, '8918007216'),
('2022-6-9', 'Other', 10, '3537725448'),
('2020-6-23', 'COVID-19', 12, '7174975604'),
('2021-3-19', 'SARS-Cov-2 Variant', 5, '4787458252'),
('2021-9-21', 'SARS-Cov-2 Variant', 8, '2923417540'),
('2021-8-2', 'SARS-Cov-2 Variant', 8, '7174975604'),
('2021-10-11', 'COVID-19', 2, '0696325227'),
('2023-1-14', 'COVID-19', 12, '4508140233'),
('2021-7-2', 'Other', 4, '6340513978'),
('2023-8-12', 'Other', 12, '1380754292'),
('2023-11-19', 'SARS-Cov-2 Variant', 7, '4568528541'),
('2021-5-25', 'Other', 3, '6340513978'),
('2020-11-4', 'COVID-19', 5, '7710793534'),
('2022-1-6', 'SARS-Cov-2 Variant', 9, '8718016176'),
('2020-5-22', 'SARS-Cov-2 Variant', 5, '0140055367'),
('2023-1-27', 'COVID-19', 8, '9354606920'),
('2020-3-12', 'Other', 8, '5797476476'),
('2022-1-21', 'SARS-Cov-2 Variant', 5, '9354606920'),
('2023-5-3', 'Other', 5, '4832179933');

INSERT INTO Vaccination VALUES
(4, 'Johnson & Johnson', '2021-10-22', '7639575613', 'PharmaLab 7240'),
(6, 'Johnson & Johnson', '2022-11-7', '4426268032', 'HealthPharmaTech 0193'),
(3, 'Johnson & Johnson', '2021-4-23', '3822068309', 'HealthLab 0988'),
(2, 'AstraZeneca', '2021-8-15', '8229477707', 'HealthPharmaTech 0193'),
(5, 'Johnson & Johnson', '2021-6-1', '4787458252', 'TheraSolutions 4614'),
(5, 'Johnson & Johnson', '2020-6-3', '3381965171', 'GenBioTech 7522'),
(5, 'Moderna', '2021-2-26', '8229477707', 'HealthResearch 2832'),
(6, 'Johnson & Johnson', '2020-4-26', '9354606920', 'PharmaLab 7240'),
(8, 'Moderna', '2023-1-25', '0012364165', 'LifeTech 0108'),
(2, 'Pfizer', '2020-11-22', '4508140233', 'HealthMed 1423'),
(7, 'Johnson & Johnson', '2022-6-17', '7174975604', 'CureResearch 9816'),
(8, 'AstraZeneca', '2021-4-1', '5797476476', 'CureHealthcare 7062'),
(7, 'Moderna', '2023-9-19', '3537725448', 'HealthLab 0988'),
(7, 'AstraZeneca', '2020-10-10', '8460544772', 'CareMed 6317'),
(3, 'Johnson & Johnson', '2023-10-23', '0140055367', 'LifeHealthcare 6138'),
(4, 'AstraZeneca', '2022-1-18', '3077533119', 'VitaSolutions 8611'),
(8, 'Johnson & Johnson', '2021-7-10', '8460544772', 'LifeResearch 9642'),
(2, 'AstraZeneca', '2023-10-18', '3585488326', 'CureMed 6918'),
(1, 'Moderna', '2021-1-27', '7639575613', 'VitaSolutions 8611'),
(2, 'Johnson & Johnson', '2020-11-18', '8718016176', 'HealthSolutions 8051'),
(5, 'Moderna', '2021-9-12', '8460544772', 'BioBioTech 0283'),
(6, 'Johnson & Johnson', '2020-9-17', '4508140233', 'CureResearch 9816'),
(8, 'Pfizer', '2022-10-26', '1401255766', 'HealthPharmaTech 0193'),
(8, 'AstraZeneca', '2023-5-26', '4787458252', 'LifePharm 7665'),
(2, 'Moderna', '2021-5-16', '1852566618', 'CureResearch 9816'),
(1, 'Johnson & Johnson', '2023-11-27', '9058626803', 'TheraSolutions 4614'),
(2, 'Moderna', '2020-2-4', '4787458252', 'LifePharm 7665'),
(4, 'Johnson & Johnson', '2023-5-19', '4987566633', 'PharmaSolutions 8141'),
(3, 'AstraZeneca', '2020-3-12', '3105382670', 'HealthSolutions 8051'),
(6, 'Johnson & Johnson', '2020-9-12', '8882175609', 'HealthSolutions 8051'),
(5, 'Johnson & Johnson', '2022-8-22', '7710793534', 'PharmaLab 7240'),
(3, 'AstraZeneca', '2020-6-26', '8882175609', 'VitaMed 3125'),
(4, 'Johnson & Johnson', '2023-7-4', '5797476476', 'VitaMed 3125'),
(6, 'Moderna', '2021-4-27', '3585488326', 'TheraSolutions 4614'),
(7, 'Johnson & Johnson', '2020-5-10', '0012364165', 'HealthResearch 2832'),
(7, 'Moderna', '2021-7-20', '9186094141', 'HealthLab 0988'),
(8, 'Johnson & Johnson', '2021-3-21', '3381965171', 'PharmaLab 7240'),
(8, 'Pfizer', '2023-1-16', '4442477172', 'HealthPharmaTech 0193'),
(6, 'Pfizer', '2020-6-3', '4987566633', 'GenPharmaCare 8361'),
(1, 'Johnson & Johnson', '2023-4-15', '1385234217', 'CureHealthcare 7062'),
(6, 'Pfizer', '2022-2-7', '9058626803', 'TheraSolutions 4614'),
(8, 'Pfizer', '2023-11-10', '3537725448', 'BioLab 4064'),
(1, 'AstraZeneca', '2020-6-16', '8413215057', 'VitaMed 3125'),
(3, 'AstraZeneca', '2023-4-25', '3585488326', 'GenPharm 8151'),
(8, 'Pfizer', '2022-11-19', '4930110613', 'VitaSolutions 8611');

INSERT INTO Schedule VALUES
('2021-1-15', '2023-4-22 11:29:35', '2023-9-11 16:2:32', 'HealthResearch 2832', '8229477707'),
('2017-9-25', '2018-9-4 13:47:1', '2020-2-10 16:58:49', 'HealthPharmaTech 0193', '2923417540'),
('2022-9-15', '2020-11-6 15:44:58', '2023-8-5 15:59:55', 'CarePharm 2642', '3105382670'),
('2019-10-13', '2018-6-24 11:29:34', '2021-6-16 19:31:23', 'CureHealthcare 7062', '6161212439'),
('2017-6-24', '2023-7-25 19:34:53', '2023-9-23 4:47:42', 'GenPharmaCare 8361', '8918007216'),
('2019-1-2', '2019-9-9 17:38:10', '2022-6-7 3:49:9', 'TheraSolutions 4614', '7174975604'),
('2017-5-1', '2022-2-12 2:22:25', '2023-5-18 20:13:53', 'CureResearch 9816', '4568528541'),
('2017-6-2', '2021-11-22 10:37:35', '2023-1-22 3:49:1', 'GenPharm 8151', '3585488326'),
('2017-4-7', '2019-10-7 19:59:32', '2022-4-20 2:34:15', 'LifeHealthcare 6138', '1380754292'),
('2023-1-6', '2019-6-17 23:29:27', '2021-8-23 19:15:14', 'PharmaSolutions 8141', '0696325227'),
('2017-8-6', '2023-11-2 19:5:35', '2023-11-18 4:1:29', 'CareMed 6317', '0140055367'),
('2019-9-23', '2018-3-21 9:25:27', '2020-9-5 22:27:2', 'HealthMed 1423', '6340513978'),
('2020-5-4', '2022-4-1 4:43:13', '2023-8-22 10:55:48', 'HealthMed 1423', '8229477707'),
('2023-2-7', '2023-10-20 7:57:48', '2023-11-26 6:22:54', 'LifeResearch 9642', '0012364165'),
('2021-1-13', '2019-8-15 14:30:41', '2021-8-27 21:46:18', 'HealthMed 1423', '2336350227'),
('2018-2-26', '2022-7-20 6:46:23', '2023-11-4 4:33:14', 'GenPharm 8151', '1852566618'),
('2020-6-15', '2022-10-1 8:14:27', '2023-10-12 7:6:37', 'CureMed 6918', '1852566618'),
('2019-10-4', '2022-9-13 10:9:56', '2023-6-18 21:56:52', 'CareMed 6317', '1380754292'),
('2023-7-20', '2018-8-24 10:12:58', '2018-11-11 12:37:46', 'VitaSolutions 8611', '3105382670'),
('2022-4-21', '2018-3-15 20:49:35', '2020-10-19 22:11:44', 'CareMed 6317', '7710793534'),
('2019-6-7', '2019-8-20 23:46:38', '2021-8-16 2:4:30', 'CareMed 6317', '1380754292'),
('2022-11-3', '2022-9-2 7:37:38', '2023-10-9 8:57:51', 'CureHealthcare 7062', '4930110613'),
('2019-4-16', '2020-1-13 21:40:40', '2023-5-3 16:48:3', 'CarePharm 2642', '1385234217'),
('2019-11-1', '2020-6-1 4:53:33', '2021-11-26 23:53:3', 'CureResearch 9816', '1385234217'),
('2023-10-27', '2023-6-23 3:17:49', '2023-8-21 10:2:34', 'BioLab 4064', '1380754292'),
('2022-5-27', '2021-2-24 4:21:6', '2021-5-12 4:22:45', 'GenPharm 8151', '4987566633'),
('2022-3-7', '2023-6-5 7:7:11', '2023-6-7 23:54:42', 'VitaBioTech 6413', '3822068309'),
('2022-4-22', '2021-10-13 19:23:46', '2023-7-11 3:18:19', 'GenPharm 8151', '7639575613'),
('2022-1-2', '2019-9-11 15:52:3', '2023-6-12 9:12:17', 'PharmaSolutions 8141', '3105382670'),
('2018-3-14', '2021-2-19 14:58:33', '2022-8-24 18:19:8', 'VitaMed 3125', '4832179933');