INSERT INTO Residence VALUES
('2934 Pine Circle', 'Regina', 'Nunavut', 'R20 2F8', '6355338170', 5, 'Apartment'),
('0364 Elm Circle', 'Prince George', 'Saskatchewan', 'L90 5I1', '6093494687', 1, 'Semi-Detached House'),
('6246 Maple Boulevard', 'Norfolk County', 'Prince Edward Island', 'I65 2P8', '4952308643', 3, 'Semi-Detached House'),
('8378 Cedar Street', 'Mirabel', 'New Brunswick', 'Y61 0B0', '5990510126', 2, 'Apartment'),
('4872 Hickory Road', 'Windsor', 'Nova Scotia', 'T17 7W5', '2226449345', 4, 'House'),
('8571 Birch Street', 'Halifax', 'Manitoba', 'D33 3P6', '2758417293', 3, 'Condominium'),
('1173 Pine Road', 'Saint-Hyacinthe', 'British Columbia', 'P06 1S3', '5997619840', 3, 'Condominium'),
('7710 Birch Lane', 'Sherbrooke', 'Alberta', 'F30 1S6', '2184896701', 2, 'Condominium'),
('6793 Oak Court', 'Ottawa', 'Northwest Territories', 'K45 2U5', '3344006832', 4, 'House'),
('4711 Willow Road', 'Calgary', 'Saskatchewan', 'X10 5Y4', '7450739627', 5, 'Condominium'),
('1483 Elm Lane', 'Red Deer', 'British Columbia', 'Z82 7J1', '6341860249', 1, 'Condominium'),
('2685 Birch Boulevard', 'Fredericton', 'Alberta', 'P99 0E6', '4800966313', 1, 'Condominium'),
('8578 Willow Terrace', 'Saint-Jérôme', 'Newfoundland and Labrador', 'D79 4Z0', '9412817236', 7, 'Semi-Detached House'),
('0686 Oak Terrace', 'Moncton', 'Prince Edward Island', 'H23 7Q1', '6276661865', 3, 'Apartment'),
('9522 Maple Way', 'Belleville', 'Alberta', 'S07 4E3', '3761212236', 4, 'Condominium'),
('1697 Elm Way', 'Peterborough', 'Manitoba', 'S24 0D8', '3128914258', 6, 'Apartment'),
('8461 Magnolia Lane', 'Barrie', 'Saskatchewan', 'Z53 7F2', '6727409383', 6, 'House'),
('8780 Maple Road', 'Guelph', 'Manitoba', 'M14 3O2', '2551860398', 2, 'Semi-Detached House'),
('0619 Hickory Street', 'Vancouver', 'Ontario', 'P81 8P1', '3345210437', 5, 'Apartment'),
('3683 Pine Street', 'Kelowna', 'New Brunswick', 'W27 0M0', '3173439490', 5, 'Condominium'),
('4661 Spruce Street', 'Toronto', 'British Columbia', 'Y85 2L5', '8276861574', 4, 'Condominium'),
('8238 Birch Road', 'Newmarket', 'Northwest Territories', 'M09 7W0', '9209558646', 7, 'Semi-Detached House'),
('1238 Willow Avenue', 'Cornwall', 'Nova Scotia', 'W47 7Q2', '9896775484', 1, 'Apartment'),
('0291 Pine Lane', 'Medicine Hat', 'Nunavut', 'O85 4K3', '4421655601', 5, 'Apartment'),
('7297 Magnolia Avenue', 'Lethbridge', 'Saskatchewan', 'T98 3O2', '2049640952', 2, 'Semi-Detached House'),
('5849 Birch Drive', 'Hamilton', 'Northwest Territories', 'K17 6I1', '8378023674', 5, 'Condominium'),
('4351 Elm Road', 'Victoria', 'Ontario', 'T96 6G3', '5560275087', 3, 'Condominium'),
('4193 Willow Lane', 'Edmonton', 'New Brunswick', 'K54 9L1', '4050913323', 6, 'Semi-Detached House'),
('5867 Spruce Circle', 'St. Johns', 'New Brunswick', 'N14 6A5', '2194749994', 5, 'House'),
('1748 Willow Boulevard', 'Kitchener', 'Alberta', 'R10 0C3', '9871825745', 2, 'Condominium'),
('0916 Oak Avenue', 'Saskatoon', 'Northwest Territories', 'A55 6O0', '6697819381', 6, 'House'),
('5685 Oak Boulevard', 'Saint John', 'Manitoba', 'S47 6B0', '8187499796', 3, 'House'),
('2782 Oak Way', 'London', 'New Brunswick', 'B05 4X9', '2233191663', 7, 'Condominium'),
('3633 Oak Street', 'Aurora', 'Saskatchewan', 'X41 4X9', '4861532140', 4, 'Condominium'),
('9957 Willow Circle', 'Abbotsford', 'Quebec', 'G72 4C5', '9012885752', 4, 'Apartment'),
('7331 Elm Court', 'Kanata', 'Ontario', 'B86 9O1', '5020632225', 1, 'Apartment'),
('7542 Elm Drive', 'Trois-Rivieres', 'Northwest Territories', 'W48 8V2', '9543707194', 3, 'Condominium'),
('9136 Magnolia Circle', 'Winnipeg', 'New Brunswick', 'C90 1U0', '7407003156', 4, 'Apartment'),
('5700 Pine Drive', 'Victoriaville', 'Prince Edward Island', 'Q16 2O9', '5515285948', 4, 'House'),
('0288 Oak Circle', 'Oshawa', 'Quebec', 'L66 3A4', '8598774806', 2, 'House');

INSERT INTO Person VALUES
('7365014461', 'Liam', 'Moore', '2006-6-19', 'H623702481', '2829135924', 'Canadian', 'liammoore33@gmail.com', 'Biologist', '3633 Oak Street'),
('4764912946', 'Alexander', 'Scott', '2023-5-17', 'W341180544', '8113181128', 'Canadian', 'alexanderscott29@gmail.com', 'Actor', '9136 Magnolia Circle'),
('4955267827', 'Elizabeth', 'Wright', '1959-6-24', 'N197125363', '7233436258', 'Canadian', 'elizabethwright03@gmail.com', 'Real Estate Agent', '9522 Maple Way'),
('8655048570', 'Emma', 'Roberts', '1966-6-22', 'I381875013', '9460865800', 'Canadian', 'emmaroberts58@gmail.com', 'Meteorologist', '9136 Magnolia Circle'),
('1261109405', 'Noah', 'Lopez', '1973-7-13', 'D666046127', '7701132523', 'Canadian', 'noahlopez88@gmail.com', 'Construction Worker', '1238 Willow Avenue'),
('7556106246', 'Sofia', 'Walker', '2006-11-1', 'U057657970', '6981962037', 'Canadian', 'sofiawalker97@gmail.com', 'Software Developer', '0619 Hickory Street'),
('2880821978', 'Charlotte', 'Thomas', '1953-6-14', 'G964702683', '6169218257', 'Canadian', 'charlottethomas31@gmail.com', 'Geologist', '3633 Oak Street'),
('1709810419', 'Ella', 'Scott', '1960-7-20', 'X760373562', '2476024068', 'Canadian', 'ellascott87@gmail.com', 'Librarian', '5867 Spruce Circle'),
('7437699825', 'Scarlett', 'Phillips', '1995-3-6', 'K207740352', '8308585801', 'Canadian', 'scarlettphillips51@gmail.com', 'HR Manager', '2782 Oak Way'),
('3350348929', 'Avery', 'Harris', '1972-10-13', 'X035828522', '6737350797', 'Canadian', 'averyharris48@gmail.com', 'Paramedic', '5700 Pine Drive'),
('5704296837', 'Lily', 'Campbell', '1956-3-25', 'P133064785', '9247103179', 'Canadian', 'lilycampbell94@gmail.com', 'Accountant', '5700 Pine Drive'),
('2224932665', 'Joseph', 'Johnson', '2019-1-17', 'T519037223', '5183926027', 'Canadian', 'josephjohnson67@gmail.com', 'Engineer', '5849 Birch Drive'),
('7166473071', 'Jackson', 'Clark', '2009-11-23', 'P056767217', '6677020958', 'Canadian', 'jacksonclark76@gmail.com', 'Pharmacist', '2685 Birch Boulevard'),
('0229988021', 'Mason', 'Phillips', '1994-10-17', 'V121810620', '5987598727', 'Canadian', 'masonphillips71@gmail.com', 'Marine Biologist', '6793 Oak Court'),
('9917587346', 'Matthew', 'Phillips', '2011-10-12', 'H571759470', '3509813595', 'Canadian', 'matthewphillips29@gmail.com', 'Electrician', '9136 Magnolia Circle'),
('4550295582', 'Amelia', 'Allen', '1943-8-6', 'X987051678', '8237245403', 'Canadian', 'ameliaallen50@gmail.com', 'Translator', '8238 Birch Road'),
('4818375952', 'Riley', 'Baker', '2013-5-22', 'V872200486', '4250284848', 'Canadian', 'rileybaker29@gmail.com', 'Mechanic', '7297 Magnolia Avenue'),
('6537095730', 'Aria', 'Phillips', '1953-7-19', 'B146706504', '7799319390', 'Canadian', 'ariaphillips87@gmail.com', 'Pilot', '5685 Oak Boulevard'),
('4484135431', 'Olivia', 'Green', '2021-4-18', 'L949356991', '9190433110', 'Canadian', 'oliviagreen92@gmail.com', 'Chef', '8571 Birch Street'),
('5788064655', 'Elijah', 'Lee', '1975-2-8', 'C885815661', '3489754598', 'Canadian', 'elijahlee82@gmail.com', 'Architect', '0291 Pine Lane'),
('8511849765', 'James', 'Phillips', '1944-10-18', 'L116685775', '6250616083', 'Canadian', 'jamesphillips89@gmail.com', 'Police Officer', '4193 Willow Lane'),
('9859637482', 'Oliver', 'Harris', '1968-6-23', 'S038069277', '6360263763', 'Canadian', 'oliverharris08@gmail.com', 'Doctor', '9136 Magnolia Circle'),
('9835106205', 'Samuel', 'Young', '1984-6-19', 'I688833684', '4093157206', 'Canadian', 'samuelyoung21@gmail.com', 'Marketing Manager', '5685 Oak Boulevard'),
('4356191334', 'Jackson', 'Edwards', '1956-11-4', 'L003300833', '7190384938', 'Canadian', 'jacksonedwards54@gmail.com', 'Photographer', '7331 Elm Court'),
('2547811838', 'Lucas', 'Gonzalez', '1980-7-20', 'Z851148298', '2860231616', 'Canadian', 'lucasgonzalez00@gmail.com', 'Chemist', '8571 Birch Street'),
('9389730315', 'Harper', 'Johnson', '1958-5-23', 'D089001954', '9618716211', 'Canadian', 'harperjohnson22@gmail.com', 'Fashion Designer', '7542 Elm Drive'),
('1844619464', 'William', 'Harris', '2012-1-8', 'C681798092', '2370081339', 'Canadian', 'williamharris85@gmail.com', 'Graphic Designer', '6793 Oak Court'),
('9201814921', 'Evelyn', 'Davis', '1966-11-27', 'Z397822200', '2313107063', 'Canadian', 'evelyndavis65@gmail.com', 'Fitness Trainer', '8571 Birch Street'),
('1532758889', 'Amelia', 'Robinson', '2001-4-27', 'E958304226', '6751827792', 'Canadian', 'ameliarobinson71@gmail.com', 'Waiter/Waitress', '1748 Willow Boulevard'),
('1180539076', 'Madison', 'Brown', '1955-5-23', 'Z746885884', '5024973497', 'Canadian', 'madisonbrown13@gmail.com', 'Lawyer', '9957 Willow Circle'),
('9768322546', 'Amelia', 'Davis', '1970-8-9', 'T388485483', '4333997265', 'Canadian', 'ameliadavis35@gmail.com', 'Journalist', '1173 Pine Road'),
('9091646322', 'Noah', 'Wilson', '1975-6-11', 'R848762036', '7089656974', 'Canadian', 'noahwilson41@gmail.com', 'Veterinarian', '0916 Oak Avenue'),
('7409548285', 'Evelyn', 'Clark', '1984-5-4', 'L617568673', '4116429548', 'Canadian', 'evelynclark91@gmail.com', 'Teacher', '3633 Oak Street'),
('8684531357', 'Jackson', 'Lee', '2021-10-17', 'Z107348163', '9855184085', 'Canadian', 'jacksonlee95@gmail.com', 'Dentist', '5849 Birch Drive'),
('1036646342', 'Evelyn', 'Hill', '1980-8-9', 'J513606913', '8546329904', 'Canadian', 'evelynhill55@gmail.com', 'Flight Attendant', '8238 Birch Road'),
('2205528222', 'Avery', 'Parker', '1997-8-13', 'F050434107', '9916179080', 'Canadian', 'averyparker95@gmail.com', 'Financial Analyst', '2782 Oak Way'),
('1422324682', 'Henry', 'Wilson', '2000-9-5', 'A460082757', '8219481717', 'Canadian', 'henrywilson04@gmail.com', 'Sales Representative', '8780 Maple Road'),
('2317232322', 'Sophia', 'Edwards', '1979-3-15', 'F255943970', '7511389669', 'Canadian', 'sophiaedwards57@gmail.com', 'Plumber', '8378 Cedar Street'),
('4019701787', 'Sebastian', 'Wright', '1957-11-26', 'X178876326', '4604937514', 'Canadian', 'sebastianwright91@gmail.com', 'Interior Designer', '0916 Oak Avenue'),
('6384412161', 'Isabella', 'Davis', '1992-7-14', 'S144781286', '9209518446', 'Canadian', 'isabelladavis49@gmail.com', 'Social Worker', '8780 Maple Road');

INSERT INTO Employee VALUES
('8511849765', 'Administrative Personnel'),
('2317232322', 'Doctor'),
('6384412161', 'Regular Employee'),
('9768322546', 'Nurse'),
('7166473071', 'Doctor'),
('5788064655', 'Administrative Personnel'),
('1036646342', 'Pharmacist'),
('9859637482', 'Security Personnel'),
('4955267827', 'Pharmacist'),
('1532758889', 'Security Personnel'),
('9201814921', 'Receptionist'),
('1422324682', 'Nurse'),
('9917587346', 'Security Personnel'),
('1180539076', 'Nurse'),
('9835106205', 'Administrative Personnel'),
('8655048570', 'Cashier'),
('7409548285', 'Security Personnel'),
('9091646322', 'Administrative Personnel'),
('2880821978', 'Administrative Personnel'),
('1261109405', 'Security Personnel'),
('4484135431', 'Administrative Personnel'),
('2547811838', 'Security Personnel'),
('9389730315', 'Administrative Personnel'),
('6537095730', 'Administrative Personnel'),
('2224932665', 'Receptionist'),
('4764912946', 'Doctor'),
('4818375952', 'Nurse'),
('4550295582', 'Administrative Personnel'),
('1844619464', 'Administrative Personnel'),
('8684531357', 'Nurse'),
('4019701787', 'Security Personnel'),
('3350348929', 'Security Personnel'),
('7556106246', 'Pharmacist'),
('7365014461', 'Pharmacist'),
('0229988021', 'Cashier');

INSERT INTO Facility VALUES
('GenPharmaCare', 'Hickory Avenue', 'Halifax', 'Manitoba', 'A02 0I3', '3944172909', 'www.genpharmacare927.org', 'CLSC', 89, '3350348929'),
('TheraPharm', 'Maple Boulevard', 'Peterborough', 'Prince Edward Island', 'K11 4R4', '8978065446', 'www.therapharm579.org', 'Hospital', 324, '4484135431'),
('BioTech', 'Maple Court', 'Kanata', 'Prince Edward Island', 'W67 4G4', '9160706278', 'www.biotech416.org', 'Hospital', 144, '4019701787'),
('PharmaPharmaTech', 'Spruce Court', 'Aurora', 'Nunavut', 'C22 4Z6', '7195092008', 'www.pharmapharmatech289.org', 'Clinic', 614, '1422324682'),
('LifeBioTech', 'Birch Street', 'North Bay', 'Manitoba', 'W48 0U9', '3159980907', 'www.lifebiotech237.org', 'Clinic', 730, '2317232322'),
('HealthPharmaTech', 'Cedar Road', 'Trois-Rivieres', 'Saskatchewan', 'X30 8N1', '3297721595', 'www.healthpharmatech689.org', 'Pharmacy', 144, '9091646322'),
('CureMed', 'Maple Street', 'Winnipeg', 'Newfoundland and Labrador', 'D70 2Z0', '6055216976', 'www.curemed428.org', 'Clinic', 121, '4484135431'),
('HealthHealthcare', 'Birch Boulevard', 'Ottawa', 'Manitoba', 'H03 8U9', '9464955985', 'www.healthhealthcare416.org', 'Clinic', 312, '9389730315'),
('CurePharmaCare', 'Hickory Drive', 'Kingston', 'New Brunswick', 'T52 9W2', '5897141439', 'www.curepharmacare360.org', 'Hospital', 465, '9859637482'),
('GenPharmaTech', 'Cedar Street', 'Victoriaville', 'Nova Scotia', 'X67 1W1', '5937628634', 'www.genpharmatech293.org', 'Special Instalment', 704, '9917587346'),
('GenBioTech', 'Willow Lane', 'St. Johns', 'Saskatchewan', 'Q69 2C4', '4896185882', 'www.genbiotech113.org', 'Special Instalment', 544, '2880821978'),
('CureTech', 'Magnolia Road', 'Brandon', 'Alberta', 'Y14 5W4', '2818311927', 'www.curetech123.org', 'Pharmacy', 851, '8655048570'),
('LifeHealthcare', 'Hickory Circle', 'Moncton', 'New Brunswick', 'L93 0A0', '8797827917', 'www.lifehealthcare720.org', 'Hospital', 512, '1180539076'),
('CureHealthcare', 'Oak Way', 'Red Deer', 'Quebec', 'V87 7Y7', '5513861128', 'www.curehealthcare841.org', 'Pharmacy', 512, '8511849765'),
('VitaLab', 'Willow Avenue', 'Mirabel', 'British Columbia', 'D23 4C1', '5498493576', 'www.vitalab955.org', 'Hospital', 72, '4550295582'),
('PharmaHealthcare', 'Spruce Avenue', 'White Rock', 'Ontario', 'G84 0V2', '6096376338', 'www.pharmahealthcare300.org', 'Pharmacy', 673, '1532758889'),
('TheraSolutions', 'Hickory Court', 'Kitchener', 'Nova Scotia', 'Z36 1C4', '2613138905', 'www.therasolutions755.org', 'Pharmacy', 936, '8511849765'),
('CurePharmaTech', 'Willow Court', 'Medicine Hat', 'Alberta', 'B46 0T5', '5268953092', 'www.curepharmatech218.org', 'Special Instalment', 608, '9859637482'),
('CureResearch', 'Hickory Terrace', 'Regina', 'Manitoba', 'F79 8T3', '4203089216', 'www.cureresearch469.org', 'Special Instalment', 496, '1532758889'),
('VitaBioTech', 'Magnolia Terrace', 'Saint-Hyacinthe', 'Quebec', 'E37 5G8', '7533850915', 'www.vitabiotech281.org', 'Pharmacy', 980, '0229988021'),
('HealthPharmaCare', 'Hickory Road', 'Quebec City', 'Quebec', 'I76 8Z0', '5204033079', 'www.healthpharmacare059.org', 'Hospital', 827, '4955267827'),
('BioResearch', 'Hickory Boulevard', 'Fredericton', 'New Brunswick', 'O76 9H4', '8102878910', 'www.bioresearch219.org', 'CLSC', 145, '8655048570'),
('CareResearch', 'Pine Court', 'St. Albert', 'Newfoundland and Labrador', 'Z54 8Q0', '6890411674', 'www.careresearch958.org', 'Pharmacy', 251, '2880821978'),
('VitaTech', 'Maple Drive', 'Hamilton', 'Nova Scotia', 'Z56 0I4', '9173119900', 'www.vitatech723.org', 'Hospital', 750, '7166473071'),
('CureBioTech', 'Cedar Circle', 'Saint-Jérôme', 'Northwest Territories', 'K44 6P3', '4930671350', 'www.curebiotech756.org', 'CLSC', 864, '8684531357');

INSERT INTO Works_at VALUES
('1844619464', 'VitaBioTech', '2020-1-12', 'NULL'),
('9859637482', 'CureHealthcare', '2023-9-16', 'NULL'),
('8684531357', 'CureHealthcare', '2018-4-13', '2021-6-1'),
('1180539076', 'CareResearch', '2020-6-11', 'NULL'),
('7409548285', 'PharmaPharmaTech', '2019-4-23', 'NULL'),
('7365014461', 'BioTech', '2016-9-13', '2017-9-9'),
('9768322546', 'GenBioTech', '2019-2-23', '2022-2-27'),
('9859637482', 'CareResearch', '2016-5-5', 'NULL'),
('4818375952', 'HealthHealthcare', '2022-9-12', '2023-7-5'),
('8511849765', 'HealthPharmaTech', '2021-9-5', '2022-1-7'),
('1844619464', 'TheraPharm', '2017-4-12', 'NULL'),
('1532758889', 'VitaBioTech', '2020-2-8', 'NULL'),
('1532758889', 'CurePharmaTech', '2023-4-5', '2023-8-26'),
('2224932665', 'CareResearch', '2023-10-15', 'NULL'),
('7365014461', 'HealthPharmaTech', '2019-6-19', 'NULL'),
('6384412161', 'PharmaHealthcare', '2023-3-6', 'NULL'),
('5788064655', 'CureHealthcare', '2016-7-15', '2017-5-7'),
('2880821978', 'LifeBioTech', '2021-1-9', '2021-10-24'),
('2317232322', 'BioTech', '2020-9-1', '2023-5-9'),
('9091646322', 'CareResearch', '2022-8-21', 'NULL'),
('6384412161', 'GenBioTech', '2022-6-23', '2023-5-22'),
('7166473071', 'LifeBioTech', '2021-6-6', '2022-9-15'),
('4550295582', 'CareResearch', '2022-10-4', '2023-7-23'),
('9835106205', 'GenBioTech', '2017-2-16', '2022-8-17'),
('3350348929', 'HealthPharmaTech', '2021-6-4', '2022-4-16'),
('1532758889', 'VitaTech', '2023-11-19', 'NULL'),
('7365014461', 'VitaLab', '2020-7-27', '2021-8-1'),
('8511849765', 'CareResearch', '2021-4-19', '2022-6-8'),
('4955267827', 'CurePharmaCare', '2017-6-2', 'NULL'),
('9768322546', 'GenPharmaCare', '2019-5-1', '2022-3-14'),
('9768322546', 'BioResearch', '2021-4-24', '2022-2-26'),
('7409548285', 'VitaTech', '2018-11-18', '2020-5-1'),
('9201814921', 'LifeBioTech', '2017-9-7', 'NULL'),
('4955267827', 'VitaLab', '2018-5-4', '2023-11-14'),
('9917587346', 'VitaBioTech', '2018-7-19', 'NULL'),
('4764912946', 'CureResearch', '2020-4-9', 'NULL'),
('1844619464', 'LifeBioTech', '2016-10-25', '2017-6-13'),
('7166473071', 'HealthPharmaTech', '2018-5-21', '2021-9-20'),
('1036646342', 'HealthHealthcare', '2022-7-9', 'NULL'),
('9091646322', 'CureHealthcare', '2019-1-9', '2020-3-18');

INSERT INTO lives_in VALUES
('8571 Birch Street', '1844619464', '2016-11-10'),
('4351 Elm Road', '2317232322', '2018-2-22'),
('2685 Birch Boulevard', '2317232322', '2021-10-18'),
('3633 Oak Street', '4019701787', '2021-7-23'),
('4351 Elm Road', '1180539076', '2023-7-8'),
('4872 Hickory Road', '4764912946', '2021-11-26'),
('0619 Hickory Street', '4764912946', '2021-5-13'),
('8378 Cedar Street', '0229988021', '2018-2-14'),
('0291 Pine Lane', '3350348929', '2018-7-3'),
('8780 Maple Road', '7365014461', '2018-7-21'),
('4872 Hickory Road', '2880821978', '2019-2-17'),
('7331 Elm Court', '1532758889', '2017-6-2'),
('4351 Elm Road', '9835106205', '2017-11-13'),
('1483 Elm Lane', '7437699825', '2015-2-1'),
('4711 Willow Road', '4356191334', '2018-10-9'),
('0364 Elm Circle', '1036646342', '2016-3-27'),
('0619 Hickory Street', '2224932665', '2023-10-14'),
('4193 Willow Lane', '9389730315', '2018-7-13'),
('1238 Willow Avenue', '1709810419', '2020-9-18'),
('6246 Maple Boulevard', '2224932665', '2016-9-17'),
('4872 Hickory Road', '6537095730', '2023-4-24'),
('0619 Hickory Street', '9389730315', '2018-6-13'),
('3683 Pine Street', '4818375952', '2021-3-13'),
('3683 Pine Street', '7409548285', '2015-2-15'),
('7297 Magnolia Avenue', '3350348929', '2017-6-16'),
('0686 Oak Terrace', '9768322546', '2017-10-20'),
('0291 Pine Lane', '8511849765', '2015-4-7'),
('2685 Birch Boulevard', '2205528222', '2017-8-15'),
('0364 Elm Circle', '2205528222', '2020-9-21'),
('4661 Spruce Street', '4818375952', '2016-1-16'),
('4193 Willow Lane', '8511849765', '2021-1-3'),
('0291 Pine Lane', '9859637482', '2016-6-23'),
('7331 Elm Court', '4764912946', '2017-6-19'),
('1173 Pine Road', '9859637482', '2016-8-8'),
('7331 Elm Court', '5704296837', '2015-4-10'),
('5685 Oak Boulevard', '1422324682', '2016-5-24'),
('7542 Elm Drive', '2317232322', '2023-1-25'),
('7297 Magnolia Avenue', '9859637482', '2021-11-12'),
('3633 Oak Street', '7365014461', '2020-7-7'),
('4661 Spruce Street', '1532758889', '2021-10-26');

INSERT INTO lives_with VALUES
('7166473071', '2317232322', 'Partner'),
('8511849765', '5788064655', 'Partner'),
('6384412161', '7166473071', 'Partner'),
('8655048570', '1036646342', 'Roommate'),
('9201814921', '4484135431', 'Parent'),
('6537095730', '9091646322', 'Children'),
('1844619464', '0229988021', 'Non-Parent Dependent'),
('1844619464', '7556106246', 'Children'),
('7166473071', '4019701787', 'Roommate'),
('4550295582', '1709810419', 'Partner'),
('4818375952', '7556106246', 'Roommate'),
('2547811838', '7437699825', 'Parent'),
('1036646342', '4484135431', 'Non-Parent Dependent'),
('7556106246', '2224932665', 'Partner'),
('1844619464', '8655048570', 'Non-Parent Dependent'),
('9768322546', '9835106205', 'Roommate'),
('5788064655', '1180539076', 'Non-Parent Dependent'),
('7166473071', '0229988021', 'Non-Parent Dependent'),
('2880821978', '7365014461', 'Roommate'),
('9859637482', '2317232322', 'Non-Parent Dependent'),
('1844619464', '4764912946', 'Children'),
('7409548285', '9768322546', 'Parent'),
('7365014461', '8684531357', 'Parent'),
('6384412161', '9768322546', 'Partner'),
('4818375952', '1036646342', 'Non-Parent Dependent'),
('4818375952', '1261109405', 'Non-Parent Dependent'),
('7166473071', '4019701787', 'Non-Parent Dependent'),
('1036646342', '1180539076', 'Partner'),
('9091646322', '2224932665', 'Partner'),
('3350348929', '7365014461', 'Non-Parent Dependent'),
('9859637482', '5704296837', 'Non-Parent Dependent'),
('7365014461', '8684531357', 'Children'),
('8511849765', '4019701787', 'Roommate'),
('8655048570', '7365014461', 'Children'),
('6537095730', '7166473071', 'Children'),
('1036646342', '5704296837', 'Roommate'),
('4484135431', '7409548285', 'Parent'),
('2224932665', '7365014461', 'Children'),
('2317232322', '9835106205', 'Partner'),
('9859637482', '0229988021', 'Non-Parent Dependent');

INSERT INTO Infection VALUES
('2023-7-21', 'SARS-Cov-2 Variant', 8, '3350348929'),
('2021-9-15', 'SARS-Cov-2 Variant', 7, '1036646342'),
('2021-8-12', 'SARS-Cov-2 Variant', 3, '7556106246'),
('2021-9-2', 'Other', 1, '1422324682'),
('2020-11-7', 'SARS-Cov-2 Variant', 9, '7365014461'),
('2020-5-15', 'COVID-19', 8, '4019701787'),
('2023-8-6', 'Other', 3, '1180539076'),
('2021-1-13', 'Other', 10, '9917587346'),
('2020-8-17', 'Other', 3, '9091646322'),
('2021-6-11', 'SARS-Cov-2 Variant', 13, '4955267827'),
('2020-5-13', 'SARS-Cov-2 Variant', 3, '4955267827'),
('2022-11-13', 'SARS-Cov-2 Variant', 3, '9835106205'),
('2022-1-20', 'SARS-Cov-2 Variant', 8, '6537095730'),
('2021-11-10', 'COVID-19', 2, '1709810419'),
('2023-11-9', 'COVID-19', 3, '5788064655'),
('2023-2-11', 'Other', 1, '1844619464'),
('2021-5-20', 'Other', 2, '7409548285'),
('2023-4-23', 'COVID-19', 7, '1422324682'),
('2020-6-22', 'SARS-Cov-2 Variant', 11, '8684531357'),
('2021-6-26', 'COVID-19', 11, '9859637482'),
('2022-4-6', 'Other', 3, '2224932665'),
('2022-6-2', 'SARS-Cov-2 Variant', 10, '2317232322'),
('2022-1-24', 'Other', 8, '4019701787'),
('2023-4-22', 'SARS-Cov-2 Variant', 10, '9835106205'),
('2020-2-27', 'COVID-19', 12, '2224932665'),
('2023-1-18', 'SARS-Cov-2 Variant', 3, '8655048570'),
('2022-9-21', 'SARS-Cov-2 Variant', 2, '4550295582'),
('2020-6-8', 'Other', 7, '9389730315'),
('2022-2-9', 'COVID-19', 12, '1036646342'),
('2023-9-14', 'COVID-19', 11, '2547811838'),
('2023-11-27', 'Other', 9, '2224932665'),
('2023-8-19', 'SARS-Cov-2 Variant', 13, '6384412161'),
('2022-4-19', 'SARS-Cov-2 Variant', 11, '1261109405'),
('2020-1-7', 'COVID-19', 11, '0229988021'),
('2021-6-25', 'SARS-Cov-2 Variant', 1, '9835106205'),
('2021-3-23', 'SARS-Cov-2 Variant', 2, '2880821978'),
('2023-11-26', 'SARS-Cov-2 Variant', 9, '1180539076'),
('2022-11-25', 'COVID-19', 4, '5704296837'),
('2023-2-12', 'SARS-Cov-2 Variant', 4, '1180539076'),
('2021-6-10', 'Other', 7, '4818375952'),
('2021-1-25', 'SARS-Cov-2 Variant', 7, '9768322546'),
('2023-7-25', 'COVID-19', 12, '5704296837'),
('2022-6-1', 'COVID-19', 2, '0229988021'),
('2022-11-26', 'SARS-Cov-2 Variant', 3, '7437699825'),
('2021-8-6', 'COVID-19', 6, '4955267827'),
('2022-8-8', 'COVID-19', 6, '1844619464'),
('2021-11-26', 'COVID-19', 5, '4019701787'),
('2020-5-16', 'COVID-19', 12, '2547811838'),
('2020-8-24', 'Other', 3, '2317232322'),
('2021-9-16', 'SARS-Cov-2 Variant', 11, '9091646322');

INSERT INTO Vaccine VALUES
(2, 'Pfizer', '2020-4-9', '4484135431', 'CureMed'),
(1, 'AstraZeneca', '2020-7-10', '2880821978', 'CareResearch'),
(3, 'AstraZeneca', '2022-4-2', '7166473071', 'VitaBioTech'),
(3, 'Moderna', '2020-11-2', '7166473071', 'LifeHealthcare'),
(3, 'AstraZeneca', '2022-7-15', '1036646342', 'BioResearch'),
(1, 'AstraZeneca', '2021-9-15', '4764912946', 'PharmaHealthcare'),
(1, 'Moderna', '2020-5-24', '9091646322', 'GenBioTech'),
(3, 'Johnson & Johnson', '2022-5-21', '1532758889', 'VitaBioTech'),
(2, 'Johnson & Johnson', '2020-11-19', '5788064655', 'HealthHealthcare'),
(1, 'Pfizer', '2022-6-16', '9091646322', 'LifeBioTech'),
(3, 'Pfizer', '2021-4-16', '1422324682', 'HealthHealthcare'),
(2, 'Moderna', '2021-11-16', '7409548285', 'HealthHealthcare'),
(1, 'Johnson & Johnson', '2023-6-17', '9091646322', 'CureResearch'),
(1, 'Moderna', '2022-7-15', '4955267827', 'VitaLab'),
(1, 'AstraZeneca', '2022-1-4', '4019701787', 'VitaTech'),
(2, 'AstraZeneca', '2023-11-16', '7437699825', 'HealthPharmaCare'),
(2, 'Moderna', '2023-10-10', '1180539076', 'CureTech'),
(2, 'AstraZeneca', '2022-8-24', '2880821978', 'TheraSolutions'),
(2, 'AstraZeneca', '2021-9-13', '4484135431', 'CurePharmaCare'),
(3, 'AstraZeneca', '2022-3-8', '8655048570', 'LifeBioTech'),
(2, 'Moderna', '2021-9-2', '1844619464', 'GenBioTech'),
(2, 'Pfizer', '2021-11-18', '7409548285', 'HealthPharmaTech'),
(1, 'AstraZeneca', '2020-11-20', '7365014461', 'GenBioTech'),
(3, 'Moderna', '2023-10-19', '1709810419', 'CurePharmaTech'),
(1, 'Moderna', '2021-9-14', '4764912946', 'CureHealthcare'),
(3, 'Pfizer', '2022-6-5', '4019701787', 'TheraSolutions'),
(1, 'Moderna', '2022-6-8', '1036646342', 'VitaLab'),
(1, 'Johnson & Johnson', '2023-4-22', '4484135431', 'HealthHealthcare'),
(3, 'Pfizer', '2022-2-15', '6537095730', 'GenPharmaTech'),
(1, 'AstraZeneca', '2023-10-11', '4550295582', 'PharmaPharmaTech'),
(1, 'Johnson & Johnson', '2020-4-2', '5788064655', 'PharmaPharmaTech'),
(1, 'Pfizer', '2020-2-23', '1036646342', 'HealthPharmaTech'),
(3, 'Moderna', '2020-5-8', '6384412161', 'HealthPharmaCare'),
(2, 'Pfizer', '2020-4-20', '7365014461', 'CurePharmaTech'),
(2, 'Pfizer', '2021-7-16', '2880821978', 'VitaTech'),
(1, 'AstraZeneca', '2022-6-21', '1036646342', 'TheraSolutions'),
(2, 'Moderna', '2022-5-25', '2205528222', 'CurePharmaCare'),
(3, 'Pfizer', '2020-10-25', '4764912946', 'TheraPharm'),
(2, 'Pfizer', '2022-1-8', '1709810419', 'LifeHealthcare'),
(1, 'Moderna', '2021-11-16', '7365014461', 'CurePharmaCare'),
(1, 'Johnson & Johnson', '2022-3-9', '1422324682', 'LifeBioTech'),
(1, 'Johnson & Johnson', '2022-6-18', '8655048570', 'CureResearch'),
(3, 'Johnson & Johnson', '2021-5-22', '2547811838', 'LifeHealthcare'),
(1, 'Moderna', '2020-3-7', '2205528222', 'CurePharmaTech'),
(1, 'AstraZeneca', '2020-1-17', '1532758889', 'HealthPharmaCare');

INSERT INTO Schedule VALUES
('2019-4-27', '2018-10-14 2:30:19', '2021-4-4 14:15:15', 'VitaBioTech', '4818375952'),
('2018-9-6', '2021-7-26 18:31:42', '2022-11-18 16:36:52', 'BioTech', '9201814921'),
('2019-5-17', '2019-3-15 20:9:20', '2020-9-8 20:28:34', 'HealthHealthcare', '1036646342'),
('2018-8-9', '2021-4-15 2:16:40', '2021-6-26 2:39:25', 'TheraSolutions', '4955267827'),
('2021-4-9', '2023-9-2 7:25:49', '2023-10-18 2:13:58', 'CureResearch', '2880821978'),
('2021-2-5', '2020-4-5 16:37:55', '2022-3-11 8:15:11', 'CurePharmaTech', '2317232322'),
('2021-8-13', '2021-11-3 1:39:1', '2022-11-16 14:53:2', 'GenBioTech', '7556106246'),
('2020-8-18', '2020-7-2 10:21:46', '2022-10-5 19:10:38', 'CureMed', '9389730315'),
('2018-10-26', '2020-11-20 1:12:19', '2021-9-13 13:54:29', 'HealthHealthcare', '9768322546'),
('2019-2-25', '2021-1-3 20:1:32', '2022-5-23 12:31:54', 'CurePharmaCare', '1532758889'),
('2017-10-15', '2021-10-6 9:57:47', '2022-5-21 7:55:16', 'CureMed', '9917587346'),
('2018-4-8', '2018-9-17 13:22:23', '2022-3-21 10:10:16', 'HealthPharmaTech', '8655048570'),
('2019-11-2', '2022-5-9 15:57:56', '2023-1-1 4:46:46', 'BioResearch', '4818375952'),
('2021-11-20', '2023-11-7 7:49:37', '2023-11-25 20:31:4', 'LifeHealthcare', '1180539076'),
('2017-1-19', '2022-10-4 4:44:3', '2023-11-21 2:34:35', 'CureHealthcare', '8511849765'),
('2021-11-8', '2022-4-20 20:47:14', '2022-6-20 14:39:43', 'CurePharmaTech', '9859637482'),
('2022-10-21', '2021-9-26 22:25:15', '2022-2-2 3:3:23', 'CureHealthcare', '7365014461'),
('2018-10-18', '2019-3-7 22:12:11', '2020-1-24 18:19:53', 'BioResearch', '7365014461'),
('2019-9-14', '2021-8-20 2:52:19', '2023-3-5 8:42:42', 'GenPharmaTech', '4818375952'),
('2018-8-12', '2022-9-7 6:28:3', '2023-1-14 8:29:43', 'HealthPharmaCare', '1532758889'),
('2019-11-26', '2020-10-27 10:6:41', '2023-9-7 22:35:3', 'TheraSolutions', '1422324682'),
('2022-9-14', '2023-3-22 17:43:59', '2023-5-2 5:38:23', 'VitaTech', '9091646322'),
('2019-1-9', '2021-10-13 22:28:50', '2023-5-12 8:9:55', 'CurePharmaCare', '8655048570'),
('2022-9-5', '2018-5-24 6:19:28', '2020-2-4 1:47:3', 'GenPharmaCare', '1844619464'),
('2022-6-13', '2019-10-21 7:3:47', '2022-2-18 6:18:44', 'LifeBioTech', '4484135431'),
('2021-4-17', '2022-5-2 9:9:30', '2023-5-2 8:54:23', 'CureMed', '9768322546'),
('2023-2-3', '2023-1-13 10:51:54', '2023-5-10 13:33:48', 'CurePharmaTech', '1261109405'),
('2017-5-11', '2020-9-13 8:31:24', '2022-4-7 4:10:49', 'GenPharmaTech', '2317232322'),
('2022-10-6', '2018-2-19 10:55:9', '2022-1-17 7:14:51', 'PharmaPharmaTech', '1180539076'),
('2019-1-20', '2022-8-9 8:5:49', '2023-7-20 13:52:18', 'CureMed', '8684531357');


