INSERT INTO Residence VALUES
('6621 Maple Drive', 'Hamilton', 'Ontario', 'V74 0K0', '7871615842', 6, 'Condominium'),
('0044 Oak Way', 'Kingston', 'Nunavut', 'V29 9F6', '4310857589', 3, 'Semi-Detached House'),
('2044 Birch Court', 'North Bay', 'Nunavut', 'I03 8Q5', '3429239785', 3, 'Apartment'),
('1048 Elm Boulevard', 'Moncton', 'Newfoundland and Labrador', 'M28 8H7', '5389897696', 4, 'House'),
('1373 Pine Lane', 'London', 'Newfoundland and Labrador', 'Y82 2U1', '5714973239', 4, 'House'),
('4445 Birch Road', 'Winnipeg', 'Nunavut', 'S97 2D9', '3711302069', 5, 'Apartment'),
('0600 Cedar Court', 'Kelowna', 'Manitoba', 'K00 8W5', '5207041361', 4, 'Semi-Detached House'),
('4920 Spruce Street', 'Ottawa', 'Nunavut', 'P45 3B4', '8848928278', 7, 'Apartment'),
('0086 Spruce Circle', 'St. Johns', 'Prince Edward Island', 'G39 9M5', '7121352916', 3, 'Apartment'),
('6411 Elm Way', 'Saint-Jérôme', 'Manitoba', 'U55 8O7', '5599945135', 7, 'Apartment'),
('7825 Spruce Boulevard', 'Medicine Hat', 'Newfoundland and Labrador', 'I09 5U2', '4075458343', 1, 'Condominium'),
('5616 Magnolia Road', 'Montreal', 'Prince Edward Island', 'O63 6E8', '8831679251', 3, 'House'),
('4164 Hickory Court', 'Abbotsford', 'Alberta', 'R74 6B2', '9814941805', 6, 'Apartment'),
('7561 Birch Lane', 'Saskatoon', 'Saskatchewan', 'S24 5W2', '8688206130', 4, 'Apartment'),
('7230 Cedar Avenue', 'Toronto', 'Northwest Territories', 'R63 1T6', '4061003880', 6, 'Condominium'),
('0109 Maple Circle', 'Brandon', 'British Columbia', 'K18 7E8', '3178634560', 2, 'House'),
('2994 Elm Avenue', 'St. Albert', 'Nunavut', 'U85 9A0', '4825385835', 1, 'Condominium'),
('0073 Oak Terrace', 'Quebec City', 'Nova Scotia', 'H55 6H5', '6793679460', 3, 'Semi-Detached House'),
('6789 Cedar Road', 'Windsor', 'Alberta', 'M30 8Z3', '8068782692', 3, 'Condominium'),
('6619 Oak Road', 'Prince George', 'Nunavut', 'W50 3K2', '8046489503', 1, 'Apartment'),
('1645 Cedar Boulevard', 'Regina', 'Saskatchewan', 'M59 2G8', '5737289287', 4, 'Apartment'),
('1756 Birch Avenue', 'Saint John', 'New Brunswick', 'S25 9S0', '5711624433', 5, 'Apartment'),
('9764 Pine Court', 'Fredericton', 'Manitoba', 'G88 9N9', '9476103301', 4, 'Apartment'),
('5819 Cedar Circle', 'White Rock', 'Newfoundland and Labrador', 'Z20 1T0', '5182366359', 5, 'House'),
('7421 Elm Road', 'Kanata', 'Quebec', 'Q80 2Y6', '2215648840', 1, 'House'),
('8039 Pine Terrace', 'Chicoutimi', 'Alberta', 'K72 3E9', '6175977920', 6, 'Apartment'),
('9072 Birch Circle', 'Mirabel', 'Newfoundland and Labrador', 'T47 8I0', '5514942714', 2, 'Apartment'),
('6697 Cedar Drive', 'Vancouver', 'Prince Edward Island', 'U92 0E9', '8670974559', 7, 'House'),
('4659 Elm Drive', 'Norfolk County', 'British Columbia', 'V40 5B2', '9436591779', 5, 'Semi-Detached House'),
('7889 Elm Street', 'Cornwall', 'Newfoundland and Labrador', 'L12 9V1', '9090952894', 2, 'Condominium'),
('4080 Maple Boulevard', 'Drummondville', 'Ontario', 'W08 8I6', '7242218460', 6, 'House'),
('6105 Spruce Avenue', 'Barrie', 'Nova Scotia', 'X54 1N2', '3833680923', 6, 'Semi-Detached House'),
('8769 Oak Court', 'Oshawa', 'Newfoundland and Labrador', 'R74 4F8', '7467939374', 3, 'Apartment'),
('3679 Cedar Way', 'Kitchener', 'New Brunswick', 'W96 9A2', '9542112533', 5, 'Apartment'),
('0011 Spruce Drive', 'Lethbridge', 'Northwest Territories', 'Q89 3R1', '3009543020', 3, 'House'),
('0699 Willow Terrace', 'Saint-Hyacinthe', 'Nova Scotia', 'D15 6U0', '9575748029', 4, 'Semi-Detached House'),
('1456 Pine Drive', 'Belleville', 'Alberta', 'T57 0K6', '2492362806', 6, 'Semi-Detached House'),
('5485 Cedar Street', 'Aurora', 'Ontario', 'L73 7X0', '5813161534', 3, 'Apartment'),
('2449 Hickory Avenue', 'Edmonton', 'Nova Scotia', 'C97 3U2', '7426316310', 6, 'Apartment'),
('8228 Magnolia Avenue', 'Red Deer', 'Manitoba', 'E08 3X8', '5775345030', 6, 'House');

INSERT INTO Person VALUES
('8759603459', 'Elizabeth', 'Parker', '1983-7-22', 'Z073465564', '6242034181', 'Canadian', 'elizabethparker49@gmail.com', 'Nurse', '6105 Spruce Avenue'),
('2704879978', 'Victoria', 'Taylor', '2000-9-9', 'J431753207', '7119956593', 'Canadian', 'victoriataylor24@gmail.com', 'Librarian', '2994 Elm Avenue'),
('4226727958', 'Aria', 'Roberts', '2007-2-3', 'G320827074', '5923314937', 'Canadian', 'ariaroberts29@gmail.com', 'Journalist', '4659 Elm Drive'),
('5470182177', 'Chloe', 'Clark', '2004-8-3', 'X182456857', '5293557162', 'Canadian', 'chloeclark51@gmail.com', 'Construction Worker', '6697 Cedar Drive'),
('8923778982', 'Noah', 'Smith', '1944-9-14', 'E301295982', '7555089193', 'Canadian', 'noahsmith66@gmail.com', 'Web Designer', '7825 Spruce Boulevard'),
('9200247424', 'Avery', 'Moore', '1940-8-16', 'H960139393', '2857186966', 'Canadian', 'averymoore03@gmail.com', 'Photographer', '4080 Maple Boulevard'),
('5206561295', 'Mia', 'Turner', '1991-2-22', 'C104532028', '8492633302', 'Canadian', 'miaturner23@gmail.com', 'Sales Representative', '1645 Cedar Boulevard'),
('4340990389', 'Scarlett', 'Smith', '1948-11-26', 'E444578053', '8484580945', 'Canadian', 'scarlettsmith86@gmail.com', 'Paramedic', '5616 Magnolia Road'),
('7514983314', 'Benjamin', 'Turner', '2016-3-2', 'M658430057', '5733957850', 'Canadian', 'benjaminturner70@gmail.com', 'Electrician', '8769 Oak Court'),
('2393656211', 'Grace', 'King', '1955-10-26', 'K957011831', '3404903466', 'Canadian', 'graceking36@gmail.com', 'Waiter/Waitress', '9072 Birch Circle'),
('6451966285', 'Charlotte', 'Campbell', '1965-4-1', 'T638376981', '7580052883', 'Canadian', 'charlottecampbell47@gmail.com', 'Software Developer', '0600 Cedar Court'),
('2265372969', 'Daniel', 'Parker', '1959-9-22', 'E066078480', '2060520061', 'Canadian', 'danielparker26@gmail.com', 'Flight Attendant', '0086 Spruce Circle'),
('4576632368', 'Matthew', 'Hall', '1986-6-3', 'N451739064', '6466808122', 'Canadian', 'matthewhall64@gmail.com', 'Teacher', '4164 Hickory Court'),
('4885820209', 'Noah', 'Garcia', '1951-3-18', 'A207995934', '8243494608', 'Canadian', 'noahgarcia36@gmail.com', 'Fashion Designer', '9764 Pine Court'),
('1123222154', 'Ava', 'Jackson', '1968-11-16', 'W034503120', '6547447283', 'Canadian', 'avajackson80@gmail.com', 'Interior Designer', '6105 Spruce Avenue'),
('4351265852', 'Jackson', 'White', '1984-6-27', 'Q756265740', '3090076134', 'Canadian', 'jacksonwhite95@gmail.com', 'HR Manager', '4164 Hickory Court'),
('6176529501', 'Jacob', 'Jackson', '1968-3-16', 'C325720948', '2862144463', 'Canadian', 'jacobjackson97@gmail.com', 'Economist', '1756 Birch Avenue'),
('7847721351', 'Avery', 'Hall', '1969-3-9', 'D216637287', '9775481068', 'Canadian', 'averyhall60@gmail.com', 'Translator', '1373 Pine Lane'),
('3006941219', 'Harper', 'Scott', '1951-5-15', 'V316877012', '8437197448', 'Canadian', 'harperscott10@gmail.com', 'Meteorologist', '1373 Pine Lane'),
('4151504289', 'Mila', 'Gonzalez', '1976-4-20', 'S039243893', '4581735993', 'Canadian', 'milagonzalez41@gmail.com', 'Artist', '4659 Elm Drive'),
('5147129696', 'Scarlett', 'Harris', '1945-8-11', 'T776635364', '8983158419', 'Canadian', 'scarlettharris57@gmail.com', 'Accountant', '1456 Pine Drive'),
('5589825134', 'Alexander', 'Rodriguez', '2001-7-7', 'N245931883', '3177133495', 'Canadian', 'alexanderrodriguez99@gmail.com', 'Marine Biologist', '0073 Oak Terrace'),
('1209389204', 'Abigail', 'Martinez', '1984-4-7', 'C533542474', '5416864559', 'Canadian', 'abigailmartinez08@gmail.com', 'Fitness Trainer', '6105 Spruce Avenue'),
('9296668905', 'Grace', 'Lee', '2008-10-11', 'R514470338', '9295480383', 'Canadian', 'gracelee33@gmail.com', 'Real Estate Agent', '2449 Hickory Avenue'),
('3497198424', 'Henry', 'Johnson', '1981-6-22', 'H441774576', '9060319145', 'Canadian', 'henryjohnson31@gmail.com', 'Geologist', '8039 Pine Terrace'),
('9079004586', 'Carter', 'Martin', '1988-9-23', 'N555440908', '8942427146', 'Canadian', 'cartermartin95@gmail.com', 'Marketing Manager', '7230 Cedar Avenue'),
('7268694912', 'Jackson', 'Hill', '1953-4-25', 'M214891741', '4923303879', 'Canadian', 'jacksonhill76@gmail.com', 'Financial Analyst', '1373 Pine Lane'),
('9448725198', 'Alexander', 'Hernandez', '1971-2-19', 'Q242830182', '3370672753', 'Canadian', 'alexanderhernandez62@gmail.com', 'Bartender', '5819 Cedar Circle'),
('4140874862', 'Harper', 'Mitchell', '2022-7-20', 'K383137582', '9197254574', 'Canadian', 'harpermitchell46@gmail.com', 'Doctor', '7561 Birch Lane'),
('6980236053', 'Evelyn', 'Thompson', '1996-1-7', 'M602827480', '3452023327', 'Canadian', 'evelynthompson05@gmail.com', 'Veterinarian', '7825 Spruce Boulevard'),
('1026869339', 'Victoria', 'Robinson', '1987-5-7', 'Z809214926', '4082355066', 'Canadian', 'victoriarobinson81@gmail.com', 'Psychologist', '9764 Pine Court'),
('1154149623', 'Harper', 'Carter', '1982-6-18', 'Z750913275', '3709070338', 'Canadian', 'harpercarter33@gmail.com', 'Chemist', '6789 Cedar Road'),
('7353959524', 'Harper', 'Thompson', '2005-1-7', 'S339150659', '6944220304', 'Canadian', 'harperthompson01@gmail.com', 'Dentist', '5616 Magnolia Road'),
('5659327848', 'Scarlett', 'Williams', '1991-1-15', 'Y548429641', '5027093211', 'Canadian', 'scarlettwilliams01@gmail.com', 'Biologist', '5485 Cedar Street'),
('8170260138', 'Elijah', 'Wilson', '2009-3-22', 'P065695856', '3251956664', 'Canadian', 'elijahwilson49@gmail.com', 'Carpenter', '0073 Oak Terrace'),
('1011662799', 'Jackson', 'Allen', '1981-4-18', 'P494646398', '5260895171', 'Canadian', 'jacksonallen61@gmail.com', 'Lawyer', '4445 Birch Road'),
('9184161270', 'Harper', 'Campbell', '1971-3-12', 'J727154265', '3539364765', 'Canadian', 'harpercampbell55@gmail.com', 'Architect', '1048 Elm Boulevard'),
('9018891279', 'Sofia', 'Phillips', '1945-5-3', 'N723656623', '2249578428', 'Canadian', 'sofiaphillips25@gmail.com', 'Plumber', '8039 Pine Terrace'),
('2458587138', 'Elizabeth', 'Moore', '1958-6-25', 'F331937280', '3687022483', 'Canadian', 'elizabethmoore35@gmail.com', 'Pharmacist', '1645 Cedar Boulevard'),
('0331126012', 'Jacob', 'Rodriguez', '1972-10-26', 'T319807269', '6522469886', 'Canadian', 'jacobrodriguez84@gmail.com', 'Actor', '4920 Spruce Street');

INSERT INTO Employee VALUES
('2458587138', 'Nurse'),
('6176529501', 'Cashier'),
('1011662799', 'Cashier'),
('1209389204', 'Nurse'),
('8759603459', 'Cashier'),
('5206561295', 'Pharmacist'),
('4576632368', 'Security Personnel'),
('9448725198', 'Pharmacist'),
('1154149623', 'Pharmacist'),
('9200247424', 'Receptionist'),
('2704879978', 'Cashier'),
('4226727958', 'Cashier'),
('0331126012', 'Nurse'),
('5659327848', 'Receptionist'),
('5147129696', 'Nurse'),
('4151504289', 'Receptionist'),
('3006941219', 'Security Personnel'),
('7268694912', 'Nurse'),
('4885820209', 'Nurse'),
('9079004586', 'Administrative Personnel'),
('5589825134', 'Regular Employee'),
('6980236053', 'Doctor'),
('4351265852', 'Cashier'),
('4140874862', 'Receptionist'),
('7353959524', 'Receptionist'),
('6451966285', 'Nurse'),
('9184161270', 'Administrative Personnel'),
('4340990389', 'Administrative Personnel'),
('7514983314', 'Regular Employee'),
('1123222154', 'Receptionist'),
('9018891279', 'Cashier'),
('3497198424', 'Receptionist'),
('2265372969', 'Cashier'),
('7847721351', 'Receptionist'),
('8923778982', 'Doctor');

INSERT INTO Facility VALUES
('PharmaLab 5755', '7940 Elm Boulevard', 'Mirabel', 'Prince Edward Island', 'S74 1G6', '6414130251', 'www.pharmalab5755787.org', 'Hospital', 990, '4576632368'),
('CarePharmaCare 4404', '9407 Cedar Drive', 'Guelph', 'British Columbia', 'D75 9E3', '9161898273', 'www.carepharmacare4404836.org', 'CLSC', 646, '4885820209'),
('LifeSolutions 9518', '4142 Hickory Street', 'Kelowna', 'Quebec', 'V83 4V5', '3732595239', 'www.lifesolutions9518108.org', 'Special Instalment', 804, '2265372969'),
('HealthTech 4290', '6333 Cedar Way', 'Chicoutimi', 'Nunavut', 'N67 6V4', '9964537147', 'www.healthtech4290815.org', 'Pharmacy', 296, '9018891279'),
('VitaSolutions 7950', '7297 Birch Terrace', 'Saskatoon', 'Manitoba', 'J50 0C1', '6653421470', 'www.vitasolutions7950215.org', 'Clinic', 208, '5659327848'),
('HealthPharmaTech 1915', '5241 Magnolia Circle', 'Abbotsford', 'New Brunswick', 'Q08 8G0', '4923366270', 'www.healthpharmatech1915317.org', 'Special Instalment', 931, '6980236053'),
('CureBioTech 3145', '9117 Hickory Terrace', 'Moncton', 'Prince Edward Island', 'Y29 1T8', '6965910198', 'www.curebiotech3145913.org', 'Pharmacy', 124, '5659327848'),
('GenResearch 6837', '1993 Elm Drive', 'London', 'British Columbia', 'M17 0K4', '5909123641', 'www.genresearch6837304.org', 'Pharmacy', 531, '4885820209'),
('MediPharmaCare 0115', '5186 Maple Court', 'Winnipeg', 'Newfoundland and Labrador', 'G53 4V5', '6550660910', 'www.medipharmacare0115898.org', 'CLSC', 506, '8759603459'),
('LifeResearch 6958', '3921 Maple Way', 'Kingston', 'Prince Edward Island', 'A80 3V0', '6460219987', 'www.liferesearch6958776.org', 'Special Instalment', 436, '1154149623'),
('CareMed 0946', '7270 Birch Street', 'Red Deer', 'Nova Scotia', 'O05 1L0', '9476502733', 'www.caremed0946635.org', 'Hospital', 618, '1154149623'),
('HealthResearch 7918', '1571 Spruce Boulevard', 'Norfolk County', 'British Columbia', 'C78 8O4', '8196264479', 'www.healthresearch7918877.org', 'CLSC', 134, '1154149623'),
('CureLab 4324', '4270 Maple Lane', 'Hamilton', 'Manitoba', 'T93 1P8', '9240340117', 'www.curelab4324737.org', 'Hospital', 712, '9200247424'),
('GenLab 5980', '7657 Spruce Terrace', 'Prince George', 'Newfoundland and Labrador', 'A62 2Z7', '5872431945', 'www.genlab5980395.org', 'Clinic', 530, '4885820209'),
('VitaBioTech 8422', '4178 Hickory Lane', 'Cornwall', 'New Brunswick', 'H60 9L7', '2652055100', 'www.vitabiotech8422616.org', 'Clinic', 163, '4885820209'),
('CurePharm 6140', '5036 Willow Terrace', 'Kanata', 'Quebec', 'F61 6O5', '3845068558', 'www.curepharm6140503.org', 'Hospital', 643, '5659327848'),
('BioPharm 6446', '0220 Willow Boulevard', 'Victoria', 'Prince Edward Island', 'L34 0Q2', '6445170556', 'www.biopharm6446186.org', 'Special Instalment', 217, '9448725198'),
('BioPharmaCare 7883', '9849 Magnolia Way', 'Saint-Jérôme', 'Prince Edward Island', 'X34 8L1', '8624052529', 'www.biopharmacare7883853.org', 'Pharmacy', 285, '7847721351'),
('CareResearch 2126', '6940 Birch Drive', 'Calgary', 'Northwest Territories', 'Z90 8W1', '9950635004', 'www.careresearch2126482.org', 'Clinic', 669, '4226727958'),
('LifeHealthcare 4019', '7499 Oak Street', 'Windsor', 'Nunavut', 'C79 7I0', '7283261234', 'www.lifehealthcare4019662.org', 'Special Instalment', 782, '1209389204'),
('PharmaTech 8051', '4744 Hickory Circle', 'Quebec City', 'Alberta', 'Q84 5V7', '7886592379', 'www.pharmatech8051120.org', 'Pharmacy', 239, '1011662799'),
('VitaLab 3423', '2370 Maple Circle', 'Trois-Rivieres', 'Prince Edward Island', 'Y00 5R7', '6190618038', 'www.vitalab3423561.org', 'Pharmacy', 388, '9018891279'),
('CarePharmaTech 0057', '2079 Oak Court', 'Kitchener', 'New Brunswick', 'F76 7G7', '5528077160', 'www.carepharmatech0057764.org', 'CLSC', 927, '1123222154'),
('TheraHealthcare 9573', '5396 Magnolia Road', 'Saint John', 'Prince Edward Island', 'H39 6G9', '7584593023', 'www.therahealthcare9573982.org', 'Hospital', 184, '3006941219'),
('PharmaPharmaCare 4738', '2699 Magnolia Terrace', 'Toronto', 'Saskatchewan', 'W42 5H7', '6911363478', 'www.pharmapharmacare4738880.org', 'Clinic', 934, '4885820209');

INSERT INTO Works_at VALUES
('4576632368', 'PharmaLab 5755', '2017-8-1', NULL),
('4885820209', 'CarePharmaCare 4404', '2017-8-11', NULL),
('2265372969', 'LifeSolutions 9518', '2018-8-18', NULL),
('9018891279', 'HealthTech 4290', '2019-8-10', NULL),
('5659327848', 'VitaSolutions 7950', '2022-9-5', NULL),
('6980236053', 'HealthPharmaTech 1915', '2017-9-1', NULL),
('5659327848', 'CureBioTech 3145', '2018-10-26', NULL),
('4885820209', 'GenResearch 6837', '2015-8-20', NULL),
('8759603459', 'MediPharmaCare 0115', '2023-10-14', NULL),
('1154149623', 'LifeResearch 6958', '2021-9-13', NULL),
('1154149623', 'CareMed 0946', '2020-10-6', NULL),
('1154149623', 'HealthResearch 7918', '2016-7-24', NULL),
('9200247424', 'CureLab 4324', '2021-1-2', NULL),
('4885820209', 'GenLab 5980', '2017-4-23', NULL),
('4885820209', 'VitaBioTech 8422', '2017-11-20', NULL),
('5659327848', 'CurePharm 6140', '2023-1-13', NULL),
('9448725198', 'BioPharm 6446', '2021-9-1', NULL),
('7847721351', 'BioPharmaCare 7883', '2015-2-16', NULL),
('4226727958', 'CareResearch 2126', '2022-11-22', NULL),
('1209389204', 'LifeHealthcare 4019', '2015-1-14', NULL),
('1011662799', 'PharmaTech 8051', '2020-5-17', NULL),
('9018891279', 'VitaLab 3423', '2023-7-14', NULL),
('1123222154', 'CarePharmaTech 0057', '2023-5-25', NULL),
('3006941219', 'TheraHealthcare 9573', '2015-3-12', NULL),
('4885820209', 'PharmaPharmaCare 4738', '2021-9-10', NULL),
('7514983314', 'LifeSolutions 9518', '2016-9-15', NULL),
('3497198424', 'CareResearch 2126', '2015-2-15', '2017-5-1'),
('2458587138', 'TheraHealthcare 9573', '2022-2-18', '2022-5-15'),
('2265372969', 'LifeResearch 6958', '2019-6-13', NULL),
('4340990389', 'CurePharm 6140', '2022-9-7', '2022-9-7'),
('6980236053', 'VitaBioTech 8422', '2020-9-12', NULL),
('1209389204', 'MediPharmaCare 0115', '2021-6-15', '2022-6-24'),
('7847721351', 'VitaSolutions 7950', '2015-2-2', NULL),
('1209389204', 'VitaSolutions 7950', '2023-7-15', NULL),
('4226727958', 'HealthPharmaTech 1915', '2021-6-8', NULL),
('9079004586', 'VitaBioTech 8422', '2021-6-18', NULL),
('6176529501', 'HealthPharmaTech 1915', '2016-5-9', NULL),
('3006941219', 'GenLab 5980', '2023-1-10', '2023-4-3'),
('9184161270', 'BioPharm 6446', '2022-7-19', NULL),
('5206561295', 'BioPharm 6446', '2020-1-11', NULL),
('5659327848', 'GenLab 5980', '2020-10-5', '2023-9-19'),
('4351265852', 'TheraHealthcare 9573', '2020-4-26', NULL),
('0331126012', 'CureLab 4324', '2020-7-19', NULL),
('5589825134', 'VitaBioTech 8422', '2017-4-3', NULL),
('4351265852', 'LifeHealthcare 4019', '2021-1-26', NULL),
('6980236053', 'VitaLab 3423', '2017-3-10', '2023-4-17'),
('9184161270', 'HealthPharmaTech 1915', '2018-9-13', '2022-9-21'),
('6451966285', 'TheraHealthcare 9573', '2016-4-7', NULL),
('2458587138', 'VitaBioTech 8422', '2015-8-27', NULL),
('4140874862', 'GenResearch 6837', '2022-5-12', NULL),
('5206561295', 'LifeHealthcare 4019', '2023-4-10', '2023-7-4'),
('9079004586', 'HealthPharmaTech 1915', '2018-2-17', NULL),
('4140874862', 'PharmaLab 5755', '2021-5-2', '2021-11-14'),
('4140874862', 'PharmaLab 5755', '2015-7-23', NULL),
('0331126012', 'LifeSolutions 9518', '2021-2-10', NULL),
('5589825134', 'HealthTech 4290', '2018-10-7', '2021-2-3'),
('5147129696', 'HealthPharmaTech 1915', '2015-8-19', '2022-8-3'),
('1011662799', 'PharmaTech 8051', '2019-2-10', '2022-11-13'),
('1154149623', 'CarePharmaTech 0057', '2022-4-20', '2023-10-17'),
('1011662799', 'GenResearch 6837', '2019-9-8', NULL),
('8759603459', 'PharmaLab 5755', '2019-9-17', NULL),
('2704879978', 'CureBioTech 3145', '2016-4-22', '2022-3-15'),
('6176529501', 'PharmaTech 8051', '2015-8-27', NULL),
('2265372969', 'LifeHealthcare 4019', '2017-9-18', NULL),
('8759603459', 'HealthResearch 7918', '2016-4-3', '2021-9-2');

INSERT INTO lives_in VALUES
('2994 Elm Avenue', '2704879978', '2013-11-12'),
('4659 Elm Drive', '4226727958', '1972-7-23'),
('6697 Cedar Drive', '5470182177', '1990-5-22'),
('7825 Spruce Boulevard', '8923778982', '2012-2-8'),
('4080 Maple Boulevard', '9200247424', '2023-2-15'),
('1645 Cedar Boulevard', '5206561295', '1983-5-13'),
('5616 Magnolia Road', '4340990389', '2000-3-7'),
('9072 Birch Circle', '2393656211', '1982-6-10'),
('0600 Cedar Court', '6451966285', '1993-2-19'),
('0086 Spruce Circle', '2265372969', '1976-4-17'),
('4164 Hickory Court', '4576632368', '1980-9-20'),
('9764 Pine Court', '4885820209', '1998-3-14'),
('6105 Spruce Avenue', '1123222154', '1981-3-11'),
('4164 Hickory Court', '4351265852', '1978-9-25'),
('1756 Birch Avenue', '6176529501', '1995-6-8'),
('1373 Pine Lane', '7847721351', '2012-2-22'),
('1373 Pine Lane', '3006941219', '1997-7-10'),
('4659 Elm Drive', '4151504289', '2009-10-4'),
('1456 Pine Drive', '5147129696', '1971-6-22'),
('0073 Oak Terrace', '5589825134', '1982-8-27'),
('6105 Spruce Avenue', '1209389204', '2015-5-17'),
('2449 Hickory Avenue', '9296668905', '1990-6-4'),
('8039 Pine Terrace', '3497198424', '1999-5-24'),
('7230 Cedar Avenue', '9079004586', '2007-1-21'),
('1373 Pine Lane', '7268694912', '2001-4-14'),
('5819 Cedar Circle', '9448725198', '2022-6-20'),
('7561 Birch Lane', '4140874862', '2011-5-20'),
('7825 Spruce Boulevard', '6980236053', '2002-4-10'),
('9764 Pine Court', '1026869339', '2023-3-18'),
('6789 Cedar Road', '1154149623', '1988-3-13'),
('5616 Magnolia Road', '7353959524', '1993-8-7'),
('5485 Cedar Street', '5659327848', '1977-1-3'),
('0073 Oak Terrace', '8170260138', '2023-9-19'),
('4445 Birch Road', '1011662799', '2016-11-13'),
('1048 Elm Boulevard', '9184161270', '2003-6-8'),
('8039 Pine Terrace', '9018891279', '1987-10-8'),
('1645 Cedar Boulevard', '2458587138', '1989-9-21'),
('4920 Spruce Street', '0331126012', '2012-2-1'),
('6619 Oak Road', '4885820209', '2020-4-10'),
('4080 Maple Boulevard', '4151504289', '2016-11-11'),
('7561 Birch Lane', '9296668905', '2020-9-1'),
('9072 Birch Circle', '6176529501', '2022-2-27'),
('2449 Hickory Avenue', '7514983314', '2020-5-1'),
('7421 Elm Road', '4151504289', '2023-2-3'),
('6105 Spruce Avenue', '5589825134', '2020-9-15'),
('4659 Elm Drive', '9296668905', '2021-10-19'),
('6619 Oak Road', '7268694912', '2016-5-8'),
('0109 Maple Circle', '8759603459', '2021-4-24'),
('3679 Cedar Way', '6451966285', '2019-4-27'),
('8039 Pine Terrace', '5470182177', '2023-1-16'),
('5819 Cedar Circle', '1209389204', '2021-7-15'),
('6789 Cedar Road', '5147129696', '2020-11-5'),
('6697 Cedar Drive', '6176529501', '2021-2-1'),
('1645 Cedar Boulevard', '7847721351', '2023-10-20'),
('5819 Cedar Circle', '7353959524', '2017-1-15'),
('6621 Maple Drive', '6176529501', '2015-7-5'),
('9764 Pine Court', '7268694912', '2018-1-23'),
('6619 Oak Road', '1026869339', '2018-7-13'),
('1756 Birch Avenue', '6451966285', '2019-11-5'),
('0699 Willow Terrace', '2265372969', '2015-1-7'),
('6619 Oak Road', '6451966285', '2021-1-14'),
('2044 Birch Court', '9448725198', '2018-9-23'),
('0600 Cedar Court', '2393656211', '2021-6-6'),
('2044 Birch Court', '1209389204', '2018-1-27'),
('1456 Pine Drive', '7268694912', '2015-2-5'),
('6105 Spruce Avenue', '8759603459', '2015-7-27'),
('8039 Pine Terrace', '2393656211', '2021-1-17'),
('1645 Cedar Boulevard', '1011662799', '2015-4-23'),
('8769 Oak Court', '7847721351', '2017-5-27'),
('6619 Oak Road', '7353959524', '2021-6-9'),
('6411 Elm Way', '9018891279', '2021-9-8'),
('0600 Cedar Court', '5470182177', '2018-7-6'),
('4659 Elm Drive', '3497198424', '2019-6-9'),
('4445 Birch Road', '4576632368', '2018-8-1'),
('6697 Cedar Drive', '1026869339', '2022-11-7'),
('4164 Hickory Court', '1209389204', '2017-10-2'),
('8769 Oak Court', '7514983314', '2017-1-20'),
('5819 Cedar Circle', '4140874862', '2021-6-7');

INSERT INTO lives_with VALUES
('2265372969', '9018891279', 'Non-Parent Dependent'),
('8759603459', '9018891279', 'Roommate'),
('3497198424', '2393656211', 'Children'),
('7847721351', '9200247424', 'Roommate'),
('5206561295', '2393656211', 'Children'),
('4140874862', '8923778982', 'Parent'),
('6980236053', '1026869339', 'Roommate'),
('7353959524', '8759603459', 'Parent'),
('5659327848', '1154149623', 'Roommate'),
('4140874862', '4226727958', 'Roommate'),
('0331126012', '6176529501', 'Partner'),
('9184161270', '9018891279', 'Roommate'),
('9184161270', '4885820209', 'Partner'),
('9200247424', '4340990389', 'Children'),
('4151504289', '1154149623', 'Roommate'),
('4340990389', '2458587138', 'Roommate'),
('9200247424', '4140874862', 'Non-Parent Dependent'),
('7847721351', '7268694912', 'Children'),
('4151504289', '8170260138', 'Non-Parent Dependent'),
('2265372969', '8170260138', 'Parent'),
('4226727958', '7847721351', 'Parent'),
('7847721351', '2458587138', 'Children'),
('4351265852', '1026869339', 'Non-Parent Dependent'),
('2458587138', '4340990389', 'Roommate'),
('9448725198', '3006941219', 'Children'),
('2704879978', '3497198424', 'Partner'),
('5147129696', '6980236053', 'Roommate'),
('0331126012', '4226727958', 'Non-Parent Dependent'),
('2265372969', '5470182177', 'Parent'),
('5589825134', '1154149623', 'Non-Parent Dependent'),
('4576632368', '2265372969', 'Parent'),
('3006941219', '4151504289', 'Non-Parent Dependent'),
('4885820209', '5470182177', 'Roommate'),
('3497198424', '5659327848', 'Children'),
('1154149623', '5470182177', 'Children'),
('3497198424', '7514983314', 'Parent'),
('7847721351', '9448725198', 'Children'),
('1123222154', '5206561295', 'Partner'),
('1209389204', '8923778982', 'Non-Parent Dependent');

INSERT INTO Infection VALUES
('2022-7-21', 'COVID-19', 11, '9448725198'),
('2022-7-15', 'COVID-19', 7, '4140874862'),
('2020-3-13', 'Other', 3, '3497198424'),
('2023-8-23', 'SARS-Cov-2 Variant', 10, '9296668905'),
('2023-10-9', 'SARS-Cov-2 Variant', 1, '5659327848'),
('2020-6-27', 'Other', 5, '5470182177'),
('2020-8-26', 'Other', 6, '1123222154'),
('2020-1-27', 'Other', 2, '9184161270'),
('2022-10-21', 'Other', 8, '4226727958'),
('2020-11-15', 'COVID-19', 5, '2704879978'),
('2020-2-21', 'SARS-Cov-2 Variant', 12, '6176529501'),
('2023-10-10', 'COVID-19', 9, '8759603459'),
('2022-9-5', 'SARS-Cov-2 Variant', 7, '8923778982'),
('2023-11-25', 'Other', 2, '1154149623'),
('2022-2-5', 'COVID-19', 12, '4576632368'),
('2022-8-10', 'SARS-Cov-2 Variant', 13, '4885820209'),
('2021-4-11', 'Other', 10, '5589825134'),
('2022-2-15', 'Other', 13, '9018891279'),
('2020-4-16', 'Other', 11, '9200247424'),
('2020-2-3', 'SARS-Cov-2 Variant', 13, '3497198424'),
('2021-7-8', 'COVID-19', 2, '4351265852'),
('2020-10-5', 'Other', 7, '9018891279'),
('2023-8-5', 'Other', 5, '9184161270'),
('2021-7-26', 'Other', 10, '7268694912'),
('2020-6-7', 'COVID-19', 13, '9018891279'),
('2022-9-13', 'COVID-19', 9, '9200247424'),
('2020-1-13', 'COVID-19', 10, '5147129696'),
('2022-11-4', 'Other', 3, '9079004586'),
('2021-11-26', 'SARS-Cov-2 Variant', 11, '1154149623'),
('2022-3-18', 'COVID-19', 8, '9018891279'),
('2022-6-19', 'Other', 12, '4226727958'),
('2023-5-9', 'COVID-19', 9, '7847721351'),
('2022-10-21', 'Other', 6, '2704879978'),
('2021-11-17', 'Other', 10, '3497198424'),
('2022-10-20', 'SARS-Cov-2 Variant', 8, '8923778982'),
('2022-7-22', 'SARS-Cov-2 Variant', 10, '4576632368'),
('2023-4-17', 'Other', 12, '1154149623'),
('2022-10-8', 'COVID-19', 9, '5147129696'),
('2023-7-26', 'Other', 10, '7268694912'),
('2022-6-17', 'Other', 12, '9018891279'),
('2023-2-3', 'SARS-Cov-2 Variant', 7, '2393656211'),
('2022-9-7', 'Other', 6, '8170260138'),
('2022-2-24', 'SARS-Cov-2 Variant', 6, '9184161270'),
('2020-5-4', 'Other', 4, '4885820209'),
('2021-6-19', 'Other', 7, '9296668905'),
('2023-9-4', 'SARS-Cov-2 Variant', 6, '1154149623'),
('2022-10-11', 'SARS-Cov-2 Variant', 6, '7514983314'),
('2020-9-11', 'COVID-19', 4, '5470182177'),
('2022-1-9', 'Other', 4, '2265372969');

INSERT INTO Vaccination VALUES
(7, 'AstraZeneca', '2021-11-13', '7353959524', 'PharmaLab 5755'),
(8, 'Johnson & Johnson', '2020-3-17', '1154149623', 'CareMed 0946'),
(1, 'AstraZeneca', '2021-5-9', '5659327848', 'HealthTech 4290'),
(6, 'AstraZeneca', '2023-4-25', '7514983314', 'VitaBioTech 8422'),
(4, 'Johnson & Johnson', '2022-8-21', '7268694912', 'CurePharm 6140'),
(8, 'Moderna', '2020-5-24', '2458587138', 'PharmaPharmaCare 4738'),
(7, 'Johnson & Johnson', '2020-2-8', '3497198424', 'CarePharmaCare 4404'),
(2, 'AstraZeneca', '2020-10-18', '8759603459', 'VitaSolutions 7950'),
(1, 'Moderna', '2021-3-16', '9200247424', 'VitaLab 3423'),
(8, 'Johnson & Johnson', '2021-7-19', '5589825134', 'VitaSolutions 7950'),
(2, 'Moderna', '2023-4-18', '2393656211', 'CurePharm 6140'),
(5, 'Moderna', '2021-10-24', '4340990389', 'PharmaPharmaCare 4738'),
(5, 'AstraZeneca', '2023-1-20', '5659327848', 'CurePharm 6140'),
(2, 'Johnson & Johnson', '2021-4-19', '9079004586', 'CurePharm 6140'),
(3, 'Johnson & Johnson', '2021-4-22', '2704879978', 'MediPharmaCare 0115'),
(5, 'AstraZeneca', '2022-8-20', '0331126012', 'CurePharm 6140'),
(5, 'Pfizer', '2021-7-5', '9184161270', 'LifeSolutions 9518'),
(3, 'Johnson & Johnson', '2023-1-22', '2458587138', 'LifeHealthcare 4019'),
(7, 'Moderna', '2022-8-8', '9448725198', 'BioPharmaCare 7883'),
(8, 'Johnson & Johnson', '2020-9-9', '1123222154', 'PharmaLab 5755'),
(3, 'Moderna', '2022-3-13', '6451966285', 'LifeResearch 6958'),
(6, 'Johnson & Johnson', '2020-8-21', '2265372969', 'BioPharmaCare 7883'),
(8, 'Pfizer', '2022-2-1', '9079004586', 'HealthResearch 7918'),
(5, 'Moderna', '2021-7-25', '1154149623', 'MediPharmaCare 0115'),
(8, 'Johnson & Johnson', '2023-10-26', '6980236053', 'LifeResearch 6958'),
(7, 'Pfizer', '2020-6-17', '2704879978', 'HealthPharmaTech 1915'),
(6, 'Johnson & Johnson', '2021-4-8', '2704879978', 'LifeResearch 6958'),
(7, 'Pfizer', '2021-3-25', '1026869339', 'CureLab 4324'),
(2, 'Moderna', '2022-7-15', '2704879978', 'CareMed 0946'),
(4, 'Moderna', '2021-2-16', '9018891279', 'LifeHealthcare 4019'),
(4, 'Moderna', '2020-10-6', '4226727958', 'LifeSolutions 9518'),
(5, 'Moderna', '2021-5-24', '6980236053', 'TheraHealthcare 9573'),
(8, 'Johnson & Johnson', '2023-5-19', '4151504289', 'LifeHealthcare 4019'),
(6, 'AstraZeneca', '2021-1-7', '4885820209', 'BioPharm 6446'),
(1, 'Johnson & Johnson', '2023-5-6', '4576632368', 'CarePharmaCare 4404'),
(1, 'Moderna', '2020-5-12', '8923778982', 'HealthTech 4290'),
(1, 'Pfizer', '2023-5-16', '7514983314', 'MediPharmaCare 0115'),
(3, 'Pfizer', '2021-8-2', '1026869339', 'VitaSolutions 7950'),
(1, 'Moderna', '2022-8-14', '5206561295', 'CureLab 4324'),
(5, 'Pfizer', '2022-5-9', '9296668905', 'GenResearch 6837'),
(3, 'Pfizer', '2022-11-8', '1123222154', 'BioPharmaCare 7883');

INSERT INTO Schedule VALUES
('2019-5-11', '2020-4-17 9:21:29', '2021-8-19 9:40:57', 'TheraHealthcare 9573', '6451966285'),
('2021-4-21', '2019-10-26 1:50:19', '2022-11-16 21:15:41', 'BioPharmaCare 7883', '9079004586'),
('2021-11-25', '2019-2-13 6:2:43', '2020-10-3 7:53:9', 'HealthTech 4290', '2704879978'),
('2018-6-4', '2022-4-24 2:19:6', '2023-5-3 5:32:22', 'LifeSolutions 9518', '6980236053'),
('2022-6-27', '2018-6-13 6:54:17', '2020-8-26 19:50:24', 'VitaLab 3423', '5589825134'),
('2019-10-13', '2019-2-2 19:52:39', '2022-1-17 4:47:31', 'GenLab 5980', '9200247424'),
('2021-9-23', '2023-4-9 18:3:45', '2023-11-13 12:52:12', 'VitaBioTech 8422', '9200247424'),
('2019-1-4', '2023-5-1 6:7:34', '2023-11-12 7:15:23', 'VitaBioTech 8422', '4340990389'),
('2019-3-19', '2022-5-25 16:48:27', '2023-10-15 10:54:13', 'CarePharmaTech 0057', '2265372969'),
('2023-3-4', '2018-7-3 18:12:55', '2023-4-1 11:2:34', 'CarePharmaCare 4404', '1209389204'),
('2019-5-22', '2020-7-9 17:44:17', '2023-8-2 18:30:56', 'MediPharmaCare 0115', '6451966285'),
('2017-5-18', '2020-11-13 10:49:3', '2023-7-26 21:47:49', 'BioPharm 6446', '7268694912'),
('2020-4-24', '2018-4-19 13:14:32', '2021-11-17 20:22:36', 'CureLab 4324', '1123222154'),
('2017-7-20', '2022-8-8 20:46:51', '2023-11-16 10:49:10', 'CarePharmaTech 0057', '6980236053'),
('2022-10-22', '2020-10-14 1:33:44', '2021-8-11 11:51:56', 'HealthResearch 7918', '7268694912'),
('2023-4-23', '2019-6-15 13:38:38', '2019-7-4 4:57:44', 'HealthTech 4290', '4151504289'),
('2019-6-19', '2023-7-26 17:34:54', '2023-9-25 4:48:8', 'PharmaTech 8051', '6980236053'),
('2018-9-27', '2022-4-12 21:52:12', '2023-6-9 4:28:14', 'HealthPharmaTech 1915', '7514983314'),
('2019-1-5', '2020-3-2 19:18:54', '2022-2-27 14:46:28', 'CureLab 4324', '3497198424'),
('2023-4-2', '2022-4-17 11:39:21', '2023-2-13 5:29:19', 'HealthResearch 7918', '5589825134'),
('2022-6-17', '2022-9-6 18:54:52', '2023-1-15 16:27:52', 'TheraHealthcare 9573', '8759603459'),
('2017-5-3', '2019-5-11 16:58:55', '2020-1-16 2:46:27', 'CareMed 0946', '3497198424'),
('2021-9-10', '2020-7-16 13:8:43', '2022-3-4 10:41:27', 'LifeResearch 6958', '2265372969'),
('2023-2-20', '2018-1-10 3:46:4', '2023-8-8 20:35:14', 'CureBioTech 3145', '4576632368'),
('2017-2-14', '2021-10-8 20:30:22', '2022-8-12 15:51:53', 'HealthTech 4290', '4151504289'),
('2019-2-24', '2018-6-12 2:3:29', '2023-3-25 5:2:40', 'LifeHealthcare 4019', '1209389204'),
('2023-9-23', '2022-4-4 5:43:35', '2023-9-19 17:57:5', 'HealthResearch 7918', '1154149623'),
('2022-5-25', '2023-1-18 9:29:10', '2023-4-9 8:5:25', 'CurePharm 6140', '4151504289'),
('2017-11-10', '2020-1-21 7:59:19', '2023-9-26 6:22:27', 'MediPharmaCare 0115', '5206561295'),
('2020-10-22', '2018-9-7 20:16:56', '2020-4-23 8:30:47', 'HealthTech 4290', '9018891279');


