INSERT INTO Residence VALUES
('2925 Pine Road', 'Kelowna', 'Manitoba', 'O24 9I7', '6954877479', 2, 'Apartment'),
('9848 Hickory Road', 'Saint John', 'Ontario', 'K89 3X1', '4263486485', 6, 'Apartment'),
('9616 Maple Avenue', 'Quebec City', 'British Columbia', 'J91 0P5', '3343013425', 5, 'Condominium'),
('2016 Magnolia Street', 'Aurora', 'British Columbia', 'D82 6W6', '3924647403', 2, 'Apartment'),
('9999 Birch Court', 'Saint-Jérôme', 'Alberta', 'G37 5A0', '4226788951', 1, 'Apartment'),
('7321 Pine Circle', 'Prince George', 'Northwest Territories', 'M81 7B7', '8591973474', 7, 'Semi-Detached House'),
('6062 Elm Terrace', 'Abbotsford', 'Quebec', 'Z65 4A3', '9746664261', 6, 'House'),
('6690 Cedar Drive', 'Calgary', 'Northwest Territories', 'J73 6Q5', '4894918844', 2, 'Semi-Detached House'),
('3575 Hickory Street', 'Peterborough', 'Manitoba', 'B18 6B7', '4482668877', 1, 'Semi-Detached House'),
('6461 Oak Circle', 'Chicoutimi', 'Nova Scotia', 'A66 9U2', '6250701291', 6, 'Apartment'),
('8679 Spruce Boulevard', 'Red Deer', 'Ontario', 'U81 4L1', '9423760281', 5, 'House'),
('5514 Cedar Court', 'Brandon', 'Nova Scotia', 'D84 9K5', '7611323118', 6, 'Condominium'),
('1100 Elm Court', 'Newmarket', 'Nova Scotia', 'O55 4U2', '5179180399', 3, 'Condominium'),
('9174 Oak Terrace', 'Halifax', 'Ontario', 'A55 2A6', '5642285454', 6, 'Apartment'),
('6958 Maple Street', 'North Bay', 'Nova Scotia', 'A33 8M1', '5441275182', 3, 'Semi-Detached House'),
('9531 Maple Circle', 'Mirabel', 'Nova Scotia', 'X73 8O3', '8431112893', 5, 'House'),
('1438 Willow Road', 'Kitchener', 'Newfoundland and Labrador', 'X45 5Y2', '6583555453', 7, 'House'),
('5226 Maple Way', 'Moncton', 'Newfoundland and Labrador', 'C41 5Z1', '2545752286', 4, 'Apartment'),
('7108 Spruce Lane', 'Sherbrooke', 'British Columbia', 'X55 6E4', '5042589963', 1, 'Condominium'),
('4355 Elm Drive', 'Norfolk County', 'New Brunswick', 'F72 7W0', '8899720813', 7, 'Condominium'),
('6149 Spruce Avenue', 'St. Albert', 'Newfoundland and Labrador', 'R27 9Q5', '8076352301', 3, 'House'),
('3820 Elm Avenue', 'Toronto', 'Alberta', 'B47 6S9', '3703120889', 2, 'Condominium'),
('9059 Pine Lane', 'Saskatoon', 'Manitoba', 'H85 3Y0', '7695755464', 3, 'Apartment'),
('3602 Birch Drive', 'Medicine Hat', 'Alberta', 'R35 4T3', '6664272791', 2, 'Condominium'),
('7001 Cedar Terrace', 'Winnipeg', 'Newfoundland and Labrador', 'Z03 6R5', '4455124378', 7, 'House'),
('5297 Birch Circle', 'Belleville', 'Nova Scotia', 'N81 8T8', '9039303638', 2, 'Apartment'),
('1014 Oak Court', 'Regina', 'Saskatchewan', 'P38 4F7', '4925051556', 4, 'Semi-Detached House'),
('6560 Magnolia Circle', 'St. Johns', 'British Columbia', 'L24 2W1', '6789577155', 6, 'Apartment'),
('7410 Cedar Boulevard', 'Edmonton', 'Manitoba', 'N73 0X2', '6668608005', 7, 'House'),
('4383 Hickory Court', 'Lethbridge', 'Nunavut', 'I23 3J6', '8383218742', 1, 'Semi-Detached House'),
('0669 Hickory Circle', 'Guelph', 'Ontario', 'X19 9E5', '4525349466', 7, 'House'),
('0464 Magnolia Terrace', 'Fredericton', 'Newfoundland and Labrador', 'E14 2T5', '9656955925', 7, 'House'),
('8559 Spruce Circle', 'Barrie', 'Alberta', 'W92 9D9', '4512188151', 1, 'Apartment'),
('9560 Pine Way', 'London', 'Alberta', 'M57 5C2', '5420925355', 1, 'Condominium'),
('4888 Willow Lane', 'Drummondville', 'Quebec', 'Q57 5A4', '7939919282', 1, 'Semi-Detached House'),
('3198 Maple Drive', 'Victoriaville', 'Ontario', 'L53 4O4', '4127600629', 6, 'Apartment'),
('5857 Maple Road', 'Victoria', 'Prince Edward Island', 'P32 0P8', '8315003273', 3, 'Semi-Detached House'),
('2726 Maple Lane', 'Oshawa', 'Nunavut', 'J33 9E8', '7054974665', 2, 'Apartment'),
('3312 Oak Street', 'Hamilton', 'Alberta', 'C43 8K5', '9391626783', 7, 'Condominium'),
('0453 Pine Terrace', 'Kingston', 'Quebec', 'O93 5J1', '6116294514', 4, 'Apartment');

INSERT INTO Person VALUES
('1541793810', 'Elijah', 'Taylor', '1958-11-27', 'R668135013', '9796827478', 'Canadian', 'elijahtaylor07@gmail.com', 'Teacher', '6958 Maple Street'),
('7691157223', 'Matthew', 'Wright', '1973-5-6', 'W132645374', '9306436394', 'Canadian', 'matthewwright85@gmail.com', 'Accountant', '1438 Willow Road'),
('3971748245', 'Jackson', 'Lewis', '2010-2-3', 'I620141607', '9387122456', 'Canadian', 'jacksonlewis36@gmail.com', 'Mechanic', '6958 Maple Street'),
('5728503003', 'Matthew', 'Thompson', '1946-8-12', 'B369624954', '2025307153', 'Canadian', 'matthewthompson45@gmail.com', 'Engineer', '6149 Spruce Avenue'),
('7715108042', 'Mason', 'Parker', '1995-3-16', 'F367864652', '5844781572', 'Canadian', 'masonparker43@gmail.com', 'Flight Attendant', '9560 Pine Way'),
('9452224623', 'Abigail', 'Green', '1944-6-7', 'P716398480', '2902776488', 'Canadian', 'abigailgreen55@gmail.com', 'Software Developer', '4888 Willow Lane'),
('6493303005', 'Aiden', 'Anderson', '1990-11-27', 'W644001669', '7157383763', 'Canadian', 'aidenanderson20@gmail.com', 'Electrician', '5226 Maple Way'),
('5130989695', 'James', 'White', '1969-2-9', 'T626101755', '2758494823', 'Canadian', 'jameswhite27@gmail.com', 'Plumber', '4383 Hickory Court'),
('5317221484', 'Harper', 'Mitchell', '1994-2-26', 'O539953197', '7448276883', 'Canadian', 'harpermitchell71@gmail.com', 'Sales Representative', '6958 Maple Street'),
('7575139224', 'Matthew', 'Brown', '1978-10-1', 'X820710247', '6333220002', 'Canadian', 'matthewbrown54@gmail.com', 'Psychologist', '4355 Elm Drive'),
('9514297250', 'Aria', 'Thompson', '2008-6-6', 'C280366134', '6365927734', 'Canadian', 'ariathompson81@gmail.com', 'Architect', '9174 Oak Terrace'),
('9450919615', 'Mila', 'Roberts', '2003-8-17', 'X274318088', '5318771793', 'Canadian', 'milaroberts09@gmail.com', 'Graphic Designer', '6958 Maple Street'),
('0484175526', 'Riley', 'Martinez', '1941-5-18', 'I643791397', '2373341935', 'Canadian', 'rileymartinez89@gmail.com', 'Waiter/Waitress', '7410 Cedar Boulevard'),
('9782669143', 'David', 'Martinez', '2016-11-4', 'M122651311', '7828901186', 'Canadian', 'davidmartinez47@gmail.com', 'Translator', '9616 Maple Avenue'),
('5379324888', 'Aria', 'King', '1971-2-19', 'X292445235', '6843290671', 'Canadian', 'ariaking04@gmail.com', 'Artist', '0464 Magnolia Terrace'),
('0015951031', 'Elijah', 'Martinez', '1942-9-15', 'P558171755', '8729796108', 'Canadian', 'elijahmartinez16@gmail.com', 'Carpenter', '9059 Pine Lane'),
('8108067175', 'Ella', 'Perez', '1987-8-17', 'E588061685', '9303402256', 'Canadian', 'ellaperez99@gmail.com', 'Social Worker', '4888 Willow Lane'),
('8185064269', 'Michael', 'Lee', '1971-11-26', 'A924189969', '4620020841', 'Canadian', 'michaellee40@gmail.com', 'Geologist', '2016 Magnolia Street'),
('4253545565', 'Aria', 'Allen', '2021-9-7', 'W450781925', '8198818337', 'Canadian', 'ariaallen43@gmail.com', 'Construction Worker', '8559 Spruce Circle'),
('9815394931', 'Scarlett', 'Clark', '1948-4-1', 'Q928010943', '4122328164', 'Canadian', 'scarlettclark10@gmail.com', 'Doctor', '3312 Oak Street'),
('0117771867', 'Alexander', 'Rodriguez', '1984-1-18', 'F196391890', '9593803891', 'Canadian', 'alexanderrodriguez73@gmail.com', 'Nurse', '9848 Hickory Road'),
('2313142915', 'Samuel', 'Martinez', '2012-7-7', 'B622272492', '3964569383', 'Canadian', 'samuelmartinez86@gmail.com', 'Marine Biologist', '7410 Cedar Boulevard'),
('6681776096', 'Aiden', 'Parker', '2023-10-10', 'M007050049', '9520656009', 'Canadian', 'aidenparker03@gmail.com', 'Web Designer', '9616 Maple Avenue'),
('4105120722', 'Emma', 'Roberts', '2019-5-22', 'Y534676071', '9810659425', 'Canadian', 'emmaroberts66@gmail.com', 'Police Officer', '9616 Maple Avenue'),
('1765053843', 'Jackson', 'Adams', '1981-7-7', 'P174512046', '5639178478', 'Canadian', 'jacksonadams91@gmail.com', 'Chef', '3312 Oak Street'),
('6550325953', 'Logan', 'Lopez', '2000-9-20', 'O325525695', '4054875197', 'Canadian', 'loganlopez04@gmail.com', 'Marketing Manager', '7321 Pine Circle'),
('0966472727', 'Amelia', 'Martinez', '1962-2-11', 'U346167959', '5318398482', 'Canadian', 'ameliamartinez79@gmail.com', 'Dentist', '1438 Willow Road'),
('1424144427', 'Alexander', 'Parker', '1997-11-27', 'M936235890', '2616289820', 'Canadian', 'alexanderparker38@gmail.com', 'Fashion Designer', '6149 Spruce Avenue'),
('5759325614', 'Scarlett', 'Parker', '1999-10-8', 'T269785380', '8182175897', 'Canadian', 'scarlettparker27@gmail.com', 'Paramedic', '5857 Maple Road'),
('7503673604', 'Victoria', 'Martin', '1989-5-14', 'A084490164', '7506409962', 'Canadian', 'victoriamartin86@gmail.com', 'Lawyer', '6461 Oak Circle'),
('5145476810', 'Ella', 'Clark', '1947-5-11', 'F402049699', '4767811021', 'Canadian', 'ellaclark40@gmail.com', 'Journalist', '6149 Spruce Avenue'),
('8732451178', 'Ethan', 'Baker', '1991-9-18', 'Z782931150', '5017775095', 'Canadian', 'ethanbaker40@gmail.com', 'Pilot', '3575 Hickory Street'),
('9833183402', 'Scarlett', 'Williams', '1952-11-16', 'E537553776', '7823618723', 'Canadian', 'scarlettwilliams50@gmail.com', 'Financial Analyst', '9848 Hickory Road'),
('0312663706', 'William', 'Campbell', '1989-4-26', 'S634518596', '3028999134', 'Canadian', 'williamcampbell83@gmail.com', 'Fitness Trainer', '1438 Willow Road'),
('1815127725', 'Henry', 'Scott', '2005-2-4', 'G857810241', '2079362751', 'Canadian', 'henryscott85@gmail.com', 'Chemist', '9560 Pine Way'),
('9052294661', 'Logan', 'Carter', '1949-3-24', 'E097741413', '4268730852', 'Canadian', 'logancarter75@gmail.com', 'Meteorologist', '3312 Oak Street'),
('0494951070', 'Isabella', 'Martinez', '1998-4-17', 'W456014019', '3885173935', 'Canadian', 'isabellamartinez65@gmail.com', 'Bartender', '1438 Willow Road'),
('7186813027', 'Ethan', 'Wilson', '1986-1-10', 'U321290986', '4508503929', 'Canadian', 'ethanwilson82@gmail.com', 'Actor', '4355 Elm Drive'),
('9560146080', 'William', 'Turner', '1991-3-25', 'H868773014', '9738737523', 'Canadian', 'williamturner71@gmail.com', 'Economist', '4888 Willow Lane'),
('0520907149', 'Mason', 'Smith', '2008-5-22', 'C919984484', '5254702398', 'Canadian', 'masonsmith71@gmail.com', 'Biologist', '7321 Pine Circle');

INSERT INTO Employee VALUES
('1765053843', 'Cashier'),
('0494951070', 'Receptionist'),
('7715108042', 'Administrative Personnel'),
('0312663706', 'Nurse'),
('9833183402', 'Receptionist'),
('7575139224', 'Administrative Personnel'),
('9514297250', 'Pharmacist'),
('8732451178', 'Nurse'),
('9052294661', 'Doctor'),
('5130989695', 'Nurse'),
('5379324888', 'Pharmacist'),
('9782669143', 'Receptionist'),
('7186813027', 'Doctor'),
('6550325953', 'Security Personnel'),
('1541793810', 'Cashier'),
('5317221484', 'Cashier'),
('9450919615', 'Nurse'),
('8185064269', 'Administrative Personnel'),
('2313142915', 'Cashier'),
('1424144427', 'Receptionist'),
('7503673604', 'Security Personnel'),
('7691157223', 'Doctor'),
('0966472727', 'Regular Employee'),
('5728503003', 'Receptionist'),
('5759325614', 'Cashier'),
('9452224623', 'Cashier'),
('0015951031', 'Security Personnel'),
('3971748245', 'Administrative Personnel'),
('0520907149', 'Cashier'),
('5145476810', 'Cashier'),
('8108067175', 'Receptionist'),
('9560146080', 'Doctor'),
('9815394931', 'Regular Employee'),
('1815127725', 'Security Personnel'),
('6493303005', 'Doctor');

INSERT INTO Facility VALUES
('CareMed 7374', '9330 Pine Way', 'Trois-Rivieres', 'Ontario', 'C65 2O0', '6893340810', 'www.caremed7374588.org', 'Clinic', 181, '1424144427'),
('TheraHealthcare 8383', '9532 Maple Lane', 'Guelph', 'British Columbia', 'P28 5H0', '4759574691', 'www.therahealthcare8383513.org', 'Hospital', 745, '0015951031'),
('TheraResearch 2891', '9019 Willow Boulevard', 'Kanata', 'Northwest Territories', 'P23 8Y6', '9817206357', 'www.theraresearch2891518.org', 'CLSC', 346, '6493303005'),
('CureMed 6202', '6508 Magnolia Court', 'St. Albert', 'Nova Scotia', 'M27 8M8', '8372493287', 'www.curemed6202163.org', 'Clinic', 439, '1815127725'),
('CureHealthcare 2917', '5301 Magnolia Street', 'Peterborough', 'Manitoba', 'N61 4O7', '7317947227', 'www.curehealthcare2917672.org', 'Special Instalment', 357, '1765053843'),
('TheraTech 2751', '9956 Magnolia Circle', 'Saskatoon', 'Newfoundland and Labrador', 'R60 9U4', '6132025593', 'www.theratech2751106.org', 'CLSC', 788, '5130989695'),
('LifeHealthcare 0426', '7082 Cedar Terrace', 'Montreal', 'Alberta', 'C68 3I2', '4269079226', 'www.lifehealthcare0426660.org', 'CLSC', 505, '9514297250'),
('MediTech 3364', '7164 Birch Circle', 'White Rock', 'Newfoundland and Labrador', 'I30 9W6', '3737203518', 'www.meditech3364256.org', 'CLSC', 320, '9815394931'),
('VitaResearch 8583', '8373 Willow Street', 'Oshawa', 'New Brunswick', 'Q65 2P2', '8373814246', 'www.vitaresearch8583697.org', 'Clinic', 700, '6493303005'),
('GenResearch 8139', '8809 Willow Drive', 'Sherbrooke', 'Nunavut', 'N68 1R1', '8549832599', 'www.genresearch8139429.org', 'CLSC', 72, '5759325614'),
('TheraLab 1964', '1506 Cedar Avenue', 'North Bay', 'Nunavut', 'N59 5L5', '2888529227', 'www.theralab1964355.org', 'CLSC', 282, '7715108042'),
('PharmaBioTech 9631', '8436 Magnolia Avenue', 'Kingston', 'Nunavut', 'G59 1J9', '3148778500', 'www.pharmabiotech9631536.org', 'Hospital', 520, '8108067175'),
('VitaLab 1128', '2124 Cedar Street', 'Hamilton', 'Quebec', 'I27 9K7', '3801020319', 'www.vitalab1128091.org', 'CLSC', 551, '5130989695'),
('TheraBioTech 4472', '0090 Maple Court', 'Chicoutimi', 'New Brunswick', 'A82 9E8', '3954944342', 'www.therabiotech4472469.org', 'Pharmacy', 647, '2313142915'),
('CureTech 3853', '8534 Pine Court', 'Calgary', 'Manitoba', 'C50 1V1', '5522623500', 'www.curetech3853869.org', 'CLSC', 498, '7715108042'),
('HealthHealthcare 8531', '1545 Hickory Boulevard', 'Norfolk County', 'Nunavut', 'T14 1S3', '4962781532', 'www.healthhealthcare8531390.org', 'Special Instalment', 327, '9560146080'),
('HealthBioTech 3206', '1779 Hickory Street', 'Red Deer', 'Northwest Territories', 'T37 0N0', '6707965320', 'www.healthbiotech3206530.org', 'CLSC', 696, '5317221484'),
('CurePharmaTech 1857', '1782 Maple Boulevard', 'Abbotsford', 'Quebec', 'H61 3I4', '6805128684', 'www.curepharmatech1857303.org', 'CLSC', 433, '6493303005'),
('HealthLab 8333', '2341 Birch Terrace', 'Vancouver', 'Newfoundland and Labrador', 'W92 6W9', '8833956135', 'www.healthlab8333111.org', 'Hospital', 645, '5728503003'),
('HealthResearch 1684', '9065 Maple Terrace', 'Victoriaville', 'Saskatchewan', 'Z56 4A5', '7825465759', 'www.healthresearch1684642.org', 'Clinic', 202, '8108067175'),
('VitaBioTech 1282', '3782 Cedar Way', 'Saint-Hyacinthe', 'Northwest Territories', 'S26 7T7', '2351597366', 'www.vitabiotech1282778.org', 'Pharmacy', 881, '1815127725'),
('PharmaPharm 6616', '8015 Magnolia Drive', 'Prince George', 'Saskatchewan', 'H01 5Q2', '5006863962', 'www.pharmapharm6616579.org', 'Special Instalment', 119, '7186813027'),
('TheraMed 5831', '3283 Hickory Drive', 'Drummondville', 'Nunavut', 'F06 5D8', '5245219175', 'www.theramed5831601.org', 'CLSC', 485, '9560146080'),
('PharmaPharmaTech 3704', '5720 Magnolia Way', 'Aurora', 'Northwest Territories', 'O34 6T9', '8972911001', 'www.pharmapharmatech3704607.org', 'Pharmacy', 515, '8185064269'),
('HealthMed 9573', '1730 Maple Drive', 'Victoria', 'New Brunswick', 'H78 1T5', '6210384138', 'www.healthmed9573774.org', 'Pharmacy', 490, '8732451178');

INSERT INTO Works_at VALUES
('9052294661', 'PharmaPharmaTech 3704', '2016-11-13', NULL),
('6550325953', 'VitaBioTech 1282', '2020-8-22', '2021-4-22'),
('2313142915', 'PharmaBioTech 9631', '2018-11-4', NULL),
('5145476810', 'GenResearch 8139', '2017-6-5', '2023-5-2'),
('7575139224', 'CureTech 3853', '2016-9-16', NULL),
('0312663706', 'HealthHealthcare 8531', '2022-11-23', '2023-7-8'),
('7186813027', 'PharmaPharm 6616', '2023-7-11', '2023-8-1'),
('1815127725', 'HealthResearch 1684', '2019-9-23', NULL),
('0494951070', 'TheraHealthcare 8383', '2021-7-7', '2022-5-11'),
('0520907149', 'LifeHealthcare 0426', '2015-2-10', '2017-5-27'),
('1541793810', 'TheraHealthcare 8383', '2017-6-19', '2020-7-3'),
('9452224623', 'PharmaPharm 6616', '2022-2-12', NULL),
('7503673604', 'LifeHealthcare 0426', '2018-11-18', NULL),
('0312663706', 'VitaLab 1128', '2015-5-24', '2016-4-6'),
('7186813027', 'VitaLab 1128', '2018-6-24', NULL),
('1541793810', 'TheraLab 1964', '2020-10-8', '2023-6-7'),
('5130989695', 'GenResearch 8139', '2019-2-6', NULL),
('0966472727', 'PharmaPharmaTech 3704', '2019-1-1', '2019-10-15'),
('5317221484', 'CareMed 7374', '2023-8-4', '2023-10-16'),
('9450919615', 'HealthResearch 1684', '2015-11-2', NULL),
('8185064269', 'HealthResearch 1684', '2016-6-21', NULL),
('0312663706', 'TheraLab 1964', '2017-8-4', NULL),
('9782669143', 'CureMed 6202', '2017-10-5', NULL),
('9514297250', 'PharmaPharm 6616', '2015-10-25', NULL),
('1815127725', 'VitaResearch 8583', '2015-11-25', NULL),
('0312663706', 'VitaBioTech 1282', '2021-4-7', NULL),
('0494951070', 'CurePharmaTech 1857', '2023-9-7', '2023-10-13'),
('1815127725', 'VitaResearch 8583', '2018-10-14', NULL),
('7186813027', 'GenResearch 8139', '2020-3-6', '2022-10-8'),
('0312663706', 'MediTech 3364', '2015-7-22', NULL),
('9782669143', 'VitaLab 1128', '2016-9-3', '2019-11-13'),
('9450919615', 'LifeHealthcare 0426', '2016-4-19', '2017-1-2'),
('2313142915', 'HealthHealthcare 8531', '2020-9-16', '2022-11-3'),
('0520907149', 'TheraTech 2751', '2020-8-17', NULL),
('1424144427', 'GenResearch 8139', '2019-11-23', '2020-8-4'),
('9560146080', 'TheraLab 1964', '2020-8-27', NULL),
('9452224623', 'CureTech 3853', '2015-8-21', NULL),
('0015951031', 'LifeHealthcare 0426', '2021-8-25', NULL),
('1815127725', 'MediTech 3364', '2019-7-15', '2021-11-25'),
('5728503003', 'PharmaPharmaTech 3704', '2021-3-16', NULL);

INSERT INTO lives_in VALUES
('6958 Maple Street', '1541793810', '2020-3-15'),
('1438 Willow Road', '7691157223', '2012-11-16'),
('6958 Maple Street', '3971748245', '1985-10-17'),
('6149 Spruce Avenue', '5728503003', '1986-1-23'),
('9560 Pine Way', '7715108042', '1983-9-25'),
('4888 Willow Lane', '9452224623', '1982-4-7'),
('5226 Maple Way', '6493303005', '2022-6-7'),
('4383 Hickory Court', '5130989695', '1979-5-27'),
('6958 Maple Street', '5317221484', '1992-1-15'),
('4355 Elm Drive', '7575139224', '1976-5-21'),
('9174 Oak Terrace', '9514297250', '2000-9-4'),
('6958 Maple Street', '9450919615', '1992-2-3'),
('7410 Cedar Boulevard', '0484175526', '1972-4-18'),
('9616 Maple Avenue', '9782669143', '1999-9-11'),
('0464 Magnolia Terrace', '5379324888', '2008-8-11'),
('9059 Pine Lane', '0015951031', '2007-7-20'),
('4888 Willow Lane', '8108067175', '1981-8-6'),
('2016 Magnolia Street', '8185064269', '1977-2-17'),
('8559 Spruce Circle', '4253545565', '1979-6-15'),
('3312 Oak Street', '9815394931', '1987-2-17'),
('9848 Hickory Road', '0117771867', '2012-10-6'),
('7410 Cedar Boulevard', '2313142915', '2001-6-1'),
('9616 Maple Avenue', '6681776096', '1994-7-10'),
('9616 Maple Avenue', '4105120722', '1999-11-19'),
('3312 Oak Street', '1765053843', '1986-2-13'),
('7321 Pine Circle', '6550325953', '2000-3-13'),
('1438 Willow Road', '0966472727', '1986-5-5'),
('6149 Spruce Avenue', '1424144427', '1999-7-13'),
('5857 Maple Road', '5759325614', '1985-2-9'),
('6461 Oak Circle', '7503673604', '1982-11-10'),
('6149 Spruce Avenue', '5145476810', '1985-5-27'),
('3575 Hickory Street', '8732451178', '2011-6-17'),
('9848 Hickory Road', '9833183402', '2019-10-25'),
('1438 Willow Road', '0312663706', '1974-11-22'),
('9560 Pine Way', '1815127725', '1973-5-14'),
('3312 Oak Street', '9052294661', '1982-7-20'),
('1438 Willow Road', '0494951070', '2017-4-1'),
('4355 Elm Drive', '7186813027', '2011-9-10'),
('4888 Willow Lane', '9560146080', '1979-11-27'),
('7321 Pine Circle', '0520907149', '1994-1-2'),
('9531 Maple Circle', '7503673604', '2018-6-20'),
('8559 Spruce Circle', '0015951031', '2021-5-16'),
('1014 Oak Court', '1765053843', '2016-8-23'),
('1438 Willow Road', '9450919615', '2019-9-10'),
('9531 Maple Circle', '6681776096', '2023-10-21'),
('1100 Elm Court', '6493303005', '2023-9-4'),
('7410 Cedar Boulevard', '1541793810', '2019-6-26'),
('2925 Pine Road', '0494951070', '2022-2-5'),
('9848 Hickory Road', '9833183402', '2020-8-9'),
('1014 Oak Court', '0484175526', '2020-5-15'),
('3198 Maple Drive', '5130989695', '2017-7-24'),
('6690 Cedar Drive', '5728503003', '2017-6-8'),
('1014 Oak Court', '5145476810', '2021-11-8'),
('2726 Maple Lane', '4105120722', '2018-6-17'),
('1100 Elm Court', '9560146080', '2016-4-7'),
('3820 Elm Avenue', '9514297250', '2023-3-5'),
('1438 Willow Road', '7575139224', '2016-11-19'),
('6461 Oak Circle', '9833183402', '2020-4-16'),
('5226 Maple Way', '4253545565', '2015-7-4'),
('9616 Maple Avenue', '1815127725', '2018-2-12'),
('3312 Oak Street', '5728503003', '2022-6-8'),
('4355 Elm Drive', '6681776096', '2020-1-9'),
('3198 Maple Drive', '9514297250', '2021-1-21'),
('3575 Hickory Street', '5728503003', '2019-11-5'),
('9848 Hickory Road', '5728503003', '2022-8-24'),
('5857 Maple Road', '9514297250', '2017-11-3'),
('5857 Maple Road', '0494951070', '2020-7-22'),
('1100 Elm Court', '9560146080', '2018-5-23'),
('9174 Oak Terrace', '3971748245', '2018-9-1'),
('1438 Willow Road', '9514297250', '2022-7-21'),
('9174 Oak Terrace', '0015951031', '2015-8-2'),
('4888 Willow Lane', '5145476810', '2023-5-21'),
('3312 Oak Street', '5379324888', '2018-8-3'),
('9616 Maple Avenue', '3971748245', '2023-11-14'),
('3820 Elm Avenue', '9815394931', '2022-10-23'),
('1438 Willow Road', '4253545565', '2022-5-10'),
('9560 Pine Way', '6681776096', '2018-10-12'),
('9059 Pine Lane', '0484175526', '2020-3-20'),
('7321 Pine Circle', '8732451178', '2021-5-5'),
('5297 Birch Circle', '5145476810', '2018-5-19');

INSERT INTO lives_with VALUES
('9815394931', '8108067175', 'Partner'),
('1815127725', '5759325614', 'Roommate'),
('5130989695', '8185064269', 'Partner'),
('7186813027', '6681776096', 'Roommate'),
('9815394931', '9450919615', 'Partner'),
('9514297250', '5728503003', 'Children'),
('0015951031', '1424144427', 'Partner'),
('7715108042', '0484175526', 'Partner'),
('9052294661', '5728503003', 'Parent'),
('5379324888', '0484175526', 'Partner'),
('9514297250', '9782669143', 'Parent'),
('7186813027', '4105120722', 'Non-Parent Dependent'),
('7715108042', '5317221484', 'Roommate'),
('8185064269', '7691157223', 'Roommate'),
('1765053843', '3971748245', 'Non-Parent Dependent'),
('8732451178', '0966472727', 'Parent'),
('3971748245', '1815127725', 'Parent'),
('5317221484', '7503673604', 'Children'),
('3971748245', '4253545565', 'Non-Parent Dependent'),
('7186813027', '0966472727', 'Parent'),
('0520907149', '4253545565', 'Non-Parent Dependent'),
('1815127725', '9052294661', 'Children'),
('1541793810', '7575139224', 'Partner'),
('7503673604', '6493303005', 'Children'),
('1541793810', '0117771867', 'Children'),
('1765053843', '1541793810', 'Non-Parent Dependent'),
('9833183402', '5379324888', 'Non-Parent Dependent'),
('7575139224', '1765053843', 'Partner'),
('5379324888', '8185064269', 'Parent'),
('0520907149', '9450919615', 'Partner'),
('5130989695', '0312663706', 'Parent'),
('5130989695', '0015951031', 'Partner'),
('8108067175', '3971748245', 'Non-Parent Dependent'),
('7575139224', '0117771867', 'Parent'),
('1541793810', '7186813027', 'Children'),
('9815394931', '0015951031', 'Non-Parent Dependent'),
('9514297250', '5759325614', 'Parent'),
('1765053843', '6681776096', 'Children'),
('1424144427', '8185064269', 'Parent'),
('9514297250', '6493303005', 'Parent');

INSERT INTO Infection VALUES
('2020-8-8', 'Other', 1, '7691157223'),
('2020-10-24', 'COVID-19', 12, '1424144427'),
('2022-7-20', 'Other', 6, '8108067175'),
('2020-9-2', 'SARS-Cov-2 Variant', 6, '9450919615'),
('2021-1-27', 'COVID-19', 6, '1424144427'),
('2022-7-12', 'COVID-19', 3, '5728503003'),
('2023-11-4', 'SARS-Cov-2 Variant', 12, '1541793810'),
('2022-2-7', 'SARS-Cov-2 Variant', 3, '4105120722'),
('2023-3-24', 'Other', 2, '0312663706'),
('2020-6-3', 'SARS-Cov-2 Variant', 10, '1541793810'),
('2023-7-24', 'COVID-19', 11, '9782669143'),
('2020-4-6', 'COVID-19', 3, '5759325614'),
('2020-3-14', 'Other', 12, '0117771867'),
('2023-9-5', 'SARS-Cov-2 Variant', 3, '0520907149'),
('2021-9-15', 'COVID-19', 5, '7503673604'),
('2023-1-18', 'COVID-19', 2, '0117771867'),
('2022-2-14', 'COVID-19', 13, '1541793810'),
('2022-6-6', 'SARS-Cov-2 Variant', 5, '9782669143'),
('2021-10-19', 'Other', 13, '9815394931'),
('2021-11-10', 'SARS-Cov-2 Variant', 5, '6550325953'),
('2023-10-9', 'SARS-Cov-2 Variant', 6, '7715108042'),
('2021-8-11', 'COVID-19', 1, '9560146080'),
('2020-5-14', 'Other', 4, '4105120722'),
('2022-7-4', 'Other', 8, '5379324888'),
('2021-8-8', 'SARS-Cov-2 Variant', 4, '9815394931'),
('2021-1-8', 'Other', 12, '0494951070'),
('2021-9-3', 'SARS-Cov-2 Variant', 6, '9052294661'),
('2022-1-18', 'SARS-Cov-2 Variant', 11, '0117771867'),
('2020-2-4', 'Other', 11, '8108067175'),
('2023-10-6', 'SARS-Cov-2 Variant', 3, '9560146080'),
('2023-7-25', 'Other', 9, '9782669143'),
('2022-11-6', 'SARS-Cov-2 Variant', 7, '7575139224'),
('2023-10-12', 'SARS-Cov-2 Variant', 2, '9052294661'),
('2022-8-23', 'COVID-19', 1, '7186813027'),
('2023-5-10', 'COVID-19', 11, '7503673604'),
('2021-8-15', 'SARS-Cov-2 Variant', 1, '8185064269'),
('2020-7-11', 'Other', 5, '4105120722'),
('2021-7-18', 'SARS-Cov-2 Variant', 4, '0966472727'),
('2020-2-19', 'Other', 13, '0117771867'),
('2020-4-10', 'SARS-Cov-2 Variant', 9, '5759325614'),
('2020-1-25', 'COVID-19', 5, '1424144427'),
('2022-1-6', 'COVID-19', 1, '1541793810'),
('2021-8-24', 'COVID-19', 2, '0966472727'),
('2020-3-13', 'Other', 5, '0312663706'),
('2023-3-24', 'COVID-19', 11, '9514297250'),
('2021-4-16', 'SARS-Cov-2 Variant', 4, '8185064269'),
('2020-10-18', 'COVID-19', 5, '0015951031'),
('2023-8-24', 'SARS-Cov-2 Variant', 8, '6493303005'),
('2023-6-11', 'Other', 3, '9452224623'),
('2023-10-26', 'COVID-19', 2, '0520907149');

INSERT INTO Vaccination VALUES
(2, 'Pfizer', '2020-2-13', '8108067175', 'GenResearch 8139'),
(7, 'Johnson & Johnson', '2022-11-9', '9815394931', 'CureHealthcare 2917'),
(7, 'Johnson & Johnson', '2022-9-22', '5130989695', 'TheraTech 2751'),
(1, 'Pfizer', '2020-2-13', '5130989695', 'PharmaPharmaTech 3704'),
(5, 'AstraZeneca', '2020-3-2', '1765053843', 'TheraTech 2751'),
(2, 'Pfizer', '2023-8-12', '5317221484', 'TheraMed 5831'),
(3, 'AstraZeneca', '2021-3-11', '2313142915', 'CareMed 7374'),
(7, 'Johnson & Johnson', '2023-10-22', '9815394931', 'CareMed 7374'),
(2, 'Johnson & Johnson', '2022-8-18', '6493303005', 'HealthResearch 1684'),
(3, 'AstraZeneca', '2021-11-3', '0966472727', 'PharmaPharmaTech 3704'),
(4, 'AstraZeneca', '2023-2-15', '3971748245', 'GenResearch 8139'),
(1, 'Moderna', '2022-10-7', '6550325953', 'TheraBioTech 4472'),
(1, 'Johnson & Johnson', '2020-11-11', '7186813027', 'TheraBioTech 4472'),
(5, 'Johnson & Johnson', '2022-6-22', '1815127725', 'HealthBioTech 3206'),
(6, 'AstraZeneca', '2023-11-21', '9833183402', 'CurePharmaTech 1857'),
(7, 'Pfizer', '2021-11-24', '5379324888', 'TheraHealthcare 8383'),
(8, 'Pfizer', '2022-2-9', '0520907149', 'TheraMed 5831'),
(8, 'Moderna', '2022-5-13', '9452224623', 'CareMed 7374'),
(3, 'Johnson & Johnson', '2021-6-18', '4253545565', 'CureTech 3853'),
(4, 'AstraZeneca', '2022-3-14', '2313142915', 'CareMed 7374'),
(6, 'Moderna', '2022-3-12', '5130989695', 'HealthMed 9573'),
(8, 'AstraZeneca', '2020-3-8', '9815394931', 'VitaResearch 8583'),
(7, 'Moderna', '2021-1-24', '8108067175', 'VitaLab 1128'),
(7, 'AstraZeneca', '2020-11-26', '5317221484', 'CureMed 6202'),
(7, 'Pfizer', '2022-7-12', '4105120722', 'LifeHealthcare 0426'),
(8, 'AstraZeneca', '2023-9-24', '8732451178', 'PharmaPharmaTech 3704'),
(1, 'AstraZeneca', '2020-2-2', '9560146080', 'CureMed 6202'),
(2, 'Johnson & Johnson', '2023-4-23', '9514297250', 'VitaResearch 8583'),
(2, 'AstraZeneca', '2020-3-11', '4105120722', 'HealthBioTech 3206'),
(1, 'AstraZeneca', '2021-7-5', '9833183402', 'PharmaPharmaTech 3704'),
(8, 'Moderna', '2020-8-13', '9450919615', 'CureTech 3853'),
(4, 'Johnson & Johnson', '2022-8-19', '7503673604', 'TheraBioTech 4472'),
(6, 'Pfizer', '2023-4-2', '6550325953', 'MediTech 3364'),
(3, 'Johnson & Johnson', '2021-3-20', '1541793810', 'VitaLab 1128'),
(6, 'Johnson & Johnson', '2021-7-22', '0494951070', 'HealthBioTech 3206'),
(2, 'AstraZeneca', '2021-2-7', '9815394931', 'HealthMed 9573'),
(2, 'AstraZeneca', '2021-6-13', '1815127725', 'VitaLab 1128'),
(4, 'Johnson & Johnson', '2023-10-9', '0015951031', 'TheraResearch 2891'),
(8, 'Pfizer', '2021-6-5', '9833183402', 'VitaResearch 8583'),
(3, 'AstraZeneca', '2023-7-22', '4105120722', 'VitaLab 1128'),
(6, 'Johnson & Johnson', '2023-6-3', '7691157223', 'CureHealthcare 2917'),
(1, 'Johnson & Johnson', '2021-11-3', '5759325614', 'PharmaPharmaTech 3704'),
(7, 'Moderna', '2021-3-20', '9450919615', 'TheraMed 5831'),
(3, 'Moderna', '2021-9-12', '5379324888', 'PharmaPharmaTech 3704'),
(7, 'Pfizer', '2022-5-21', '5759325614', 'TheraBioTech 4472');

INSERT INTO Schedule VALUES
('2017-11-20', '2023-10-4 16:59:9', '2023-11-27 4:19:28', 'TheraResearch 2891', '5759325614'),
('2017-3-8', '2021-6-27 19:43:28', '2021-10-22 19:21:56', 'CureMed 6202', '1815127725'),
('2020-10-18', '2021-4-23 10:37:29', '2023-11-6 23:16:12', 'TheraTech 2751', '1765053843'),
('2019-2-25', '2020-10-6 15:55:9', '2021-2-25 5:26:52', 'HealthHealthcare 8531', '8732451178'),
('2018-3-22', '2021-7-2 18:35:45', '2021-9-24 15:4:15', 'CurePharmaTech 1857', '8108067175'),
('2023-2-1', '2021-9-12 23:58:55', '2022-7-6 17:9:34', 'PharmaPharm 6616', '5728503003'),
('2023-4-15', '2020-1-24 5:19:40', '2020-8-21 7:48:25', 'TheraMed 5831', '7691157223'),
('2021-3-16', '2023-1-22 13:13:58', '2023-6-23 21:9:5', 'TheraHealthcare 8383', '7503673604'),
('2020-6-6', '2021-9-15 21:15:36', '2022-4-12 16:20:57', 'TheraResearch 2891', '5379324888'),
('2020-5-13', '2023-10-1 8:37:2', '2023-11-17 4:39:30', 'TheraLab 1964', '0015951031'),
('2018-5-6', '2020-1-5 1:26:42', '2020-9-24 8:40:58', 'VitaLab 1128', '9782669143'),
('2019-2-15', '2020-1-2 10:7:1', '2023-7-13 2:30:48', 'TheraMed 5831', '5145476810'),
('2022-3-26', '2021-8-16 3:4:16', '2022-2-1 1:28:45', 'TheraMed 5831', '1541793810'),
('2021-7-13', '2023-3-10 6:33:9', '2023-11-10 8:7:47', 'HealthBioTech 3206', '3971748245'),
('2021-5-13', '2023-4-6 22:29:7', '2023-9-11 2:51:35', 'HealthHealthcare 8531', '7691157223'),
('2020-7-22', '2023-7-18 9:12:51', '2023-9-9 6:28:42', 'VitaBioTech 1282', '5759325614'),
('2021-9-11', '2019-4-4 1:5:25', '2020-6-18 17:16:43', 'CareMed 7374', '9560146080'),
('2022-9-5', '2022-4-10 14:15:12', '2023-4-19 6:45:53', 'CureTech 3853', '1765053843'),
('2018-1-13', '2018-6-4 6:13:57', '2023-6-27 5:34:47', 'HealthResearch 1684', '9452224623'),
('2022-3-20', '2022-9-7 10:20:37', '2023-5-13 20:33:48', 'CareMed 7374', '9514297250'),
('2018-11-3', '2022-3-18 1:51:48', '2022-7-9 21:47:10', 'PharmaPharm 6616', '7503673604'),
('2017-4-1', '2020-7-21 13:47:22', '2022-8-24 20:22:47', 'CureMed 6202', '9052294661'),
('2023-1-25', '2021-5-2 4:52:59', '2021-5-2 22:26:24', 'VitaBioTech 1282', '0520907149'),
('2017-8-27', '2021-11-25 3:58:37', '2023-6-26 13:23:2', 'CareMed 7374', '7575139224'),
('2021-7-13', '2022-8-14 6:20:12', '2023-8-17 8:33:41', 'VitaBioTech 1282', '9052294661'),
('2020-2-18', '2021-8-27 18:13:52', '2023-1-27 2:11:13', 'HealthHealthcare 8531', '1424144427'),
('2020-3-27', '2018-5-17 8:58:29', '2019-8-5 5:7:37', 'TheraHealthcare 8383', '5130989695'),
('2018-6-16', '2022-3-25 9:39:48', '2023-6-27 17:49:10', 'GenResearch 8139', '0015951031'),
('2023-9-17', '2020-3-10 15:8:50', '2023-1-12 10:29:3', 'VitaResearch 8583', '3971748245'),
('2018-2-21', '2023-8-12 1:26:7', '2023-11-20 11:50:58', 'CurePharmaTech 1857', '5145476810');


