INSERT INTO Residence VALUES
('5309 Pine Boulevard', 'Peterborough', 'Nunavut', 'U58 6R8', '2566120479', 4, 'Conduminium'),
('3927 Maple Avenue', 'London', 'Quebec', 'R97 0T0', '5598953581', 6, 'Detached House'),
('6011 Birch Boulevard', 'Moncton', 'Saskatchewan', 'Y95 3T7', '7636452872', 7, 'Apartment'),
('2130 Oak Drive', 'Victoriaville', 'Ontario', 'S87 1O8', '9099004198', 4, 'Detached House'),
('0118 Hickory Court', 'St. John's', 'British Columbia', 'A89 9M8', '4093746075', 5, 'Semi-Detached House'),
('7489 Oak Way', 'Sherbrooke', 'Ontario', 'I49 9D9', '4506551902', 3, 'Apartment'),
('7554 Elm Way', 'Toronto', 'Manitoba', 'W39 1Y6', '6387965934', 4, 'Conduminium'),
('0968 Cedar Circle', 'St. Albert', 'Quebec', 'L56 2W9', '9703856798', 5, 'Semi-Detached House'),
('3396 Willow Boulevard', 'Brandon', 'Alberta', 'A65 4O2', '6275397057', 7, 'Conduminium'),
('9536 Birch Street', 'Calgary', 'Newfoundland and Labrador', 'C79 4R6', '9349898353', 1, 'Detached House'),
('9918 Oak Boulevard', 'Oshawa', 'Northwest Territories', 'J98 6U0', '9743353355', 2, 'Conduminium'),
('6478 Cedar Drive', 'White Rock', 'Nunavut', 'X85 0P3', '4523332745', 3, 'Conduminium'),
('0857 Spruce Court', 'Kelowna', 'Quebec', 'T93 4O5', '5786301680', 5, 'Semi-Detached House'),
('5587 Spruce Street', 'Quebec City', 'Nova Scotia', 'B45 7S3', '6314770836', 6, 'Semi-Detached House'),
('2325 Willow Terrace', 'Halifax', 'Nova Scotia', 'G96 2O0', '6837943586', 7, 'Conduminium'),
('0753 Spruce Circle', 'Victoria', 'Quebec', 'H20 0M3', '2140847161', 4, 'Detached House'),
('4609 Maple Lane', 'Lethbridge', 'Ontario', 'W84 6A6', '3144938281', 1, 'Detached House'),
('0425 Pine Court', 'Montreal', 'Northwest Territories', 'J12 9M1', '3309369138', 1, 'Conduminium'),
('8702 Elm Terrace', 'Guelph', 'Newfoundland and Labrador', 'R11 7N9', '9501062267', 4, 'Detached House'),
('1885 Birch Terrace', 'Trois-Rivières', 'British Columbia', 'Z38 7B9', '4949143561', 1, 'Apartment'),
('5626 Hickory Lane', 'Norfolk County', 'Ontario', 'N69 5G9', '7217856560', 7, 'Semi-Detached House'),
('6895 Willow Way', 'Abbotsford', 'Newfoundland and Labrador', 'X24 0H9', '5619185653', 1, 'Detached House'),
('1582 Birch Road', 'Saint-Hyacinthe', 'Alberta', 'M02 1Y5', '2679450407', 5, 'Apartment'),
('3921 Cedar Terrace', 'Mirabel', 'Ontario', 'X40 2S1', '4668390252', 6, 'Apartment'),
('5067 Elm Circle', 'Newmarket', 'Saskatchewan', 'M51 2I1', '2170083194', 6, 'Apartment'),
('3556 Oak Court', 'Saint John', 'Quebec', 'H04 3U6', '6073595916', 1, 'Semi-Detached House'),
('0801 Birch Drive', 'Drummondville', 'Manitoba', 'L57 2R4', '4565174540', 1, 'Conduminium'),
('9312 Hickory Avenue', 'Winnipeg', 'Prince Edward Island', 'V64 6D5', '9907764957', 2, 'Semi-Detached House'),
('1602 Maple Way', 'North Bay', 'Prince Edward Island', 'A49 5U6', '2058053986', 4, 'Apartment'),
('2139 Magnolia Boulevard', 'Cornwall', 'Prince Edward Island', 'H10 1T4', '5363772268', 7, 'Semi-Detached House');

INSERT INTO Person VALUES
('1768649924', 'Benjamin', 'Turner', '1946-10-17', 'T950377305', '2912902298', 'Canadian', 'benjaminturner97@gmail.com', '6478 Cedar Drive'),
('4214529930', 'James', 'Martinez', '2020-1-6', 'F538716307', '5627232165', 'Canadian', 'jamesmartinez23@gmail.com', '7554 Elm Way'),
('9683842976', 'Sebastian', 'Clark', '1966-1-21', 'S154275528', '8465899003', 'Canadian', 'sebastianclark45@gmail.com', '5587 Spruce Street'),
('7157482213', 'Jackson', 'Carter', '1956-9-10', 'N290854191', '5151902374', 'Canadian', 'jacksoncarter34@gmail.com', '4609 Maple Lane'),
('0929293891', 'Evelyn', 'Taylor', '1960-3-19', 'F447129239', '5395744044', 'Canadian', 'evelyntaylor74@gmail.com', '7554 Elm Way'),
('3023306630', 'Liam', 'Adams', '1980-10-1', 'P632176494', '2275529983', 'Canadian', 'liamadams53@gmail.com', '2130 Oak Drive'),
('6452500064', 'James', 'Roberts', '2023-5-11', 'X152632421', '2819050175', 'Canadian', 'jamesroberts70@gmail.com', '0118 Hickory Court'),
('3820460476', 'Avery', 'Scott', '1950-7-8', 'X732445461', '8234055932', 'Canadian', 'averyscott90@gmail.com', '2130 Oak Drive'),
('1727970288', 'Sebastian', 'Adams', '1979-10-19', 'B273014846', '4271036727', 'Canadian', 'sebastianadams10@gmail.com', '1582 Birch Road'),
('8212545429', 'Samuel', 'Allen', '2022-2-26', 'Z128473994', '5417055267', 'Canadian', 'samuelallen75@gmail.com', '8702 Elm Terrace'),
('8088351760', 'Matthew', 'Allen', '2021-5-7', 'N883511719', '9773323271', 'Canadian', 'matthewallen62@gmail.com', '2130 Oak Drive'),
('8554337026', 'Jackson', 'Clark', '1956-1-22', 'Q717353005', '5753367632', 'Canadian', 'jacksonclark25@gmail.com', '0425 Pine Court'),
('0986917709', 'Avery', 'Allen', '1989-7-23', 'P171880700', '7184766786', 'Canadian', 'averyallen05@gmail.com', '7554 Elm Way'),
('9749773074', 'David', 'White', '2022-4-18', 'U999625018', '3163987356', 'Canadian', 'davidwhite84@gmail.com', '0753 Spruce Circle'),
('2583807706', 'Chloe', 'Carter', '1982-2-18', 'B607379342', '6307518286', 'Canadian', 'chloecarter97@gmail.com', '7554 Elm Way'),
('0166834476', 'Noah', 'Nelson', '2017-7-17', 'X656628012', '2971424209', 'Canadian', 'noahnelson89@gmail.com', '0968 Cedar Circle'),
('1121694177', 'Mason', 'White', '1988-7-3', 'H534924448', '2632649438', 'Canadian', 'masonwhite30@gmail.com', '9312 Hickory Avenue'),
('4960426267', 'Charlotte', 'Anderson', '1947-1-7', 'H297198651', '8869001216', 'Canadian', 'charlotteanderson64@gmail.com', '4609 Maple Lane'),
('3311929375', 'Jacob', 'Allen', '2019-4-24', 'G667578239', '2073348855', 'Canadian', 'jacoballen17@gmail.com', '9312 Hickory Avenue'),
('1653256150', 'Scarlett', 'Smith', '1974-6-11', 'H323075996', '7081676199', 'Canadian', 'scarlettsmith99@gmail.com', '0801 Birch Drive'),
('4479384689', 'Carter', 'Clark', '1958-3-25', 'B163445073', '6343828838', 'Canadian', 'carterclark49@gmail.com', '9536 Birch Street'),
('2170250133', 'James', 'Green', '1982-11-19', 'I620452907', '4984218587', 'Canadian', 'jamesgreen50@gmail.com', '9918 Oak Boulevard'),
('0336614884', 'Lucas', 'Hernandez', '1997-11-19', 'D141489349', '9279542383', 'Canadian', 'lucashernandez22@gmail.com', '3396 Willow Boulevard'),
('3414023759', 'Sofia', 'Campbell', '1950-8-16', 'T233938714', '7123850765', 'Canadian', 'sofiacampbell85@gmail.com', '3921 Cedar Terrace'),
('9595894091', 'Oliver', 'Scott', '2005-6-22', 'R338433868', '4559555074', 'Canadian', 'oliverscott95@gmail.com', '3396 Willow Boulevard'),
('3437668002', 'Samuel', 'Adams', '1990-4-13', 'L941793325', '4252426535', 'Canadian', 'samueladams12@gmail.com', '0425 Pine Court'),
('7338360824', 'Mia', 'Hill', '1995-1-9', 'D989536979', '8101629613', 'Canadian', 'miahill08@gmail.com', '4609 Maple Lane'),
('6130173253', 'Elijah', 'Scott', '2004-4-19', 'E407344671', '4013474414', 'Canadian', 'elijahscott75@gmail.com', '0857 Spruce Court'),
('4364073471', 'Oliver', 'Adams', '2005-6-8', 'W293121717', '6651144320', 'Canadian', 'oliveradams48@gmail.com', '0425 Pine Court'),
('1164816688', 'Aiden', 'Moore', '1999-1-7', 'O586770744', '3644600024', 'Canadian', 'aidenmoore18@gmail.com', '5587 Spruce Street'),
('2609236790', 'Mila', 'Clark', '1964-6-22', 'Y224176717', '9010123085', 'Canadian', 'milaclark64@gmail.com', '5587 Spruce Street'),
('9996723282', 'Noah', 'Hernandez', '1958-10-18', 'V357591660', '2466020159', 'Canadian', 'noahhernandez62@gmail.com', '0753 Spruce Circle'),
('8673955540', 'Sophia', 'Jackson', '1961-9-12', 'E025826219', '8801643303', 'Canadian', 'sophiajackson22@gmail.com', '5309 Pine Boulevard'),
('7237305225', 'Mason', 'Roberts', '1970-11-4', 'P062496711', '9742121871', 'Canadian', 'masonroberts80@gmail.com', '7489 Oak Way'),
('0568191437', 'Henry', 'Robinson', '2015-2-16', 'Q324826912', '3454388782', 'Canadian', 'henryrobinson99@gmail.com', '4609 Maple Lane'),
('0312248848', 'Isabella', 'Taylor', '1986-1-11', 'C766877792', '8925389446', 'Canadian', 'isabellataylor54@gmail.com', '9536 Birch Street'),
('9685110607', 'Olivia', 'Perez', '1954-1-2', 'N761371476', '6907270916', 'Canadian', 'oliviaperez92@gmail.com', '1885 Birch Terrace'),
('0226695190', 'Michael', 'Martinez', '1943-9-9', 'A034214333', '3858710050', 'Canadian', 'michaelmartinez51@gmail.com', '3921 Cedar Terrace'),
('7293103275', 'Logan', 'Edwards', '2008-4-18', 'Y641400013', '7262920352', 'Canadian', 'loganedwards21@gmail.com', '5626 Hickory Lane'),
('4853824076', 'Ava', 'Williams', '1988-2-10', 'S355046864', '5537903064', 'Canadian', 'avawilliams74@gmail.com', '5067 Elm Circle'),
('7777504584', 'Daniel', 'Parker', '1952-11-5', 'S837102714', '5407044943', 'Canadian', 'danielparker97@gmail.com', '5309 Pine Boulevard'),
('9516647205', 'Noah', 'Williams', '2020-4-9', 'I909627620', '3887633738', 'Canadian', 'noahwilliams77@gmail.com', '8702 Elm Terrace'),
('4516065842', 'Sofia', 'Thompson', '1957-4-1', 'C422960803', '8132603532', 'Canadian', 'sofiathompson90@gmail.com', '3396 Willow Boulevard'),
('2311515668', 'Ethan', 'Green', '1984-4-18', 'K004543422', '5924290773', 'Canadian', 'ethangreen35@gmail.com', '0801 Birch Drive'),
('9378707943', 'Emma', 'Hall', '1999-3-16', 'V319428408', '4587949506', 'Canadian', 'emmahall57@gmail.com', '0425 Pine Court'),
('5707978926', 'Liam', 'Nelson', '1947-5-19', 'C099357326', '8180699084', 'Canadian', 'liamnelson16@gmail.com', '5626 Hickory Lane'),
('6801878106', 'Victoria', 'Walker', '1950-7-7', 'T535464001', '6497155757', 'Canadian', 'victoriawalker02@gmail.com', '0857 Spruce Court'),
('5429236340', 'Emily', 'Young', '2000-8-25', 'G018288276', '5895917331', 'Canadian', 'emilyyoung62@gmail.com', '3396 Willow Boulevard'),
('7493335717', 'Mason', 'Hernandez', '1997-2-9', 'L751396766', '9276451400', 'Canadian', 'masonhernandez82@gmail.com', '0425 Pine Court'),
('3041910923', 'Michael', 'Jones', '1982-3-20', 'S344456865', '4424003101', 'Canadian', 'michaeljones81@gmail.com', '0425 Pine Court'),
('5161242648', 'Charlotte', 'Jones', '2017-9-1', 'E478802504', '9834093742', 'Canadian', 'charlottejones08@gmail.com', '9918 Oak Boulevard'),
('0291606248', 'Elijah', 'Nelson', '2018-9-23', 'K470278462', '2195435072', 'Canadian', 'elijahnelson14@gmail.com', '3927 Maple Avenue'),
('5737098225', 'Jacob', 'Hill', '1982-8-4', 'S030681385', '7539466750', 'Canadian', 'jacobhill50@gmail.com', '0857 Spruce Court'),
('2410168464', 'Scarlett', 'Lewis', '1981-8-26', 'B471497290', '6030992779', 'Canadian', 'scarlettlewis97@gmail.com', '6011 Birch Boulevard'),
('8440731087', 'Ava', 'Turner', '1987-1-2', 'B082379130', '6721222974', 'Canadian', 'avaturner04@gmail.com', '7489 Oak Way'),
('0851598690', 'Mia', 'Taylor', '2003-1-7', 'T436995777', '2119080771', 'Canadian', 'miataylor61@gmail.com', '0118 Hickory Court'),
('2498777952', 'Henry', 'Green', '2006-11-26', 'K232417768', '2438842228', 'Canadian', 'henrygreen25@gmail.com', '5067 Elm Circle'),
('2249697908', 'Michael', 'Hernandez', '2013-6-11', 'M106684630', '3018790751', 'Canadian', 'michaelhernandez33@gmail.com', '1582 Birch Road'),
('5416528092', 'Harper', 'Smith', '1983-8-16', 'C693019940', '7839391136', 'Canadian', 'harpersmith27@gmail.com', '3921 Cedar Terrace'),
('0178655126', 'Henry', 'Nelson', '1965-9-19', 'T940225792', '8083251179', 'Canadian', 'henrynelson48@gmail.com', '0753 Spruce Circle'),
('0012641558', 'Aiden', 'Hill', '2002-6-27', 'F822525082', '3864648608', 'Canadian', 'aidenhill39@gmail.com', '0968 Cedar Circle'),
('4760671204', 'Samuel', 'Davis', '1988-7-25', 'G581624293', '2345100203', 'Canadian', 'samueldavis65@gmail.com', '9536 Birch Street'),
('7251279355', 'Evelyn', 'Martinez', '1978-5-27', 'N369677428', '7612992515', 'Canadian', 'evelynmartinez23@gmail.com', '0968 Cedar Circle'),
('7109933575', 'Abigail', 'Young', '1976-7-23', 'D985749723', '5540811225', 'Canadian', 'abigailyoung06@gmail.com', '7489 Oak Way'),
('0316444483', 'Evelyn', 'Smith', '2001-1-13', 'K429575935', '3860586163', 'Canadian', 'evelynsmith49@gmail.com', '5067 Elm Circle'),
('9277508073', 'Liam', 'Carter', '1948-10-7', 'V655646341', '4378964684', 'Canadian', 'liamcarter21@gmail.com', '5626 Hickory Lane'),
('7317020019', 'Abigail', 'Johnson', '2014-8-1', 'H272331744', '5488967369', 'Canadian', 'abigailjohnson41@gmail.com', '5626 Hickory Lane'),
('2765872939', 'Riley', 'Hall', '2021-1-14', 'Y174503420', '2502495158', 'Canadian', 'rileyhall26@gmail.com', '9312 Hickory Avenue'),
('1754265212', 'Jackson', 'White', '1964-7-7', 'E549406254', '2698535304', 'Canadian', 'jacksonwhite97@gmail.com', '1602 Maple Way'),
('3671617302', 'Mila', 'White', '1995-9-4', 'E781397159', '4392936039', 'Canadian', 'milawhite83@gmail.com', '2130 Oak Drive'),
('4679302491', 'Jackson', 'Johnson', '1950-10-27', 'Y858797433', '5149316216', 'Canadian', 'jacksonjohnson44@gmail.com', '5587 Spruce Street'),
('7435089385', 'Avery', 'Miller', '1966-11-5', 'F050398836', '6452706347', 'Canadian', 'averymiller53@gmail.com', '7554 Elm Way'),
('8816040817', 'Benjamin', 'Mitchell', '1968-10-8', 'T176545079', '5335486120', 'Canadian', 'benjaminmitchell87@gmail.com', '1582 Birch Road'),
('6218323304', 'James', 'Jones', '1978-5-10', 'H211203317', '4213116092', 'Canadian', 'jamesjones16@gmail.com', '5309 Pine Boulevard'),
('5165817444', 'Joseph', 'Turner', '2014-9-16', 'B641068106', '8596108026', 'Canadian', 'josephturner90@gmail.com', '5309 Pine Boulevard'),
('5145872150', 'Charlotte', 'Garcia', '2009-3-17', 'I580815970', '2808938203', 'Canadian', 'charlottegarcia99@gmail.com', '5587 Spruce Street'),
('1143620706', 'Joseph', 'Nelson', '2018-11-16', 'Q588119341', '5664320430', 'Canadian', 'josephnelson07@gmail.com', '3921 Cedar Terrace'),
('0387460818', 'Mia', 'Young', '2000-1-7', 'E882088096', '7153254284', 'Canadian', 'miayoung21@gmail.com', '9312 Hickory Avenue'),
('0263704911', 'Benjamin', 'Wilson', '1983-4-2', 'B374992235', '5041702152', 'Canadian', 'benjaminwilson91@gmail.com', '7489 Oak Way'),
('0290681863', 'Logan', 'Miller', '1988-6-18', 'R817059718', '4759556568', 'Canadian', 'loganmiller81@gmail.com', '0968 Cedar Circle'),
('7350520124', 'Amelia', 'Davis', '1953-10-3', 'B107308135', '5914030062', 'Canadian', 'ameliadavis71@gmail.com', '0968 Cedar Circle'),
('7441103604', 'Noah', 'Jones', '1976-3-2', 'I581179332', '7170491500', 'Canadian', 'noahjones41@gmail.com', '0753 Spruce Circle'),
('6610910410', 'Aria', 'Lee', '2002-4-15', 'Z163171357', '6006767880', 'Canadian', 'arialee52@gmail.com', '8702 Elm Terrace'),
('4772531008', 'Victoria', 'King', '2004-3-22', 'V951144728', '9848803479', 'Canadian', 'victoriaking90@gmail.com', '6011 Birch Boulevard'),
('1100054792', 'David', 'Williams', '2021-3-21', 'R586479623', '8841585853', 'Canadian', 'davidwilliams50@gmail.com', '3556 Oak Court'),
('9559971000', 'Lily', 'Williams', '1964-11-10', 'X818687562', '3022376382', 'Canadian', 'lilywilliams21@gmail.com', '9536 Birch Street'),
('7810921070', 'Emily', 'Garcia', '2005-9-18', 'H437523060', '7699879602', 'Canadian', 'emilygarcia34@gmail.com', '4609 Maple Lane'),
('2805276071', 'Ava', 'Baker', '1949-4-27', 'R171386525', '7678408603', 'Canadian', 'avabaker67@gmail.com', '8702 Elm Terrace'),
('0121447453', 'Aria', 'Young', '2023-7-3', 'A480026155', '6487486060', 'Canadian', 'ariayoung76@gmail.com', '0857 Spruce Court'),
('5850472546', 'Benjamin', 'Thompson', '1983-3-11', 'W064859819', '3541760999', 'Canadian', 'benjaminthompson33@gmail.com', '9536 Birch Street'),
('1139752157', 'Avery', 'Walker', '2001-9-22', 'X164677158', '5350725924', 'Canadian', 'averywalker45@gmail.com', '9918 Oak Boulevard'),
('1218937515', 'Matthew', 'Hill', '1994-3-9', 'Y609527389', '9637879072', 'Canadian', 'matthewhill56@gmail.com', '4609 Maple Lane'),
('3541244449', 'David', 'Wright', '1949-1-18', 'A927488598', '6811785612', 'Canadian', 'davidwright07@gmail.com', '9312 Hickory Avenue'),
('0625144948', 'Sebastian', 'White', '1999-9-14', 'Y820961568', '7215992173', 'Canadian', 'sebastianwhite90@gmail.com', '0118 Hickory Court'),
('5665277154', 'Mia', 'Hall', '2004-6-19', 'E520664125', '2254775521', 'Canadian', 'miahall62@gmail.com', '0857 Spruce Court'),
('3689462812', 'David', 'Clark', '2015-8-3', 'Z873437803', '7557881667', 'Canadian', 'davidclark65@gmail.com', '0753 Spruce Circle'),
('6559077516', 'Emma', 'Young', '1978-9-14', 'S488458339', '8732539335', 'Canadian', 'emmayoung97@gmail.com', '5309 Pine Boulevard'),
('5872735596', 'Sofia', 'Allen', '1978-5-25', 'B506642640', '6616319687', 'Canadian', 'sofiaallen97@gmail.com', '7554 Elm Way'),
('2584709956', 'Amelia', 'Gonzalez', '2022-6-25', 'U646076069', '7567795636', 'Canadian', 'ameliagonzalez51@gmail.com', '6011 Birch Boulevard'),
('4487949283', 'Olivia', 'Allen', '1946-1-23', 'Z554667889', '3160863011', 'Canadian', 'oliviaallen97@gmail.com', '1582 Birch Road');

INSERT INTO Employee VALUES
('3023306630', 'Security Personnel'),
('2249697908', 'Receptionist'),
('1164816688', 'Doctor'),
('6130173253', 'Security Personnel'),
('9559971000', 'Pharmacist'),
('1218937515', 'Regular Employee'),
('1121694177', 'Security Personnel'),
('9685110607', 'Pharmacist'),
('7777504584', 'Cashier'),
('0312248848', 'Regular Employee'),
('5416528092', 'Pharmacist'),
('8088351760', 'Security Personnel'),
('2584709956', 'Cashier'),
('3820460476', 'Cashier'),
('7293103275', 'Receptionist'),
('6218323304', 'Pharmacist'),
('8212545429', 'Pharmacist'),
('0121447453', 'Receptionist'),
('0263704911', 'Administrative Personnel'),
('5165817444', 'Nurse'),
('9996723282', 'Cashier'),
('0568191437', 'Receptionist'),
('4853824076', 'Administrative Personnel'),
('1653256150', 'Nurse'),
('1143620706', 'Regular Employee'),
('3541244449', 'Security Personnel'),
('6559077516', 'Cashier'),
('3689462812', 'Doctor'),
('4479384689', 'Regular Employee'),
('7493335717', 'Administrative Personnel');

INSERT INTO Facility VALUES
('CurePharm', 'Pine Lane', 'Halifax', 'S69 9Q5', '9626938465', 'www.curepharm776.org', 'CLSC', 545, '4853824076'),
('BioPharm', 'Hickory Terrace', 'St. John's', 'P34 4J1', '2333912800', 'www.biopharm463.org', 'CLSC', 238, '2584709956'),
('MediPharm', 'Spruce Drive', 'Saint-Hyacinthe', 'Y39 4B7', '7767912012', 'www.medipharm428.org', 'Pharmacy', 874, '8088351760'),
('CureMed', 'Pine Way', 'Saint John', 'R65 9J6', '8325699666', 'www.curemed608.org', 'Pharmacy', 224, '1121694177'),
('TheraMed', 'Oak Circle', 'Cornwall', 'T09 0O7', '8781857056', 'www.theramed951.org', 'Clinic', 299, '1653256150'),
('GenMed', 'Magnolia Court', 'Regina', 'W00 1O4', '2054832394', 'www.genmed304.org', 'Pharmacy', 629, '8212545429'),
('VitaTech', 'Birch Street', 'Kingston', 'P48 7J4', '8501982037', 'www.vitatech237.org', 'Hospital', 291, '0312248848'),
('CurePharmaCare', 'Birch Lane', 'St. Albert', 'X44 5A3', '7096433906', 'www.curepharmacare248.org', 'Hospital', 341, '4479384689'),
('TheraPharmaTech', 'Hickory Circle', 'London', 'I22 6A5', '5998196686', 'www.therapharmatech315.org', 'Special Instalment', 381, '1164816688'),
('VitaLab', 'Oak Boulevard', 'Moncton', 'P00 9Z9', '4807429306', 'www.vitalab995.org', 'Hospital', 370, '1143620706'),
('GenSolutions', 'Birch Boulevard', 'Victoria', 'Z65 5L4', '7951577528', 'www.gensolutions394.org', 'CLSC', 443, '6130173253'),
('PharmaLab', 'Elm Street', 'Vancouver', 'N69 7W5', '2833424754', 'www.pharmalab472.org', 'CLSC', 636, '9996723282'),
('BioLab', 'Magnolia Boulevard', 'Chicoutimi', 'K92 7T5', '6620131851', 'www.biolab377.org', 'Pharmacy', 388, '9685110607'),
('MediTech', 'Spruce Way', 'Barrie', 'P22 7L7', '8493462469', 'www.meditech669.org', 'CLSC', 939, '9559971000'),
('MediHealthcare', 'Maple Drive', 'Windsor', 'S06 4J0', '6981891020', 'www.medihealthcare798.org', 'Special Instalment', 139, '3689462812'),
('LifeLab', 'Hickory Drive', 'Drummondville', 'M45 4Y2', '7796019879', 'www.lifelab352.org', 'Special Instalment', 280, '0263704911'),
('LifeMed', 'Spruce Court', 'Medicine Hat', 'Y52 9Y5', '8499591563', 'www.lifemed452.org', 'Special Instalment', 135, '1653256150'),
('MediMed', 'Maple Lane', 'Sherbrooke', 'M57 8O4', '8663078058', 'www.medimed721.org', 'Clinic', 611, '6218323304'),
('VitaSolutions', 'Hickory Court', 'Edmonton', 'T46 4H6', '7123160498', 'www.vitasolutions268.org', 'Clinic', 579, '4479384689'),
('LifeTech', 'Willow Boulevard', 'Oshawa', 'O77 9U8', '5645415728', 'www.lifetech479.org', 'Special Instalment', 371, '6130173253'),
('BioTech', 'Elm Drive', 'Abbotsford', 'C84 1N1', '6883700492', 'www.biotech905.org', 'Special Instalment', 791, '6218323304'),
('HealthResearch', 'Willow Road', 'Newmarket', 'O50 0S4', '4160464114', 'www.healthresearch038.org', 'Special Instalment', 817, '1164816688'),
('VitaMed', 'Pine Circle', 'Toronto', 'P80 7I0', '3707448434', 'www.vitamed591.org', 'CLSC', 216, '9685110607'),
('PharmaHealthcare', 'Willow Street', 'Fredericton', 'F91 2U7', '3834284693', 'www.pharmahealthcare142.org', 'Hospital', 34, '0312248848'),
('BioHealthcare', 'Hickory Way', 'Lethbridge', 'T30 8E7', '2430018512', 'www.biohealthcare089.org', 'Clinic', 280, '3820460476');

INSERT INTO Works_at VALUES
('1121694177', 'HealthResearch', '2021-5-23', '2021-9-24'),
('8088351760', 'VitaTech', '2020-4-12', 'NULL'),
('1653256150', 'MediHealthcare', '2015-1-23', '2021-11-22'),
('2249697908', 'VitaSolutions', '2016-4-23', '2020-1-14'),
('2249697908', 'PharmaHealthcare', '2018-7-3', 'NULL'),
('3820460476', 'GenMed', '2021-11-17', 'NULL'),
('0312248848', 'PharmaHealthcare', '2020-2-26', '2020-6-5'),
('7293103275', 'TheraMed', '2021-8-2', 'NULL'),
('1143620706', 'MediHealthcare', '2021-6-15', 'NULL'),
('1143620706', 'CurePharm', '2016-4-27', '2023-4-10'),
('1121694177', 'MediTech', '2015-7-13', 'NULL'),
('0312248848', 'HealthResearch', '2020-7-5', '2021-8-21'),
('4853824076', 'TheraPharmaTech', '2018-9-6', 'NULL'),
('9996723282', 'GenMed', '2021-2-16', 'NULL'),
('1653256150', 'VitaMed', '2023-7-1', '2023-9-10'),
('4479384689', 'VitaTech', '2018-9-18', '2020-6-13'),
('8088351760', 'MediHealthcare', '2015-3-24', 'NULL'),
('0568191437', 'CureMed', '2015-11-17', 'NULL'),
('6218323304', 'BioTech', '2015-7-13', 'NULL'),
('6130173253', 'GenMed', '2023-10-22', 'NULL'),
('9559971000', 'BioLab', '2022-7-20', '2023-6-19'),
('5416528092', 'TheraPharmaTech', '2022-11-15', 'NULL'),
('4479384689', 'BioPharm', '2023-2-5', '2023-11-25'),
('1143620706', 'VitaMed', '2015-3-6', 'NULL'),
('1218937515', 'VitaSolutions', '2015-6-23', '2019-4-6'),
('9685110607', 'CurePharmaCare', '2015-1-27', 'NULL'),
('6559077516', 'BioTech', '2018-1-18', '2020-9-2'),
('2584709956', 'GenMed', '2019-1-8', 'NULL'),
('9559971000', 'GenSolutions', '2015-10-25', '2018-2-13'),
('1121694177', 'TheraMed', '2019-5-16', 'NULL'),
('0568191437', 'VitaSolutions', '2021-9-18', 'NULL'),
('0312248848', 'HealthResearch', '2017-9-14', 'NULL'),
('0568191437', 'LifeTech', '2017-4-6', 'NULL'),
('2249697908', 'LifeTech', '2020-9-25', 'NULL'),
('1121694177', 'TheraMed', '2018-8-16', '2022-9-26'),
('1218937515', 'VitaLab', '2016-7-27', '2022-7-8'),
('2584709956', 'LifeTech', '2016-4-12', '2022-7-19'),
('3820460476', 'MediPharm', '2019-8-19', 'NULL'),
('0121447453', 'CurePharmaCare', '2016-2-11', '2022-9-14'),
('7293103275', 'VitaTech', '2016-10-13', 'NULL'),
('6130173253', 'VitaMed', '2015-1-3', 'NULL'),
('8088351760', 'MediHealthcare', '2019-1-15', 'NULL'),
('1121694177', 'PharmaHealthcare', '2018-3-6', '2019-8-12'),
('3541244449', 'VitaLab', '2023-11-9', 'NULL'),
('5416528092', 'MediTech', '2023-8-20', 'NULL');

INSERT INTO lives_in VALUES
('6011 Birch Boulevard', '3041910923', '2022-2-12'),
('2325 Willow Terrace', '7237305225', '2023-5-12'),
('0753 Spruce Circle', '0290681863', '2015-4-16'),
('3927 Maple Avenue', '9559971000', '2021-5-8'),
('0968 Cedar Circle', '6801878106', '2023-3-23'),
('2325 Willow Terrace', '0387460818', '2022-9-22'),
('2130 Oak Drive', '2609236790', '2019-7-12'),
('7554 Elm Way', '0012641558', '2021-6-23'),
('2325 Willow Terrace', '8440731087', '2021-2-10'),
('1885 Birch Terrace', '3820460476', '2021-10-7'),
('5067 Elm Circle', '9595894091', '2023-2-4'),
('5067 Elm Circle', '5872735596', '2018-1-10'),
('6478 Cedar Drive', '2498777952', '2023-4-24'),
('6895 Willow Way', '7777504584', '2016-8-19'),
('5309 Pine Boulevard', '0226695190', '2023-4-13'),
('7554 Elm Way', '2765872939', '2019-8-14'),
('0753 Spruce Circle', '1100054792', '2021-3-7'),
('3556 Oak Court', '4960426267', '2015-2-5'),
('0425 Pine Court', '5429236340', '2018-10-27'),
('9536 Birch Street', '0121447453', '2015-1-18'),
('7489 Oak Way', '3820460476', '2021-11-16'),
('0425 Pine Court', '0625144948', '2018-5-5'),
('3927 Maple Avenue', '6801878106', '2018-4-7'),
('0857 Spruce Court', '5165817444', '2018-10-12'),
('9918 Oak Boulevard', '7338360824', '2021-3-26'),
('9918 Oak Boulevard', '5161242648', '2022-1-8'),
('3556 Oak Court', '3820460476', '2016-9-4'),
('2325 Willow Terrace', '4853824076', '2019-5-1'),
('7554 Elm Way', '1164816688', '2018-9-12'),
('0801 Birch Drive', '2583807706', '2022-5-27'),
('1885 Birch Terrace', '3311929375', '2023-4-3'),
('0118 Hickory Court', '9378707943', '2017-8-22'),
('0753 Spruce Circle', '2609236790', '2015-10-22'),
('4609 Maple Lane', '8673955540', '2018-10-16'),
('1885 Birch Terrace', '6559077516', '2021-6-23'),
('5626 Hickory Lane', '1143620706', '2021-6-14'),
('3396 Willow Boulevard', '9996723282', '2016-9-23'),
('0425 Pine Court', '2583807706', '2020-4-12'),
('9312 Hickory Avenue', '6559077516', '2019-4-13'),
('3556 Oak Court', '3041910923', '2017-8-23'),
('7554 Elm Way', '2609236790', '2020-7-20'),
('1885 Birch Terrace', '3414023759', '2016-3-2'),
('0118 Hickory Court', '5429236340', '2019-11-6'),
('2130 Oak Drive', '5165817444', '2023-9-11'),
('1885 Birch Terrace', '5707978926', '2022-3-9'),
('3556 Oak Court', '5165817444', '2016-9-2'),
('7489 Oak Way', '4760671204', '2022-5-26'),
('6478 Cedar Drive', '7350520124', '2017-9-9'),
('2130 Oak Drive', '4479384689', '2015-1-18'),
('2130 Oak Drive', '0851598690', '2017-10-12');

INSERT INTO lives_with VALUES
('0121447453', '0986917709', 'Roommate'),
('6130173253', '1768649924', 'Partner'),
('6130173253', '4960426267', 'Descendent'),
('1164816688', '3671617302', 'Partner'),
('3541244449', '9749773074', 'Roommate'),
('2249697908', '9683842976', 'Descendent'),
('6130173253', '4679302491', 'Roommate'),
('6559077516', '0291606248', 'Roommate'),
('2249697908', '5850472546', 'Partner'),
('7777504584', '3041910923', 'Partner'),
('7777504584', '7237305225', 'Roommate'),
('5165817444', '8212545429', 'Parent'),
('6218323304', '4679302491', 'Descendent'),
('5416528092', '2609236790', 'Descendent'),
('1143620706', '3820460476', 'Descendent'),
('9996723282', '7317020019', 'Descendent'),
('5416528092', '2249697908', 'Roommate'),
('0312248848', '6559077516', 'Partner'),
('0312248848', '6452500064', 'Partner'),
('1653256150', '8816040817', 'Descendent'),
('8088351760', '5145872150', 'Parent'),
('1164816688', '2170250133', 'Parent'),
('4853824076', '3689462812', 'Descendent'),
('2249697908', '2583807706', 'Partner'),
('6130173253', '7251279355', 'Partner'),
('9559971000', '7441103604', 'Descendent'),
('3689462812', '5665277154', 'Roommate'),
('0263704911', '8554337026', 'Parent'),
('1164816688', '5872735596', 'Parent'),
('4853824076', '1164816688', 'Roommate'),
('9996723282', '9683842976', 'Partner'),
('9685110607', '0625144948', 'Parent'),
('8212545429', '9749773074', 'Partner'),
('2584709956', '1121694177', 'Parent'),
('9559971000', '3671617302', 'Roommate'),
('1164816688', '7317020019', 'Descendent'),
('3689462812', '2765872939', 'Descendent'),
('7293103275', '0312248848', 'Parent'),
('5416528092', '9516647205', 'Partner'),
('3689462812', '7251279355', 'Parent'),
('8088351760', '8440731087', 'Parent'),
('1143620706', '4760671204', 'Roommate'),
('8088351760', '2498777952', 'Parent'),
('2584709956', '0291606248', 'Partner'),
('7293103275', '0929293891', 'Roommate'),
('6130173253', '8554337026', 'Roommate'),
('2249697908', '0568191437', 'Parent'),
('5416528092', '7493335717', 'Parent'),
('8088351760', '0121447453', 'Descendent'),
('9685110607', '0851598690', 'Parent');

INSERT INTO Infection VALUES
('2023-3-10', 'SARS-Cov-2 Variant', 11, '0568191437'),
('2022-9-1', 'Other', 6, '6610910410'),
('2020-10-8', 'COVID-19', 10, '0929293891'),
('2020-1-26', 'Other', 9, '1768649924'),
('2022-9-21', 'Other', 3, '9378707943'),
('2023-9-24', 'Other', 12, '2609236790'),
('2022-4-25', 'COVID-19', 1, '1121694177'),
('2023-5-26', 'COVID-19', 3, '0166834476'),
('2023-4-2', 'Other', 13, '2170250133'),
('2021-8-26', 'SARS-Cov-2 Variant', 4, '5737098225'),
('2022-6-3', 'SARS-Cov-2 Variant', 11, '0178655126'),
('2020-2-9', 'COVID-19', 7, '8673955540'),
('2022-7-16', 'SARS-Cov-2 Variant', 5, '0290681863'),
('2021-4-10', 'COVID-19', 11, '1754265212'),
('2023-7-7', 'SARS-Cov-2 Variant', 5, '4214529930'),
('2022-11-14', 'SARS-Cov-2 Variant', 6, '1653256150'),
('2022-1-14', 'Other', 11, '2249697908'),
('2022-7-20', 'COVID-19', 5, '9749773074'),
('2020-6-17', 'COVID-19', 12, '6218323304'),
('2022-2-14', 'Other', 10, '5707978926'),
('2021-4-22', 'Other', 1, '0986917709'),
('2022-11-4', 'Other', 6, '1754265212'),
('2022-4-14', 'COVID-19', 11, '9516647205'),
('2023-3-6', 'SARS-Cov-2 Variant', 4, '1164816688'),
('2021-2-27', 'COVID-19', 10, '9516647205'),
('2022-5-10', 'SARS-Cov-2 Variant', 1, '1164816688'),
('2022-8-6', 'SARS-Cov-2 Variant', 13, '7237305225'),
('2023-11-15', 'Other', 3, '4516065842'),
('2020-1-13', 'SARS-Cov-2 Variant', 13, '7810921070'),
('2020-5-20', 'COVID-19', 10, '5665277154'),
('2023-2-7', 'COVID-19', 13, '1768649924'),
('2023-10-20', 'COVID-19', 7, '7237305225'),
('2021-2-18', 'COVID-19', 2, '9516647205'),
('2021-4-12', 'SARS-Cov-2 Variant', 1, '2805276071'),
('2020-11-8', 'COVID-19', 9, '1768649924'),
('2020-2-13', 'COVID-19', 13, '8673955540'),
('2021-7-18', 'COVID-19', 5, '0387460818'),
('2020-8-13', 'Other', 6, '4772531008'),
('2020-11-20', 'SARS-Cov-2 Variant', 5, '2410168464'),
('2020-11-27', 'Other', 11, '0290681863');

INSERT INTO Vaccine VALUES
(3, 'Johnson & Johnson', '2021-5-15', '3541244449', 'VitaMed'),
(3, 'Moderna', '2023-7-12', '2498777952', 'GenMed'),
(3, 'Johnson & Johnson', '2021-9-3', '7237305225', 'CurePharm'),
(3, 'AstraZeneca', '2022-10-22', '7293103275', 'TheraPharmaTech'),
(2, 'Pfizer', '2023-1-18', '5161242648', 'MediTech'),
(3, 'Moderna', '2020-6-2', '4364073471', 'MediMed'),
(3, 'Johnson & Johnson', '2022-4-10', '7810921070', 'TheraPharmaTech'),
(2, 'Moderna', '2023-7-22', '3041910923', 'VitaSolutions'),
(3, 'Moderna', '2021-6-25', '4364073471', 'LifeMed'),
(3, 'Johnson & Johnson', '2020-6-23', '0226695190', 'BioPharm'),
(3, 'Johnson & Johnson', '2020-9-5', '3820460476', 'HealthResearch'),
(2, 'Moderna', '2021-2-14', '6218323304', 'MediMed'),
(2, 'AstraZeneca', '2020-7-19', '0851598690', 'LifeTech'),
(1, 'AstraZeneca', '2023-10-26', '6218323304', 'LifeMed'),
(3, 'Pfizer', '2022-3-22', '4214529930', 'LifeLab'),
(3, 'Pfizer', '2022-4-7', '0178655126', 'BioLab'),
(3, 'Moderna', '2020-2-20', '1754265212', 'VitaMed'),
(3, 'AstraZeneca', '2022-10-22', '2584709956', 'CureMed'),
(2, 'Pfizer', '2022-11-21', '3541244449', 'GenSolutions'),
(2, 'Moderna', '2022-5-21', '7350520124', 'LifeLab'),
(2, 'AstraZeneca', '2023-2-9', '4214529930', 'PharmaLab'),
(2, 'Johnson & Johnson', '2021-11-5', '3041910923', 'CurePharm'),
(2, 'Johnson & Johnson', '2020-9-11', '4479384689', 'BioLab'),
(1, 'Moderna', '2020-3-23', '7350520124', 'BioPharm'),
(2, 'AstraZeneca', '2021-8-15', '1768649924', 'CureMed'),
(3, 'AstraZeneca', '2021-3-16', '2311515668', 'GenMed'),
(1, 'Pfizer', '2023-4-1', '9749773074', 'MediTech'),
(2, 'Moderna', '2021-2-12', '9559971000', 'GenSolutions'),
(3, 'Johnson & Johnson', '2022-3-1', '0986917709', 'MediPharm'),
(2, 'Pfizer', '2023-4-25', '0178655126', 'BioHealthcare'),
(1, 'Moderna', '2021-6-21', '1768649924', 'PharmaLab'),
(3, 'Moderna', '2022-6-27', '4479384689', 'MediHealthcare'),
(2, 'Johnson & Johnson', '2021-10-1', '9378707943', 'MediTech'),
(2, 'Pfizer', '2022-4-14', '4772531008', 'PharmaHealthcare'),
(3, 'Moderna', '2022-10-18', '9996723282', 'MediHealthcare'),
(3, 'AstraZeneca', '2021-5-16', '1754265212', 'GenMed'),
(2, 'AstraZeneca', '2021-9-7', '9595894091', 'LifeLab'),
(1, 'Johnson & Johnson', '2020-7-2', '1121694177', 'MediMed'),
(2, 'Johnson & Johnson', '2023-1-5', '7338360824', 'CurePharmaCare'),
(3, 'AstraZeneca', '2021-1-24', '6218323304', 'VitaSolutions'),
(1, 'Moderna', '2020-3-1', '0929293891', 'CurePharmaCare'),
(1, 'Moderna', '2021-11-4', '0929293891', 'VitaMed'),
(1, 'Johnson & Johnson', '2023-4-4', '2249697908', 'GenMed'),
(3, 'Pfizer', '2020-2-12', '9277508073', 'BioHealthcare'),
(3, 'Pfizer', '2021-2-21', '5416528092', 'TheraPharmaTech'),
(2, 'Johnson & Johnson', '2020-9-3', '0986917709', 'CurePharm'),
(1, 'Johnson & Johnson', '2023-9-9', '8212545429', 'CureMed'),
(3, 'Johnson & Johnson', '2021-6-13', '3437668002', 'VitaLab'),
(2, 'Pfizer', '2023-4-3', '3820460476', 'CurePharm'),
(2, 'Pfizer', '2022-1-22', '9996723282', 'TheraMed'),
(1, 'Pfizer', '2021-9-21', '3541244449', 'GenSolutions'),
(3, 'Moderna', '2020-10-25', '8440731087', 'VitaTech'),
(1, 'Pfizer', '2021-1-2', '9277508073', 'LifeLab'),
(3, 'Johnson & Johnson', '2020-9-13', '7435089385', 'MediHealthcare'),
(3, 'AstraZeneca', '2021-3-13', '1754265212', 'VitaLab'),
(2, 'Pfizer', '2021-5-12', '7435089385', 'BioLab'),
(3, 'Moderna', '2020-10-15', '3041910923', 'BioLab'),
(3, 'Moderna', '2023-6-24', '4364073471', 'TheraMed'),
(2, 'Johnson & Johnson', '2022-1-4', '8440731087', 'HealthResearch'),
(2, 'AstraZeneca', '2021-2-14', '0012641558', 'LifeMed'),
(2, 'AstraZeneca', '2021-5-20', '1100054792', 'CurePharmaCare'),
(2, 'Johnson & Johnson', '2022-8-7', '7441103604', 'MediMed'),
(2, 'Pfizer', '2021-4-23', '1139752157', 'LifeLab'),
(2, 'Johnson & Johnson', '2020-1-24', '0312248848', 'VitaMed'),
(1, 'AstraZeneca', '2021-9-11', '2249697908', 'CurePharm'),
(3, 'Pfizer', '2023-10-13', '7251279355', 'BioPharm'),
(2, 'Moderna', '2020-7-20', '3541244449', 'MediMed'),
(3, 'Moderna', '2022-5-6', '5145872150', 'PharmaHealthcare'),
(3, 'Pfizer', '2020-7-14', '2583807706', 'MediMed'),
(2, 'Johnson & Johnson', '2022-7-2', '7293103275', 'HealthResearch'),
(3, 'Pfizer', '2020-2-19', '4364073471', 'CurePharmaCare'),
(2, 'Pfizer', '2020-10-5', '0121447453', 'LifeTech'),
(2, 'AstraZeneca', '2020-11-25', '6610910410', 'BioPharm'),
(1, 'Pfizer', '2020-8-19', '8212545429', 'VitaSolutions'),
(1, 'Moderna', '2023-5-6', '5416528092', 'PharmaHealthcare'),
(3, 'Pfizer', '2023-3-4', '0312248848', 'HealthResearch'),
(1, 'Johnson & Johnson', '2021-1-21', '9277508073', 'PharmaHealthcare'),
(3, 'Moderna', '2021-10-5', '2410168464', 'LifeLab'),
(1, 'Johnson & Johnson', '2020-9-15', '6130173253', 'VitaTech'),
(3, 'Pfizer', '2020-8-17', '0851598690', 'CurePharmaCare');


