INSERT INTO Residence VALUES
('6003 Willow Street', 'Fredericton', 'Saskatchewan', 'X68 9H0', '2623534335', 3, 'Apartment'),
('2544 Cedar Avenue', 'Windsor', 'Manitoba', 'E87 2U5', '4575804806', 7, 'House'),
('4483 Maple Road', 'Regina', 'Manitoba', 'J94 7R2', '8040716923', 5, 'House'),
('5417 Maple Court', 'Norfolk County', 'Nunavut', 'M72 1O3', '3799891200', 1, 'Apartment'),
('7724 Hickory Road', 'Barrie', 'British Columbia', 'P88 8A4', '6878956868', 3, 'Condominium'),
('3360 Pine Road', 'Kingston', 'Quebec', 'J96 3D6', '6212644585', 5, 'House'),
('1477 Hickory Lane', 'Brandon', 'New Brunswick', 'B44 4K0', '4141347548', 4, 'Condominium'),
('8862 Hickory Circle', 'Kitchener', 'New Brunswick', 'Q84 2A1', '4625016051', 5, 'Apartment'),
('4696 Cedar Terrace', 'Abbotsford', 'New Brunswick', 'N25 0R3', '3843168482', 4, 'Condominium'),
('2255 Maple Street', 'Oshawa', 'New Brunswick', 'D91 9S0', '2117682559', 2, 'Condominium'),
('9948 Elm Lane', 'Winnipeg', 'Alberta', 'A32 4W6', '6976058393', 6, 'Condominium'),
('0092 Elm Circle', 'Hamilton', 'Newfoundland and Labrador', 'K03 9D3', '3553356890', 1, 'Semi-Detached House'),
('2643 Birch Street', 'Saint John', 'Newfoundland and Labrador', 'U50 1U6', '7473872196', 4, 'Semi-Detached House'),
('0406 Hickory Avenue', 'Kelowna', 'Northwest Territories', 'I87 3R2', '2284009577', 1, 'Apartment'),
('2499 Willow Court', 'Sherbrooke', 'Saskatchewan', 'U70 8P2', '6742430477', 7, 'House'),
('2243 Cedar Court', 'St. Albert', 'Nova Scotia', 'X41 4K2', '5713509214', 6, 'Condominium'),
('6341 Oak Way', 'Quebec City', 'Ontario', 'D33 4A8', '4934191909', 6, 'Apartment'),
('8208 Elm Street', 'Drummondville', 'Manitoba', 'A24 4Q9', '6670746783', 1, 'Condominium'),
('4364 Elm Terrace', 'Toronto', 'Northwest Territories', 'O05 6Y2', '3327498523', 2, 'Semi-Detached House'),
('8364 Willow Circle', 'Prince George', 'Newfoundland and Labrador', 'J51 5X4', '8610902638', 3, 'Semi-Detached House'),
('5927 Spruce Court', 'Medicine Hat', 'Manitoba', 'A96 1N8', '7057423031', 3, 'House'),
('1086 Birch Lane', 'Vancouver', 'Manitoba', 'Y53 4R8', '5486013840', 3, 'Condominium'),
('1947 Hickory Street', 'Victoriaville', 'British Columbia', 'Q89 8J9', '4244155605', 3, 'Apartment'),
('4110 Cedar Drive', 'Ottawa', 'Quebec', 'Q65 2P2', '9978418772', 5, 'Apartment'),
('9743 Elm Boulevard', 'White Rock', 'Manitoba', 'H28 0M2', '3902327340', 4, 'House'),
('0561 Maple Circle', 'Newmarket', 'Manitoba', 'I65 3T8', '8367342582', 4, 'Apartment'),
('0705 Elm Avenue', 'Aurora', 'Newfoundland and Labrador', 'I80 3H1', '6457669654', 2, 'Apartment'),
('2767 Birch Way', 'Calgary', 'New Brunswick', 'G19 4E6', '9406463492', 1, 'Condominium'),
('8832 Oak Road', 'Kanata', 'Saskatchewan', 'W95 9G0', '2510365315', 1, 'Apartment'),
('7421 Cedar Lane', 'Saskatoon', 'Alberta', 'V23 6J3', '3280285853', 4, 'House');

INSERT INTO Person VALUES
('3864538275', 'David', 'White', '2011-7-16', 'L629177440', '5658457872', 'Canadian', 'davidwhite47@gmail.com', '2767 Birch Way'),
('2984925119', 'Oliver', 'Jackson', '1953-8-3', 'J468747299', '3236752512', 'Canadian', 'oliverjackson93@gmail.com', '0406 Hickory Avenue'),
('2333448897', 'Samuel', 'Walker', '2008-8-27', 'L411918440', '4276916462', 'Canadian', 'samuelwalker88@gmail.com', '4110 Cedar Drive'),
('6842433778', 'Elizabeth', 'Martin', '1944-5-13', 'I661066316', '2180750127', 'Canadian', 'elizabethmartin49@gmail.com', '0406 Hickory Avenue'),
('7206763500', 'Aiden', 'Evans', '1980-7-10', 'E248667152', '8787032218', 'Canadian', 'aidenevans32@gmail.com', '8364 Willow Circle'),
('8421257274', 'Elijah', 'Adams', '1999-8-17', 'H860905940', '5561820940', 'Canadian', 'elijahadams28@gmail.com', '5417 Maple Court'),
('1242252152', 'Lily', 'Jackson', '1992-6-11', 'V621156030', '4351152716', 'Canadian', 'lilyjackson54@gmail.com', '1086 Birch Lane'),
('7093131716', 'Evelyn', 'Mitchell', '1984-7-4', 'Y246423406', '3664386215', 'Canadian', 'evelynmitchell31@gmail.com', '9743 Elm Boulevard'),
('4862696659', 'Carter', 'Adams', '2023-1-17', 'O825963237', '5961480470', 'Canadian', 'carteradams76@gmail.com', '2243 Cedar Court'),
('8968077694', 'Sofia', 'Thompson', '1944-10-13', 'M982047302', '6895980252', 'Canadian', 'sofiathompson59@gmail.com', '4696 Cedar Terrace'),
('6351506762', 'Elizabeth', 'Baker', '2012-1-12', 'W751882253', '4049700231', 'Canadian', 'elizabethbaker88@gmail.com', '4696 Cedar Terrace'),
('4307932220', 'Benjamin', 'Thomas', '2004-4-10', 'I254141640', '3873289219', 'Canadian', 'benjaminthomas37@gmail.com', '4483 Maple Road'),
('5142719349', 'Michael', 'Scott', '1944-11-1', 'O298853800', '8572988643', 'Canadian', 'michaelscott08@gmail.com', '0406 Hickory Avenue'),
('8876341452', 'Sophia', 'Walker', '1982-3-15', 'M009729880', '6927344810', 'Canadian', 'sophiawalker50@gmail.com', '4110 Cedar Drive'),
('9264329380', 'Madison', 'Thomas', '2007-3-23', 'X170156141', '4108042013', 'Canadian', 'madisonthomas30@gmail.com', '8862 Hickory Circle'),
('4158403239', 'Aiden', 'Wilson', '2014-10-14', 'G982793049', '8478711970', 'Canadian', 'aidenwilson32@gmail.com', '7724 Hickory Road'),
('6624251996', 'Riley', 'Taylor', '1962-7-5', 'S984586388', '8682146668', 'Canadian', 'rileytaylor12@gmail.com', '1086 Birch Lane'),
('1331963499', 'Lucas', 'Perez', '2004-4-2', 'H534971485', '6126475369', 'Canadian', 'lucasperez11@gmail.com', '5417 Maple Court'),
('6679195032', 'Ava', 'Thompson', '1977-2-7', 'U967409007', '6272494071', 'Canadian', 'avathompson12@gmail.com', '5417 Maple Court'),
('5018919807', 'Elijah', 'Lopez', '1964-4-11', 'C629404453', '3326585271', 'Canadian', 'elijahlopez68@gmail.com', '0406 Hickory Avenue'),
('0953066253', 'James', 'Lopez', '1992-7-26', 'E386045241', '3636710926', 'Canadian', 'jameslopez72@gmail.com', '8208 Elm Street'),
('8599468282', 'Ava', 'Edwards', '2008-5-24', 'M996526906', '6967671056', 'Canadian', 'avaedwards66@gmail.com', '4110 Cedar Drive'),
('4697797464', 'Henry', 'Baker', '1977-6-15', 'N619823985', '9906143754', 'Canadian', 'henrybaker47@gmail.com', '4696 Cedar Terrace'),
('8776482366', 'Alexander', 'King', '1949-4-5', 'K099742308', '4396228840', 'Canadian', 'alexanderking19@gmail.com', '1086 Birch Lane'),
('0401891341', 'Logan', 'Walker', '1977-8-11', 'R933560207', '3836783805', 'Canadian', 'loganwalker05@gmail.com', '1086 Birch Lane'),
('5648053186', 'Riley', 'Parker', '1950-2-19', 'H925508311', '8319456341', 'Canadian', 'rileyparker39@gmail.com', '2643 Birch Street'),
('1913530167', 'Grace', 'Allen', '1972-7-10', 'X661425814', '5356862765', 'Canadian', 'graceallen15@gmail.com', '9743 Elm Boulevard'),
('0619632897', 'Oliver', 'Wilson', '2014-9-21', 'S194837434', '8797763842', 'Canadian', 'oliverwilson44@gmail.com', '6003 Willow Street'),
('7283425787', 'Olivia', 'Evans', '1940-7-21', 'Y151963087', '4867393222', 'Canadian', 'oliviaevans31@gmail.com', '5927 Spruce Court'),
('4797864442', 'Jackson', 'Moore', '1956-8-4', 'F390573021', '5886990789', 'Canadian', 'jacksonmoore53@gmail.com', '9743 Elm Boulevard'),
('4381592170', 'Evelyn', 'Smith', '2000-8-21', 'E141937966', '6116576399', 'Canadian', 'evelynsmith06@gmail.com', '8832 Oak Road'),
('3228118775', 'Harper', 'Allen', '1960-1-14', 'V663826991', '4694120629', 'Canadian', 'harperallen14@gmail.com', '2544 Cedar Avenue'),
('8068054422', 'Oliver', 'Miller', '1974-8-1', 'D333856763', '5106410363', 'Canadian', 'olivermiller73@gmail.com', '7724 Hickory Road'),
('4246310697', 'David', 'Adams', '1943-8-12', 'S441652056', '2768202572', 'Canadian', 'davidadams45@gmail.com', '5927 Spruce Court'),
('7589190400', 'Sofia', 'Hall', '2019-1-20', 'F985651775', '8565365912', 'Canadian', 'sofiahall46@gmail.com', '6003 Willow Street'),
('7580402606', 'Sebastian', 'Wright', '1958-2-11', 'W921911348', '8252869694', 'Canadian', 'sebastianwright58@gmail.com', '3360 Pine Road'),
('8078441322', 'Alexander', 'Harris', '1964-1-15', 'K590960190', '3247443033', 'Canadian', 'alexanderharris77@gmail.com', '3360 Pine Road'),
('2426265617', 'Oliver', 'Roberts', '1994-1-24', 'F288272375', '8177459723', 'Canadian', 'oliverroberts66@gmail.com', '5417 Maple Court'),
('2914787873', 'Henry', 'Thomas', '1965-5-17', 'I083550139', '4003548947', 'Canadian', 'henrythomas51@gmail.com', '4364 Elm Terrace'),
('1662914577', 'Daniel', 'Mitchell', '2021-1-17', 'Y413451107', '7662620288', 'Canadian', 'danielmitchell27@gmail.com', '4364 Elm Terrace'),
('5363849535', 'Benjamin', 'Hall', '2012-4-4', 'E961731568', '8255039150', 'Canadian', 'benjaminhall94@gmail.com', '1947 Hickory Street'),
('4395113327', 'Ava', 'Lee', '1945-2-9', 'Q844768351', '4367859651', 'Canadian', 'avalee15@gmail.com', '0705 Elm Avenue'),
('8635408098', 'Logan', 'Mitchell', '1963-10-8', 'F329415034', '3958922664', 'Canadian', 'loganmitchell50@gmail.com', '0705 Elm Avenue'),
('3912406042', 'Madison', 'Wilson', '1952-2-5', 'G303296135', '4534023038', 'Canadian', 'madisonwilson51@gmail.com', '2243 Cedar Court'),
('7319915497', 'Matthew', 'Miller', '1990-1-2', 'T799323718', '6773248656', 'Canadian', 'matthewmiller01@gmail.com', '7724 Hickory Road'),
('2117944155', 'Henry', 'Davis', '1957-10-27', 'P052032657', '2150282406', 'Canadian', 'henrydavis99@gmail.com', '8364 Willow Circle'),
('7549606674', 'Elijah', 'Miller', '1988-6-11', 'I057759600', '8335754524', 'Canadian', 'elijahmiller98@gmail.com', '1086 Birch Lane'),
('6016704405', 'Lucas', 'Young', '1980-6-21', 'M365211276', '4813299554', 'Canadian', 'lucasyoung80@gmail.com', '0406 Hickory Avenue'),
('2215417399', 'Matthew', 'Walker', '1969-4-21', 'O530386825', '8197419120', 'Canadian', 'matthewwalker84@gmail.com', '7724 Hickory Road'),
('8859576269', 'Aria', 'Green', '1981-9-20', 'E687107355', '7330860576', 'Canadian', 'ariagreen01@gmail.com', '4364 Elm Terrace'),
('1549088943', 'Scarlett', 'Turner', '2013-2-11', 'N837120621', '3346793793', 'Canadian', 'scarlettturner47@gmail.com', '0705 Elm Avenue'),
('5090898272', 'Victoria', 'Anderson', '2006-2-27', 'Z159721759', '2063123170', 'Canadian', 'victoriaanderson63@gmail.com', '2255 Maple Street'),
('4439858473', 'Elizabeth', 'Clark', '2000-5-27', 'M683177630', '4735257512', 'Canadian', 'elizabethclark80@gmail.com', '5417 Maple Court'),
('1639028852', 'Mason', 'Thompson', '1973-4-16', 'A704140535', '7005383942', 'Canadian', 'masonthompson79@gmail.com', '2499 Willow Court'),
('5582201345', 'Elizabeth', 'Mitchell', '1949-4-10', 'Y714493772', '7618383418', 'Canadian', 'elizabethmitchell16@gmail.com', '4483 Maple Road'),
('1686851471', 'Evelyn', 'Roberts', '1990-10-14', 'F919165659', '9981754212', 'Canadian', 'evelynroberts41@gmail.com', '8208 Elm Street'),
('8004797577', 'Sofia', 'Perez', '2014-11-6', 'Y305183757', '2852313259', 'Canadian', 'sofiaperez24@gmail.com', '2255 Maple Street'),
('4479690685', 'Lily', 'Perez', '2020-11-23', 'H000161941', '7229156869', 'Canadian', 'lilyperez58@gmail.com', '4483 Maple Road'),
('0376958746', 'Sophia', 'Garcia', '1948-2-16', 'P707351317', '6604301734', 'Canadian', 'sophiagarcia40@gmail.com', '9948 Elm Lane'),
('3539677776', 'Jackson', 'King', '1946-7-17', 'M336369174', '9665200431', 'Canadian', 'jacksonking93@gmail.com', '0092 Elm Circle'),
('5642449478', 'Sebastian', 'Nelson', '1990-5-24', 'N006014239', '2425768058', 'Canadian', 'sebastiannelson92@gmail.com', '2243 Cedar Court'),
('5656353210', 'Grace', 'Hernandez', '2002-7-20', 'N934397292', '3661497223', 'Canadian', 'gracehernandez84@gmail.com', '2243 Cedar Court'),
('2012190674', 'Carter', 'Thompson', '1942-3-23', 'M736943842', '9385900118', 'Canadian', 'carterthompson98@gmail.com', '2243 Cedar Court'),
('2068052431', 'Liam', 'Williams', '1960-7-16', 'O416521627', '6386775032', 'Canadian', 'liamwilliams89@gmail.com', '2499 Willow Court'),
('2271778889', 'Michael', 'Brown', '2001-1-12', 'J921952699', '5911660370', 'Canadian', 'michaelbrown61@gmail.com', '1947 Hickory Street'),
('3766713355', 'Abigail', 'Brown', '2021-9-16', 'V352532299', '2466494910', 'Canadian', 'abigailbrown09@gmail.com', '4364 Elm Terrace'),
('2327164035', 'Carter', 'Hall', '1977-2-6', 'V208521510', '6907765667', 'Canadian', 'carterhall51@gmail.com', '1477 Hickory Lane'),
('7962824480', 'Aria', 'Anderson', '1960-4-27', 'F682392021', '5925608552', 'Canadian', 'ariaanderson82@gmail.com', '2544 Cedar Avenue'),
('9565015433', 'Jackson', 'Taylor', '1978-2-14', 'R818427538', '7845147645', 'Canadian', 'jacksontaylor95@gmail.com', '3360 Pine Road'),
('9888559267', 'Harper', 'Johnson', '1964-3-7', 'R772585353', '7534318820', 'Canadian', 'harperjohnson52@gmail.com', '4110 Cedar Drive'),
('3695411789', 'Joseph', 'Hill', '1958-1-23', 'B002012756', '3143820041', 'Canadian', 'josephhill79@gmail.com', '1947 Hickory Street'),
('2893409942', 'Henry', 'Edwards', '1961-5-24', 'I508295096', '7655739620', 'Canadian', 'henryedwards37@gmail.com', '3360 Pine Road'),
('6816737498', 'Aiden', 'Nelson', '1997-4-4', 'Y858942924', '6704946894', 'Canadian', 'aidennelson19@gmail.com', '5417 Maple Court'),
('9506988191', 'Isabella', 'Clark', '2011-11-8', 'T636476399', '6940755849', 'Canadian', 'isabellaclark89@gmail.com', '2243 Cedar Court'),
('1017242567', 'Benjamin', 'Lewis', '1979-5-20', 'I911343488', '5275585542', 'Canadian', 'benjaminlewis63@gmail.com', '2499 Willow Court'),
('4419139932', 'Abigail', 'Lewis', '1954-11-5', 'E085946664', '8571647485', 'Canadian', 'abigaillewis16@gmail.com', '9948 Elm Lane'),
('8322862252', 'Matthew', 'Jackson', '1991-4-20', 'C499162254', '7195187805', 'Canadian', 'matthewjackson20@gmail.com', '0092 Elm Circle'),
('8253522452', 'Carter', 'Roberts', '1990-7-25', 'V280998658', '7453467448', 'Canadian', 'carterroberts22@gmail.com', '8364 Willow Circle'),
('4147589765', 'Isabella', 'Taylor', '1964-5-17', 'W298399319', '5805620158', 'Canadian', 'isabellataylor45@gmail.com', '1947 Hickory Street'),
('9143205996', 'Benjamin', 'Wilson', '1972-5-14', 'O669686494', '9594776352', 'Canadian', 'benjaminwilson64@gmail.com', '5927 Spruce Court'),
('2639814965', 'Evelyn', 'Martin', '1982-3-24', 'C553152342', '9652321590', 'Canadian', 'evelynmartin49@gmail.com', '2643 Birch Street'),
('8056102678', 'Victoria', 'Clark', '2013-7-13', 'C327497826', '3034052945', 'Canadian', 'victoriaclark94@gmail.com', '6341 Oak Way'),
('2058223259', 'Logan', 'White', '1976-5-17', 'J506834350', '5987815937', 'Canadian', 'loganwhite31@gmail.com', '6003 Willow Street'),
('5972115193', 'Lily', 'Clark', '1994-7-12', 'S611338882', '2594691557', 'Canadian', 'lilyclark84@gmail.com', '0092 Elm Circle'),
('6247446938', 'Carter', 'Green', '1994-5-1', 'T512510557', '8409947009', 'Canadian', 'cartergreen64@gmail.com', '0705 Elm Avenue'),
('5493885763', 'Isabella', 'Campbell', '1993-6-20', 'J017482774', '9840810026', 'Canadian', 'isabellacampbell37@gmail.com', '2544 Cedar Avenue'),
('5685450761', 'Liam', 'Hill', '1959-11-24', 'Z841852451', '4409093493', 'Canadian', 'liamhill44@gmail.com', '6003 Willow Street'),
('2862004524', 'Scarlett', 'Jones', '1990-1-5', 'S719695993', '2120429129', 'Canadian', 'scarlettjones97@gmail.com', '2499 Willow Court'),
('2749121790', 'James', 'Adams', '1978-7-5', 'P270644019', '2814610364', 'Canadian', 'jamesadams46@gmail.com', '0561 Maple Circle'),
('2874427240', 'Isabella', 'King', '1987-9-13', 'S028536683', '4072310108', 'Canadian', 'isabellaking26@gmail.com', '8364 Willow Circle'),
('3860676072', 'Riley', 'Brown', '2020-7-6', 'J230292731', '9566370171', 'Canadian', 'rileybrown55@gmail.com', '4364 Elm Terrace'),
('3233365148', 'Scarlett', 'Evans', '2002-7-25', 'F456570893', '2436618429', 'Canadian', 'scarlettevans61@gmail.com', '8208 Elm Street'),
('8923652369', 'Elijah', 'Green', '1967-3-17', 'F682718246', '5402791531', 'Canadian', 'elijahgreen07@gmail.com', '2643 Birch Street'),
('0164167277', 'Mila', 'Smith', '1967-4-4', 'U266842731', '4073233833', 'Canadian', 'milasmith94@gmail.com', '2643 Birch Street'),
('6611809494', 'Liam', 'Walker', '1982-7-14', 'U075604525', '3235740483', 'Canadian', 'liamwalker72@gmail.com', '4696 Cedar Terrace'),
('5651268615', 'Sofia', 'Moore', '2002-6-16', 'L726827252', '6998803519', 'Canadian', 'sofiamoore41@gmail.com', '0705 Elm Avenue'),
('6493218019', 'Henry', 'Wright', '2011-4-4', 'N849374421', '2354944808', 'Canadian', 'henrywright48@gmail.com', '1947 Hickory Street'),
('2023284046', 'Aria', 'Thomas', '1969-10-21', 'Q261683232', '2106495679', 'Canadian', 'ariathomas84@gmail.com', '0406 Hickory Avenue'),
('0706172269', 'Ella', 'Lee', '1971-11-13', 'Q806923039', '4289411896', 'Canadian', 'ellalee59@gmail.com', '2243 Cedar Court'),
('7357066247', 'David', 'Baker', '1961-9-6', 'U539177082', '3960289439', 'Canadian', 'davidbaker16@gmail.com', '4696 Cedar Terrace');

INSERT INTO Employee VALUES
('9888559267', 'Receptionist'),
('1331963499', 'Doctor'),
('2426265617', 'Administrative Personnel'),
('4158403239', 'Administrative Personnel'),
('4381592170', 'Nurse'),
('9565015433', 'Nurse'),
('2893409942', 'Receptionist'),
('0401891341', 'Pharmacist'),
('8635408098', 'Security Personnel'),
('6493218019', 'Regular Employee'),
('6624251996', 'Doctor'),
('8859576269', 'Regular Employee'),
('2984925119', 'Cashier'),
('5685450761', 'Security Personnel'),
('8322862252', 'Nurse'),
('3695411789', 'Regular Employee'),
('3233365148', 'Pharmacist'),
('4307932220', 'Cashier'),
('8253522452', 'Security Personnel'),
('3539677776', 'Pharmacist'),
('5582201345', 'Doctor'),
('2215417399', 'Receptionist'),
('7549606674', 'Receptionist'),
('9143205996', 'Nurse'),
('2058223259', 'Receptionist'),
('7093131716', 'Nurse'),
('8599468282', 'Regular Employee'),
('5656353210', 'Security Personnel'),
('5142719349', 'Cashier'),
('6016704405', 'Cashier');

INSERT INTO Facility VALUES
('HealthResearch', 'Spruce Avenue', 'Guelph', 'I78 8X9', '8045994433', 'www.healthresearch956.org', 'Special Instalment', 738, '3695411789'),
('BioBioTech', 'Hickory Street', 'Halifax', 'J85 2W2', '7983083084', 'www.biobiotech521.org', 'Special Instalment', 548, '4381592170'),
('CureSolutions', 'Hickory Terrace', 'North Bay', 'N48 7U6', '3668160895', 'www.curesolutions165.org', 'Special Instalment', 250, '4158403239'),
('MediPharmaTech', 'Maple Avenue', 'Barrie', 'K25 3F7', '4028364263', 'www.medipharmatech053.org', 'Special Instalment', 111, '5685450761'),
('PharmaSolutions', 'Elm Drive', 'Kanata', 'S25 0T2', '9656389648', 'www.pharmasolutions704.org', 'Special Instalment', 689, '2893409942'),
('CareSolutions', 'Oak Circle', 'Saint-Hyacinthe', 'Q07 6W2', '9908163279', 'www.caresolutions636.org', 'Pharmacy', 880, '6624251996'),
('HealthHealthcare', 'Birch Drive', 'Kelowna', 'G09 8K5', '6101642927', 'www.healthhealthcare119.org', 'CLSC', 863, '7093131716'),
('PharmaPharm', 'Birch Way', 'St. Johns', 'D15 5R6', '3583856189', 'www.pharmapharm630.org', 'Pharmacy', 236, '6624251996'),
('GenMed', 'Cedar Terrace', 'Trois-Rivières', 'G54 9T7', '7748243233', 'www.genmed223.org', 'Pharmacy', 197, '9143205996'),
('GenSolutions', 'Birch Avenue', 'Saskatoon', 'U10 0M3', '8720972875', 'www.gensolutions159.org', 'Pharmacy', 24, '0401891341'),
('BioPharmaTech', 'Cedar Boulevard', 'Kingston', 'G50 1M5', '2955887621', 'www.biopharmatech978.org', 'CLSC', 653, '7549606674'),
('CurePharm', 'Hickory Circle', 'Victoriaville', 'J54 2D7', '8942603534', 'www.curepharm110.org', 'Hospital', 42, '4307932220'),
('CureHealthcare', 'Cedar Way', 'Fredericton', 'H73 1R7', '8225591112', 'www.curehealthcare744.org', 'CLSC', 300, '6016704405'),
('TheraPharm', 'Magnolia Circle', 'Mirabel', 'C05 0A6', '7681226343', 'www.therapharm873.org', 'Special Instalment', 179, '8859576269'),
('BioPharm', 'Maple Drive', 'Sherbrooke', 'N10 2S5', '7236449535', 'www.biopharm397.org', 'CLSC', 881, '2215417399'),
('TheraTech', 'Pine Circle', 'Prince George', 'T11 8Z7', '3235167951', 'www.theratech737.org', 'Pharmacy', 968, '4307932220'),
('PharmaHealthcare', 'Pine Way', 'Norfolk County', 'A15 7L0', '6148803398', 'www.pharmahealthcare136.org', 'Hospital', 122, '2058223259'),
('BioHealthcare', 'Oak Way', 'White Rock', 'O07 2E6', '7074568639', 'www.biohealthcare442.org', 'Pharmacy', 533, '5685450761'),
('MediHealthcare', 'Willow Way', 'Quebec City', 'B70 0Z4', '4505582131', 'www.medihealthcare314.org', 'Hospital', 726, '4158403239'),
('PharmaBioTech', 'Hickory Way', 'Vancouver', 'H81 0B0', '8580304842', 'www.pharmabiotech044.org', 'Clinic', 834, '5685450761'),
('HealthLab', 'Pine Road', 'Windsor', 'W52 7E1', '9873677187', 'www.healthlab002.org', 'Pharmacy', 910, '2893409942'),
('CarePharmaTech', 'Spruce Court', 'Toronto', 'U81 6N5', '8401332479', 'www.carepharmatech734.org', 'CLSC', 978, '3233365148'),
('HealthPharmaTech', 'Spruce Drive', 'Saint John', 'I99 5U3', '7300893783', 'www.healthpharmatech149.org', 'Pharmacy', 299, '3233365148'),
('CareHealthcare', 'Hickory Road', 'Kitchener', 'L05 0U2', '6882102573', 'www.carehealthcare369.org', 'Special Instalment', 331, '8859576269'),
('CareTech', 'Magnolia Terrace', 'Moncton', 'P50 8D6', '3738020415', 'www.caretech947.org', 'Clinic', 844, '5685450761');

INSERT INTO Works_at VALUES
('4381592170', 'TheraPharm', '2018-2-7', 'NULL'),
('8859576269', 'CarePharmaTech', '2021-6-5', 'NULL'),
('3539677776', 'BioPharm', '2022-10-25', 'NULL'),
('8599468282', 'GenMed', '2015-1-10', '2023-1-22'),
('2984925119', 'TheraTech', '2015-8-14', 'NULL'),
('4307932220', 'TheraPharm', '2018-9-13', 'NULL'),
('3539677776', 'CureHealthcare', '2022-9-21', 'NULL'),
('0401891341', 'CareSolutions', '2019-3-6', '2021-6-6'),
('4307932220', 'PharmaBioTech', '2023-11-26', 'NULL'),
('3695411789', 'PharmaHealthcare', '2023-5-17', '2023-9-21'),
('9565015433', 'MediHealthcare', '2016-10-26', 'NULL'),
('5142719349', 'HealthResearch', '2017-4-13', 'NULL'),
('9888559267', 'CarePharmaTech', '2016-7-24', 'NULL'),
('2426265617', 'BioHealthcare', '2019-2-16', '2020-10-16'),
('3233365148', 'BioBioTech', '2022-11-1', '2023-5-7'),
('6624251996', 'GenMed', '2019-4-11', '2021-7-13'),
('6493218019', 'BioPharm', '2022-11-22', 'NULL'),
('8253522452', 'CareSolutions', '2022-8-4', 'NULL'),
('9565015433', 'CureSolutions', '2016-2-7', 'NULL'),
('2215417399', 'TheraPharm', '2016-3-12', '2021-6-25'),
('7549606674', 'HealthResearch', '2018-9-21', '2023-10-25'),
('4381592170', 'GenSolutions', '2023-7-24', 'NULL'),
('7549606674', 'PharmaHealthcare', '2021-5-15', 'NULL'),
('9888559267', 'PharmaBioTech', '2023-5-1', 'NULL'),
('7549606674', 'BioPharm', '2023-2-18', '2023-9-15'),
('5582201345', 'MediHealthcare', '2021-10-14', '2023-10-21'),
('8599468282', 'HealthLab', '2018-8-20', '2020-2-25'),
('0401891341', 'HealthLab', '2016-11-11', 'NULL'),
('8322862252', 'CarePharmaTech', '2023-8-19', '2023-9-17'),
('5582201345', 'CareSolutions', '2021-11-21', 'NULL'),
('7093131716', 'CareSolutions', '2022-4-23', 'NULL'),
('3233365148', 'TheraPharm', '2016-11-17', 'NULL'),
('1331963499', 'BioPharmaTech', '2016-6-3', '2017-11-24'),
('9888559267', 'CureSolutions', '2019-3-6', 'NULL'),
('9565015433', 'GenSolutions', '2020-10-27', 'NULL'),
('0401891341', 'HealthLab', '2022-9-25', 'NULL'),
('2426265617', 'CarePharmaTech', '2022-1-9', '2023-10-3'),
('2893409942', 'CarePharmaTech', '2023-2-14', '2023-7-24'),
('4158403239', 'MediHealthcare', '2018-8-3', 'NULL'),
('0401891341', 'MediHealthcare', '2018-7-15', '2019-10-23'),
('5582201345', 'BioHealthcare', '2019-11-3', '2020-8-6'),
('5685450761', 'CurePharm', '2016-1-12', 'NULL'),
('5582201345', 'GenSolutions', '2022-2-4', '2023-6-8'),
('8253522452', 'BioBioTech', '2015-6-26', '2021-7-11'),
('6624251996', 'TheraPharm', '2020-2-25', '2023-2-5');

INSERT INTO lives_in VALUES
('2243 Cedar Court', '2914787873', '2015-10-7'),
('6003 Willow Street', '2058223259', '2015-9-22'),
('0406 Hickory Avenue', '2862004524', '2015-8-27'),
('2544 Cedar Avenue', '8923652369', '2021-9-14'),
('1947 Hickory Street', '6016704405', '2019-7-16'),
('6341 Oak Way', '5363849535', '2016-4-6'),
('0561 Maple Circle', '1331963499', '2021-1-2'),
('8832 Oak Road', '2327164035', '2019-6-26'),
('4364 Elm Terrace', '0953066253', '2015-8-11'),
('2544 Cedar Avenue', '2012190674', '2020-5-25'),
('9948 Elm Lane', '3539677776', '2023-4-11'),
('1086 Birch Lane', '8068054422', '2016-1-16'),
('4364 Elm Terrace', '2023284046', '2019-4-10'),
('0406 Hickory Avenue', '9506988191', '2021-5-1'),
('8862 Hickory Circle', '9565015433', '2023-7-1'),
('2643 Birch Street', '8004797577', '2020-11-18'),
('1086 Birch Lane', '4862696659', '2019-2-10'),
('8364 Willow Circle', '1639028852', '2015-5-13'),
('6341 Oak Way', '2271778889', '2016-8-19'),
('0705 Elm Avenue', '4797864442', '2019-1-11'),
('4483 Maple Road', '2874427240', '2023-1-26'),
('5417 Maple Court', '1242252152', '2015-1-15'),
('0561 Maple Circle', '2012190674', '2023-1-6'),
('0561 Maple Circle', '6493218019', '2015-8-15'),
('4483 Maple Road', '4147589765', '2015-8-3'),
('1947 Hickory Street', '5685450761', '2023-8-12'),
('8208 Elm Street', '2914787873', '2017-4-13'),
('6341 Oak Way', '6816737498', '2016-11-1'),
('2255 Maple Street', '8876341452', '2021-7-15'),
('9948 Elm Lane', '2215417399', '2022-3-12'),
('8208 Elm Street', '5142719349', '2020-3-9'),
('1947 Hickory Street', '1639028852', '2023-8-22'),
('0561 Maple Circle', '2984925119', '2016-5-24'),
('2255 Maple Street', '9506988191', '2018-4-6'),
('2499 Willow Court', '8876341452', '2022-5-4'),
('4483 Maple Road', '6679195032', '2016-10-9'),
('4364 Elm Terrace', '8776482366', '2019-11-1'),
('1947 Hickory Street', '4439858473', '2021-8-19'),
('2255 Maple Street', '3766713355', '2016-10-20'),
('0705 Elm Avenue', '0706172269', '2015-5-15'),
('1086 Birch Lane', '5685450761', '2017-9-1'),
('0406 Hickory Avenue', '7580402606', '2023-10-24'),
('9948 Elm Lane', '1331963499', '2022-2-8'),
('4483 Maple Road', '8968077694', '2023-1-3'),
('4696 Cedar Terrace', '9888559267', '2018-5-8'),
('4483 Maple Road', '4439858473', '2021-5-23'),
('5927 Spruce Court', '0706172269', '2019-1-5'),
('5417 Maple Court', '8776482366', '2019-8-11'),
('6341 Oak Way', '8322862252', '2020-7-6'),
('1477 Hickory Lane', '6842433778', '2021-4-10');

INSERT INTO lives_with VALUES
('5582201345', '5656353210', 'Descendent'),
('3233365148', '1242252152', 'Partner'),
('3233365148', '8421257274', 'Roommate'),
('5142719349', '0953066253', 'Parent'),
('2215417399', '4697797464', 'Parent'),
('8253522452', '6679195032', 'Parent'),
('7549606674', '2327164035', 'Parent'),
('9888559267', '4246310697', 'Partner'),
('2058223259', '7206763500', 'Partner'),
('8599468282', '4479690685', 'Descendent'),
('2426265617', '6842433778', 'Roommate'),
('5656353210', '4147589765', 'Roommate'),
('4158403239', '9888559267', 'Roommate'),
('8599468282', '5656353210', 'Partner'),
('4381592170', '2984925119', 'Roommate'),
('2426265617', '2023284046', 'Parent'),
('2215417399', '7962824480', 'Roommate'),
('7549606674', '8635408098', 'Partner'),
('9888559267', '8078441322', 'Partner'),
('2215417399', '8968077694', 'Partner'),
('9565015433', '5656353210', 'Partner'),
('8599468282', '5651268615', 'Parent'),
('4381592170', '5142719349', 'Parent'),
('2893409942', '4797864442', 'Roommate'),
('7549606674', '2333448897', 'Parent'),
('1331963499', '9264329380', 'Parent'),
('7549606674', '5651268615', 'Partner'),
('8253522452', '6016704405', 'Descendent'),
('6493218019', '1639028852', 'Roommate'),
('4381592170', '8004797577', 'Parent'),
('6493218019', '4246310697', 'Roommate'),
('5582201345', '1549088943', 'Partner'),
('7549606674', '5642449478', 'Descendent'),
('4307932220', '0401891341', 'Parent'),
('4158403239', '5493885763', 'Partner'),
('4158403239', '2068052431', 'Parent'),
('5656353210', '1662914577', 'Parent'),
('2058223259', '5582201345', 'Parent'),
('7093131716', '3766713355', 'Partner'),
('4381592170', '0401891341', 'Partner'),
('8635408098', '8068054422', 'Parent'),
('3539677776', '1686851471', 'Parent'),
('2893409942', '5972115193', 'Descendent'),
('0401891341', '2862004524', 'Descendent'),
('2984925119', '3228118775', 'Descendent'),
('6624251996', '4479690685', 'Roommate'),
('8253522452', '8068054422', 'Descendent'),
('8599468282', '3864538275', 'Descendent'),
('8322862252', '9888559267', 'Roommate'),
('3233365148', '8876341452', 'Parent');

INSERT INTO Infection VALUES
('2023-2-10', 'SARS-Cov-2 Variant', 1, '2271778889'),
('2022-1-5', 'SARS-Cov-2 Variant', 9, '4439858473'),
('2022-3-12', 'SARS-Cov-2 Variant', 2, '6493218019'),
('2022-9-7', 'Other', 4, '2271778889'),
('2020-1-3', 'SARS-Cov-2 Variant', 12, '0376958746'),
('2020-5-11', 'Other', 12, '9506988191'),
('2021-7-15', 'SARS-Cov-2 Variant', 1, '9565015433'),
('2023-8-23', 'COVID-19', 6, '7206763500'),
('2020-1-8', 'Other', 7, '7580402606'),
('2020-10-5', 'Other', 5, '8421257274'),
('2022-9-5', 'Other', 11, '2023284046'),
('2023-6-7', 'COVID-19', 1, '4147589765'),
('2021-7-23', 'Other', 10, '7962824480'),
('2020-9-20', 'SARS-Cov-2 Variant', 4, '1242252152'),
('2021-1-22', 'SARS-Cov-2 Variant', 9, '5656353210'),
('2021-3-8', 'Other', 9, '2327164035'),
('2022-7-12', 'Other', 4, '9143205996'),
('2023-8-26', 'Other', 6, '6624251996'),
('2021-10-24', 'COVID-19', 13, '8635408098'),
('2021-11-13', 'SARS-Cov-2 Variant', 8, '2914787873'),
('2023-1-16', 'SARS-Cov-2 Variant', 4, '1686851471'),
('2022-2-19', 'Other', 12, '6842433778'),
('2023-2-20', 'COVID-19', 2, '4797864442'),
('2020-2-18', 'COVID-19', 7, '0706172269'),
('2021-11-15', 'COVID-19', 6, '7580402606'),
('2023-9-25', 'SARS-Cov-2 Variant', 7, '3695411789'),
('2021-3-24', 'SARS-Cov-2 Variant', 10, '6624251996'),
('2021-2-15', 'Other', 1, '6611809494'),
('2023-10-11', 'COVID-19', 13, '4697797464'),
('2022-5-22', 'Other', 5, '3539677776'),
('2021-3-14', 'Other', 13, '4147589765'),
('2022-2-5', 'Other', 10, '2117944155'),
('2023-5-19', 'SARS-Cov-2 Variant', 8, '3228118775'),
('2022-5-20', 'COVID-19', 3, '1017242567'),
('2023-7-8', 'SARS-Cov-2 Variant', 1, '4479690685'),
('2021-4-11', 'COVID-19', 9, '2327164035'),
('2023-3-3', 'COVID-19', 7, '2639814965'),
('2022-9-4', 'SARS-Cov-2 Variant', 7, '8056102678'),
('2020-9-23', 'Other', 12, '5685450761'),
('2021-11-6', 'COVID-19', 13, '0164167277');

INSERT INTO Vaccine VALUES
(1, 'Johnson & Johnson', '2021-9-9', '3228118775', 'HealthLab'),
(1, 'Moderna', '2021-6-20', '8056102678', 'CareSolutions'),
(2, 'AstraZeneca', '2021-11-12', '9143205996', 'MediPharmaTech'),
(1, 'Johnson & Johnson', '2021-4-14', '1331963499', 'CareSolutions'),
(2, 'AstraZeneca', '2022-6-6', '2984925119', 'CarePharmaTech'),
(1, 'Pfizer', '2022-10-12', '2333448897', 'HealthResearch'),
(1, 'AstraZeneca', '2023-1-4', '7549606674', 'CurePharm'),
(3, 'Johnson & Johnson', '2020-3-5', '5090898272', 'CareSolutions'),
(2, 'Johnson & Johnson', '2020-6-18', '7580402606', 'BioPharm'),
(2, 'AstraZeneca', '2022-3-12', '8968077694', 'PharmaPharm'),
(2, 'Moderna', '2023-8-9', '5685450761', 'CureSolutions'),
(1, 'Moderna', '2023-2-26', '6016704405', 'MediHealthcare'),
(1, 'Pfizer', '2023-9-13', '4246310697', 'BioPharm'),
(3, 'Moderna', '2020-6-1', '6624251996', 'PharmaPharm'),
(3, 'Pfizer', '2022-5-26', '2862004524', 'TheraTech'),
(3, 'Moderna', '2020-7-5', '2862004524', 'HealthResearch'),
(2, 'AstraZeneca', '2020-5-5', '8004797577', 'HealthPharmaTech'),
(2, 'Moderna', '2020-8-1', '7549606674', 'HealthLab'),
(1, 'Moderna', '2023-1-23', '8859576269', 'GenSolutions'),
(2, 'Moderna', '2021-9-2', '8056102678', 'BioBioTech'),
(2, 'Pfizer', '2023-1-16', '0619632897', 'HealthResearch'),
(1, 'Moderna', '2023-7-14', '5142719349', 'HealthResearch'),
(1, 'Pfizer', '2021-7-10', '5582201345', 'PharmaPharm'),
(2, 'Pfizer', '2021-1-19', '2914787873', 'CureHealthcare'),
(1, 'Moderna', '2021-10-1', '3539677776', 'PharmaBioTech'),
(3, 'Johnson & Johnson', '2021-3-1', '1549088943', 'TheraPharm'),
(2, 'Pfizer', '2020-1-23', '4862696659', 'HealthLab'),
(1, 'Johnson & Johnson', '2023-5-25', '8859576269', 'MediPharmaTech'),
(1, 'AstraZeneca', '2022-7-22', '5648053186', 'CarePharmaTech'),
(3, 'Moderna', '2021-3-16', '6493218019', 'MediHealthcare'),
(3, 'Johnson & Johnson', '2020-1-26', '6016704405', 'CarePharmaTech'),
(2, 'Pfizer', '2022-7-20', '1662914577', 'BioPharm'),
(2, 'Johnson & Johnson', '2020-9-6', '7580402606', 'CureHealthcare'),
(2, 'Johnson & Johnson', '2021-11-1', '1662914577', 'BioPharm'),
(2, 'Johnson & Johnson', '2022-11-16', '2639814965', 'TheraTech'),
(2, 'AstraZeneca', '2020-8-26', '2984925119', 'BioBioTech'),
(1, 'AstraZeneca', '2022-9-9', '7357066247', 'CurePharm'),
(2, 'Moderna', '2020-2-5', '2023284046', 'CareTech'),
(3, 'Johnson & Johnson', '2023-7-15', '2984925119', 'HealthHealthcare'),
(3, 'Moderna', '2021-10-25', '9888559267', 'PharmaHealthcare'),
(1, 'Pfizer', '2023-11-22', '4158403239', 'BioPharm'),
(1, 'Pfizer', '2023-5-3', '5493885763', 'HealthResearch'),
(1, 'AstraZeneca', '2022-2-7', '8078441322', 'BioPharm'),
(1, 'AstraZeneca', '2023-2-18', '5582201345', 'BioPharmaTech'),
(1, 'Pfizer', '2022-2-27', '5090898272', 'MediPharmaTech'),
(3, 'AstraZeneca', '2023-1-27', '4307932220', 'CareTech'),
(2, 'Johnson & Johnson', '2023-2-12', '0706172269', 'TheraPharm'),
(3, 'Pfizer', '2022-5-14', '8056102678', 'BioPharmaTech'),
(3, 'Moderna', '2022-10-2', '2874427240', 'HealthPharmaTech'),
(2, 'Pfizer', '2020-10-23', '5642449478', 'HealthLab'),
(2, 'Johnson & Johnson', '2023-11-20', '4797864442', 'BioBioTech'),
(3, 'Moderna', '2022-11-16', '5656353210', 'GenMed'),
(1, 'Moderna', '2021-3-19', '7319915497', 'CareTech'),
(2, 'Johnson & Johnson', '2023-8-26', '8056102678', 'CurePharm'),
(2, 'Pfizer', '2020-4-15', '7319915497', 'PharmaBioTech'),
(2, 'Pfizer', '2020-6-22', '7093131716', 'CarePharmaTech'),
(2, 'Pfizer', '2022-3-21', '4797864442', 'CarePharmaTech'),
(2, 'Johnson & Johnson', '2021-10-10', '5582201345', 'MediPharmaTech'),
(2, 'Pfizer', '2020-6-21', '7589190400', 'PharmaBioTech'),
(1, 'Johnson & Johnson', '2021-9-25', '4797864442', 'CureSolutions'),
(1, 'Pfizer', '2021-7-25', '5493885763', 'PharmaSolutions'),
(2, 'Pfizer', '2020-10-18', '3228118775', 'CareTech'),
(3, 'AstraZeneca', '2020-10-26', '7580402606', 'PharmaHealthcare'),
(3, 'Moderna', '2022-9-21', '5972115193', 'CarePharmaTech'),
(2, 'AstraZeneca', '2020-7-23', '6016704405', 'BioBioTech'),
(2, 'Moderna', '2023-2-14', '7962824480', 'CareSolutions'),
(3, 'Johnson & Johnson', '2021-10-19', '5090898272', 'MediHealthcare'),
(2, 'AstraZeneca', '2022-8-1', '1331963499', 'HealthPharmaTech'),
(2, 'AstraZeneca', '2022-10-11', '8421257274', 'PharmaBioTech'),
(3, 'AstraZeneca', '2020-7-7', '2271778889', 'CureHealthcare'),
(1, 'Moderna', '2021-2-25', '9264329380', 'CareHealthcare'),
(2, 'Pfizer', '2022-9-12', '5685450761', 'HealthLab'),
(1, 'Pfizer', '2022-7-22', '2862004524', 'CareHealthcare'),
(1, 'Moderna', '2020-10-11', '5018919807', 'BioHealthcare'),
(3, 'AstraZeneca', '2020-2-25', '6493218019', 'TheraTech'),
(2, 'Johnson & Johnson', '2021-9-27', '3695411789', 'HealthResearch'),
(1, 'Johnson & Johnson', '2023-8-12', '2327164035', 'HealthResearch'),
(1, 'AstraZeneca', '2022-2-8', '7283425787', 'TheraTech'),
(2, 'AstraZeneca', '2020-3-22', '6611809494', 'HealthLab'),
(1, 'AstraZeneca', '2021-3-5', '0164167277', 'HealthHealthcare');


