INSERT INTO Residence VALUES
('8772 Maple Drive', 'Quebec City', 'Ontario', 'L96 3Z7', '6346554766', 5, 'House'),
('1708 Spruce Circle', 'Barrie', 'Manitoba', 'Z34 8K9', '7596870602', 3, 'Apartment'),
('3387 Hickory Court', 'Vancouver', 'Ontario', 'D49 0T7', '4159873680', 5, 'Semi-Detached House'),
('5003 Cedar Road', 'Norfolk County', 'New Brunswick', 'T69 4I8', '8083718888', 5, 'Condominium'),
('9369 Oak Street', 'Hamilton', 'Manitoba', 'R95 4U7', '2947484682', 4, 'Condominium'),
('5900 Willow Terrace', 'Kitchener', 'New Brunswick', 'C67 8A1', '7969245007', 5, 'House'),
('1054 Maple Court', 'North Bay', 'Ontario', 'S04 2R4', '3547420020', 6, 'House'),
('7471 Birch Boulevard', 'Abbotsford', 'Nova Scotia', 'P33 5R4', '8703597085', 3, 'Apartment'),
('2732 Maple Lane', 'Belleville', 'Manitoba', 'G63 5S8', '7084900859', 1, 'Apartment'),
('1269 Willow Circle', 'Fredericton', 'Prince Edward Island', 'T17 2G7', '5711112728', 1, 'Condominium'),
('3168 Elm Road', 'Newmarket', 'Ontario', 'Y69 2C1', '8041004635', 5, 'Semi-Detached House'),
('4299 Elm Terrace', 'Saskatoon', 'Ontario', 'Y64 7C5', '3709009894', 7, 'Semi-Detached House'),
('4814 Hickory Street', 'Brandon', 'Prince Edward Island', 'A86 0S0', '8807653009', 4, 'Condominium'),
('8960 Maple Street', 'Lethbridge', 'Saskatchewan', 'D33 7Z0', '5927675444', 2, 'Apartment'),
('0596 Oak Court', 'Moncton', 'New Brunswick', 'A14 8F0', '9835948542', 2, 'Semi-Detached House'),
('0839 Hickory Terrace', 'London', 'Ontario', 'X95 1F2', '8257957417', 3, 'Condominium'),
('1643 Willow Way', 'Winnipeg', 'Saskatchewan', 'I59 4D0', '6952153395', 1, 'Apartment'),
('4257 Spruce Way', 'Calgary', 'Newfoundland and Labrador', 'J16 5Q8', '9023472084', 5, 'Semi-Detached House'),
('0690 Birch Lane', 'Medicine Hat', 'New Brunswick', 'C28 0T9', '5037052963', 6, 'Apartment'),
('9432 Magnolia Court', 'Kelowna', 'Northwest Territories', 'T06 6G7', '8130641963', 6, 'House'),
('3543 Cedar Avenue', 'Chicoutimi', 'Quebec', 'X07 7P1', '9788048761', 5, 'Condominium'),
('7505 Cedar Way', 'Saint-Jérôme', 'Alberta', 'J40 5O1', '2760052708', 4, 'Semi-Detached House'),
('2561 Pine Road', 'Aurora', 'Nunavut', 'X85 9W1', '5399048486', 3, 'Semi-Detached House'),
('8151 Birch Road', 'Oshawa', 'Manitoba', 'L38 0X0', '5828941587', 3, 'Condominium'),
('3285 Maple Circle', 'Guelph', 'Saskatchewan', 'H26 1M5', '3597029748', 4, 'Condominium'),
('8546 Willow Drive', 'Cornwall', 'Alberta', 'A33 6H6', '5658587648', 7, 'Semi-Detached House'),
('4035 Hickory Lane', 'Saint John', 'Newfoundland and Labrador', 'M42 7X4', '8828536953', 3, 'House'),
('6876 Maple Avenue', 'Drummondville', 'Northwest Territories', 'I66 2I5', '4758448958', 5, 'House'),
('7535 Hickory Boulevard', 'Saint-Hyacinthe', 'Quebec', 'B18 5Q7', '9458777535', 7, 'Condominium'),
('7411 Elm Court', 'Ottawa', 'Prince Edward Island', 'W56 7S0', '4038331950', 7, 'Apartment'),
('5905 Elm Lane', 'Peterborough', 'British Columbia', 'Q00 4X2', '7530837007', 4, 'Semi-Detached House'),
('3157 Magnolia Boulevard', 'Toronto', 'New Brunswick', 'V15 4X6', '2835169634', 6, 'Apartment'),
('4401 Spruce Drive', 'Montreal', 'Manitoba', 'G49 9C3', '7338855896', 7, 'Apartment'),
('6060 Birch Circle', 'Windsor', 'Alberta', 'R96 2K3', '6663578908', 2, 'Semi-Detached House'),
('4622 Magnolia Avenue', 'Trois-Rivieres', 'Nova Scotia', 'X59 4S0', '9131413214', 2, 'Condominium'),
('8732 Oak Drive', 'Victoriaville', 'Alberta', 'Z89 8M6', '3446796453', 3, 'Condominium'),
('6081 Spruce Lane', 'Kanata', 'Northwest Territories', 'P13 8H7', '3869228470', 1, 'Semi-Detached House'),
('0902 Birch Street', 'Regina', 'Northwest Territories', 'P98 8M6', '6249132113', 2, 'Apartment'),
('7714 Pine Avenue', 'Red Deer', 'British Columbia', 'Q34 8R1', '6006299594', 4, 'House'),
('3638 Spruce Terrace', 'St. Johns', 'Newfoundland and Labrador', 'Q56 1W4', '9831611277', 1, 'House');

INSERT INTO Person VALUES
('2835632707', 'Aiden', 'Gonzalez', '2009-8-3', 'G498515050', '2918560656', 'Canadian', 'aidengonzalez53@gmail.com', 'Electrician', '6876 Maple Avenue'),
('6557752589', 'Evelyn', 'Hall', '1950-1-23', 'N121051661', '2315319199', 'Canadian', 'evelynhall90@gmail.com', 'Financial Analyst', '3387 Hickory Court'),
('3709001644', 'Aria', 'Turner', '1964-7-12', 'Q810571486', '5201737564', 'Canadian', 'ariaturner94@gmail.com', 'Librarian', '7714 Pine Avenue'),
('1879651436', 'Logan', 'King', '2009-11-7', 'O693868453', '6935168339', 'Canadian', 'loganking08@gmail.com', 'Bartender', '4401 Spruce Drive'),
('8653518447', 'Victoria', 'Allen', '1956-11-4', 'M621149407', '9332427450', 'Canadian', 'victoriaallen16@gmail.com', 'Chemist', '5905 Elm Lane'),
('9719851375', 'Victoria', 'Mitchell', '1961-8-13', 'Z971404452', '8883580816', 'Canadian', 'victoriamitchell15@gmail.com', 'Real Estate Agent', '0596 Oak Court'),
('4735411484', 'Amelia', 'Lopez', '1953-5-22', 'X496149590', '6499240875', 'Canadian', 'amelialopez15@gmail.com', 'Construction Worker', '4814 Hickory Street'),
('5981452350', 'Victoria', 'Lee', '1982-8-5', 'E157145830', '9423478097', 'Canadian', 'victorialee74@gmail.com', 'Actor', '4035 Hickory Lane'),
('0148897293', 'Evelyn', 'Martinez', '2002-8-2', 'Y663698315', '7573818044', 'Canadian', 'evelynmartinez43@gmail.com', 'Architect', '2732 Maple Lane'),
('2907423167', 'Liam', 'Parker', '1949-3-3', 'X222232114', '5976510104', 'Canadian', 'liamparker99@gmail.com', 'Meteorologist', '8546 Willow Drive'),
('1309742689', 'Alexander', 'Williams', '1989-6-4', 'Y753939736', '5335305349', 'Canadian', 'alexanderwilliams25@gmail.com', 'Doctor', '3157 Magnolia Boulevard'),
('6050666837', 'Carter', 'Harris', '1982-4-19', 'T382183808', '9744863193', 'Canadian', 'carterharris49@gmail.com', 'Chef', '7535 Hickory Boulevard'),
('3612157785', 'Mia', 'Allen', '1990-2-26', 'B004434154', '9017988199', 'Canadian', 'miaallen58@gmail.com', 'Nurse', '4622 Magnolia Avenue'),
('6390885750', 'Victoria', 'Walker', '1997-3-15', 'X988684885', '9978248822', 'Canadian', 'victoriawalker05@gmail.com', 'Lawyer', '0902 Birch Street'),
('5271207445', 'Elijah', 'Lewis', '1978-8-9', 'J228218367', '8415131198', 'Canadian', 'elijahlewis93@gmail.com', 'Teacher', '7505 Cedar Way'),
('6941332997', 'Mason', 'Evans', '1954-2-5', 'B242167595', '2213412837', 'Canadian', 'masonevans69@gmail.com', 'Marketing Manager', '1643 Willow Way'),
('1622704166', 'Samuel', 'Lewis', '1984-6-1', 'U407996394', '7488086053', 'Canadian', 'samuellewis81@gmail.com', 'Artist', '2561 Pine Road'),
('4918881039', 'Chloe', 'King', '2001-2-27', 'G054080535', '8939385026', 'Canadian', 'chloeking30@gmail.com', 'Translator', '1708 Spruce Circle'),
('2599239247', 'Grace', 'Baker', '2022-10-1', 'J126116518', '6961855092', 'Canadian', 'gracebaker71@gmail.com', 'Carpenter', '5905 Elm Lane'),
('7566116927', 'Joseph', 'Moore', '2019-1-17', 'Q480881312', '4043411493', 'Canadian', 'josephmoore17@gmail.com', 'Paramedic', '1054 Maple Court'),
('9769964888', 'Amelia', 'Roberts', '1970-2-3', 'E665898703', '2929035222', 'Canadian', 'ameliaroberts80@gmail.com', 'Interior Designer', '7714 Pine Avenue'),
('6338288867', 'Riley', 'Harris', '1989-7-11', 'V251361572', '7961999861', 'Canadian', 'rileyharris32@gmail.com', 'Mechanic', '4257 Spruce Way'),
('8691700441', 'David', 'Allen', '1983-7-22', 'D157426619', '4389497564', 'Canadian', 'davidallen62@gmail.com', 'Fashion Designer', '7714 Pine Avenue'),
('4730141003', 'Lucas', 'Mitchell', '1980-11-16', 'D711757841', '5409845601', 'Canadian', 'lucasmitchell79@gmail.com', 'Biologist', '0902 Birch Street'),
('2918581162', 'Harper', 'Baker', '2004-8-17', 'P638456196', '4095640999', 'Canadian', 'harperbaker36@gmail.com', 'Journalist', '6081 Spruce Lane'),
('7073557741', 'Emma', 'Adams', '2000-2-14', 'G185845378', '3631268345', 'Canadian', 'emmaadams28@gmail.com', 'Graphic Designer', '8546 Willow Drive'),
('2268601850', 'Matthew', 'Brown', '1971-5-23', 'N063282243', '7516710404', 'Canadian', 'matthewbrown50@gmail.com', 'Pharmacist', '7535 Hickory Boulevard'),
('0211164372', 'Charlotte', 'Martin', '1954-4-12', 'K135500554', '6168108424', 'Canadian', 'charlottemartin69@gmail.com', 'Flight Attendant', '4257 Spruce Way'),
('3589991285', 'Ava', 'Phillips', '1988-9-22', 'H543011668', '5235495916', 'Canadian', 'avaphillips90@gmail.com', 'Engineer', '3543 Cedar Avenue'),
('3758910578', 'Lucas', 'Martin', '1941-9-4', 'S209577429', '2253483013', 'Canadian', 'lucasmartin07@gmail.com', 'Web Designer', '1054 Maple Court'),
('5590387291', 'Oliver', 'Carter', '1981-1-13', 'Z848451285', '8476214563', 'Canadian', 'olivercarter90@gmail.com', 'Photographer', '0902 Birch Street'),
('7428989276', 'Carter', 'Nelson', '2012-3-4', 'A261352698', '7358829209', 'Canadian', 'carternelson34@gmail.com', 'HR Manager', '4035 Hickory Lane'),
('9526990578', 'David', 'Taylor', '1960-10-12', 'B662841632', '4870573138', 'Canadian', 'davidtaylor36@gmail.com', 'Geologist', '8546 Willow Drive'),
('5313598168', 'Victoria', 'Lopez', '1959-3-6', 'A304249175', '3067273916', 'Canadian', 'victorialopez50@gmail.com', 'Writer', '2561 Pine Road'),
('7041594489', 'Emily', 'Roberts', '1941-7-17', 'U715003892', '6212618242', 'Canadian', 'emilyroberts29@gmail.com', 'Waiter/Waitress', '8960 Maple Street'),
('3524575640', 'Grace', 'Hernandez', '1990-9-5', 'B126530315', '2366063746', 'Canadian', 'gracehernandez89@gmail.com', 'Software Developer', '8546 Willow Drive'),
('0549379016', 'Elijah', 'Lee', '1956-10-6', 'C427783482', '5214150586', 'Canadian', 'elijahlee67@gmail.com', 'Sales Representative', '7535 Hickory Boulevard'),
('5368308712', 'Emily', 'Smith', '1976-7-14', 'I430147785', '7395666707', 'Canadian', 'emilysmith11@gmail.com', 'Plumber', '8546 Willow Drive'),
('0662570115', 'Elijah', 'Miller', '1971-2-20', 'J772048444', '2865940929', 'Canadian', 'elijahmiller92@gmail.com', 'Veterinarian', '3168 Elm Road'),
('6454010853', 'Daniel', 'Baker', '1968-9-5', 'P252249436', '7433406493', 'Canadian', 'danielbaker19@gmail.com', 'Psychologist', '1708 Spruce Circle');

INSERT INTO Employee VALUES
('3709001644', 'Doctor'),
('2918581162', 'Security Personnel'),
('2599239247', 'Receptionist'),
('6050666837', 'Doctor'),
('1309742689', 'Nurse'),
('9719851375', 'Doctor'),
('5981452350', 'Nurse'),
('6454010853', 'Nurse'),
('6941332997', 'Administrative Personnel'),
('7073557741', 'Security Personnel'),
('2835632707', 'Nurse'),
('0211164372', 'Security Personnel'),
('9526990578', 'Receptionist'),
('3524575640', 'Receptionist'),
('7428989276', 'Receptionist'),
('5368308712', 'Administrative Personnel'),
('4918881039', 'Cashier'),
('1622704166', 'Regular Employee'),
('7566116927', 'Pharmacist'),
('4735411484', 'Administrative Personnel'),
('9769964888', 'Administrative Personnel'),
('3612157785', 'Doctor'),
('5313598168', 'Nurse'),
('4730141003', 'Administrative Personnel'),
('0662570115', 'Receptionist'),
('3589991285', 'Cashier'),
('6390885750', 'Pharmacist'),
('0148897293', 'Pharmacist'),
('5590387291', 'Cashier'),
('2268601850', 'Security Personnel'),
('8653518447', 'Nurse'),
('7041594489', 'Nurse'),
('1879651436', 'Doctor'),
('3758910578', 'Regular Employee'),
('0549379016', 'Regular Employee');

INSERT INTO Facility VALUES
('HealthPharmaCare', 'Hickory Circle', 'Drummondville', 'Q43 0P0', '9141056276', 'www.healthpharmacare971.org', 'Clinic', 716, '5368308712'),
('GenPharmaCare', 'Oak Street', 'Hamilton', 'S34 3C9', '6683286874', 'www.genpharmacare924.org', 'Clinic', 449, '1879651436'),
('PharmaPharmaTech', 'Elm Terrace', 'Chicoutimi', 'C90 7O6', '3987828146', 'www.pharmapharmatech329.org', 'Hospital', 89, '6454010853'),
('CareBioTech', 'Maple Avenue', 'Newmarket', 'Q59 6O7', '7577385773', 'www.carebiotech567.org', 'CLSC', 690, '6454010853'),
('BioPharmaTech', 'Pine Street', 'Ottawa', 'D29 0U4', '6224806613', 'www.biopharmatech407.org', 'Hospital', 509, '3612157785'),
('CureLab', 'Maple Boulevard', 'Quebec City', 'T71 6Z6', '2347436701', 'www.curelab483.org', 'Pharmacy', 609, '9526990578'),
('CureHealthcare', 'Cedar Avenue', 'Victoria', 'U14 5Z8', '8411148869', 'www.curehealthcare437.org', 'CLSC', 420, '4730141003'),
('GenPharm', 'Magnolia Lane', 'Toronto', 'L76 8Y9', '2003353907', 'www.genpharm949.org', 'CLSC', 228, '0549379016'),
('GenBioTech', 'Pine Road', 'Guelph', 'V29 5E5', '3985932555', 'www.genbiotech529.org', 'Special Instalment', 912, '6941332997'),
('PharmaSolutions', 'Birch Court', 'Kanata', 'W70 2S1', '7947786401', 'www.pharmasolutions369.org', 'Hospital', 435, '2918581162'),
('CureResearch', 'Spruce Court', 'Edmonton', 'G65 6L2', '2547186247', 'www.cureresearch437.org', 'Clinic', 792, '0148897293'),
('LifeTech', 'Willow Avenue', 'Kelowna', 'A93 1J3', '2041154815', 'www.lifetech237.org', 'Special Instalment', 664, '0662570115'),
('MediMed', 'Willow Way', 'Medicine Hat', 'S74 1K9', '7033591748', 'www.medimed296.org', 'Clinic', 947, '3758910578'),
('CurePharmaCare', 'Pine Terrace', 'Red Deer', 'V84 3C0', '4130452626', 'www.curepharmacare761.org', 'Clinic', 238, '2268601850'),
('CareMed', 'Hickory Street', 'Saint John', 'G34 8Q6', '4968928892', 'www.caremed276.org', 'Hospital', 975, '7566116927'),
('MediBioTech', 'Oak Drive', 'Regina', 'Y89 9D0', '6845695167', 'www.medibiotech375.org', 'CLSC', 688, '2918581162'),
('HealthTech', 'Hickory Drive', 'Saint-Hyacinthe', 'J77 6A4', '6920714674', 'www.healthtech357.org', 'CLSC', 831, '4735411484'),
('LifeLab', 'Birch Avenue', 'Trois-Rivieres', 'O89 5V0', '2709648674', 'www.lifelab982.org', 'CLSC', 275, '6454010853'),
('GenLab', 'Spruce Avenue', 'Fredericton', 'E70 9X8', '7498937702', 'www.genlab940.org', 'CLSC', 395, '4735411484'),
('LifePharmaCare', 'Spruce Drive', 'London', 'Z33 4D1', '3893377350', 'www.lifepharmacare995.org', 'Pharmacy', 474, '3524575640'),
('GenMed', 'Spruce Lane', 'Lethbridge', 'P76 9M1', '5455040035', 'www.genmed278.org', 'Special Instalment', 214, '5368308712'),
('CareHealthcare', 'Magnolia Drive', 'Norfolk County', 'E38 4O4', '3396290201', 'www.carehealthcare799.org', 'Special Instalment', 857, '9526990578'),
('VitaLab', 'Cedar Road', 'Halifax', 'Z60 2T4', '9615233646', 'www.vitalab725.org', 'Pharmacy', 708, '2599239247'),
('CureBioTech', 'Willow Lane', 'Aurora', 'H53 1W7', '3434133838', 'www.curebiotech727.org', 'Special Instalment', 977, '5981452350'),
('PharmaResearch', 'Elm Drive', 'Cornwall', 'S32 8A5', '5955360695', 'www.pharmaresearch694.org', 'Special Instalment', 621, '6454010853');

INSERT INTO Works_at VALUES
('3524575640', 'HealthPharmaCare', '2021-9-26', 'NULL'),
('7428989276', 'MediBioTech', '2019-1-2', '2020-9-15'),
('2268601850', 'CureHealthcare', '2016-9-17', 'NULL'),
('3589991285', 'HealthPharmaCare', '2015-11-6', '2018-8-10'),
('7428989276', 'CureBioTech', '2023-7-7', '2023-11-26'),
('3758910578', 'GenLab', '2020-1-7', '2020-10-7'),
('3589991285', 'CareBioTech', '2021-7-10', 'NULL'),
('5368308712', 'CurePharmaCare', '2018-1-22', 'NULL'),
('8653518447', 'GenBioTech', '2022-2-11', '2022-8-23'),
('2268601850', 'CareBioTech', '2017-6-14', 'NULL'),
('9719851375', 'CareMed', '2021-1-1', 'NULL'),
('5590387291', 'PharmaSolutions', '2020-11-19', 'NULL'),
('1309742689', 'BioPharmaTech', '2017-4-27', 'NULL'),
('1879651436', 'LifePharmaCare', '2016-6-18', 'NULL'),
('9769964888', 'HealthTech', '2022-2-17', 'NULL'),
('9719851375', 'GenMed', '2020-6-1', 'NULL'),
('4918881039', 'GenLab', '2019-10-22', 'NULL'),
('3758910578', 'CareHealthcare', '2018-4-20', '2019-4-25'),
('6050666837', 'CureHealthcare', '2018-7-10', 'NULL'),
('0148897293', 'CareBioTech', '2015-5-12', 'NULL'),
('4735411484', 'MediMed', '2019-9-10', 'NULL'),
('0211164372', 'CurePharmaCare', '2023-2-23', 'NULL'),
('6454010853', 'CureHealthcare', '2019-11-27', 'NULL'),
('2835632707', 'MediBioTech', '2015-6-21', '2023-8-11'),
('3589991285', 'PharmaSolutions', '2018-2-4', '2023-2-3'),
('9769964888', 'GenPharm', '2015-2-17', '2021-8-5'),
('0211164372', 'GenPharmaCare', '2022-10-18', 'NULL'),
('2599239247', 'GenMed', '2019-3-22', '2023-7-11'),
('5981452350', 'GenPharm', '2023-4-20', '2023-11-20'),
('0211164372', 'MediMed', '2022-10-9', '2023-6-9'),
('6941332997', 'CureResearch', '2021-6-16', 'NULL'),
('3524575640', 'GenLab', '2023-9-17', '2023-10-17'),
('1309742689', 'GenMed', '2018-6-16', '2021-8-27'),
('7428989276', 'LifePharmaCare', '2016-10-5', '2019-5-23'),
('2268601850', 'MediBioTech', '2016-1-14', 'NULL'),
('0148897293', 'CareMed', '2017-3-10', 'NULL'),
('2835632707', 'LifePharmaCare', '2023-9-2', 'NULL'),
('1879651436', 'GenMed', '2020-7-9', '2021-10-13'),
('7566116927', 'CureHealthcare', '2018-4-3', 'NULL'),
('0211164372', 'HealthPharmaCare', '2023-3-23', '2023-5-19');

INSERT INTO lives_in VALUES
('7471 Birch Boulevard', '7428989276', '2015-11-23'),
('8732 Oak Drive', '3758910578', '2022-10-16'),
('1269 Willow Circle', '5981452350', '2023-11-3'),
('8960 Maple Street', '6390885750', '2018-9-27'),
('6876 Maple Avenue', '1879651436', '2020-1-15'),
('3543 Cedar Avenue', '0211164372', '2021-4-26'),
('3387 Hickory Court', '4735411484', '2016-8-15'),
('2732 Maple Lane', '9526990578', '2017-8-13'),
('7471 Birch Boulevard', '5271207445', '2016-6-17'),
('9369 Oak Street', '4918881039', '2021-7-16'),
('0839 Hickory Terrace', '5981452350', '2020-2-9'),
('8960 Maple Street', '9526990578', '2021-2-23'),
('8732 Oak Drive', '5368308712', '2016-7-4'),
('3157 Magnolia Boulevard', '5313598168', '2023-2-27'),
('6060 Birch Circle', '5313598168', '2018-1-10'),
('2732 Maple Lane', '2918581162', '2022-2-23'),
('0690 Birch Lane', '3612157785', '2022-6-14'),
('2732 Maple Lane', '7566116927', '2021-1-12'),
('2732 Maple Lane', '5981452350', '2022-7-6'),
('6876 Maple Avenue', '5981452350', '2017-2-13'),
('6060 Birch Circle', '6390885750', '2018-4-13'),
('7535 Hickory Boulevard', '3709001644', '2016-7-12'),
('4299 Elm Terrace', '6390885750', '2017-11-7'),
('3157 Magnolia Boulevard', '0148897293', '2019-10-10'),
('4401 Spruce Drive', '5271207445', '2020-5-14'),
('6876 Maple Avenue', '5271207445', '2019-7-24'),
('3285 Maple Circle', '2918581162', '2018-5-6'),
('6060 Birch Circle', '5981452350', '2016-9-5'),
('7535 Hickory Boulevard', '7566116927', '2022-5-22'),
('3285 Maple Circle', '2918581162', '2020-1-20'),
('0902 Birch Street', '8653518447', '2016-6-23'),
('6081 Spruce Lane', '2907423167', '2020-7-22'),
('6081 Spruce Lane', '1879651436', '2018-5-14'),
('2561 Pine Road', '4918881039', '2020-6-22'),
('4814 Hickory Street', '1879651436', '2019-5-16'),
('6876 Maple Avenue', '5271207445', '2023-4-17'),
('4401 Spruce Drive', '2599239247', '2016-7-14'),
('1054 Maple Court', '6941332997', '2021-4-19'),
('6081 Spruce Lane', '5368308712', '2018-8-22'),
('5003 Cedar Road', '6050666837', '2016-7-3');

INSERT INTO lives_with VALUES
('0662570115', '5590387291', 'Children'),
('9526990578', '0662570115', 'Parent'),
('4918881039', '2907423167', 'Non-Parent Dependent'),
('6941332997', '5981452350', 'Non-Parent Dependent'),
('0662570115', '2835632707', 'Roommate'),
('4918881039', '5368308712', 'Parent'),
('5590387291', '2918581162', 'Roommate'),
('6050666837', '2918581162', 'Parent'),
('2268601850', '6338288867', 'Non-Parent Dependent'),
('9526990578', '7566116927', 'Roommate'),
('6941332997', '2835632707', 'Roommate'),
('7566116927', '0662570115', 'Parent'),
('8653518447', '3589991285', 'Children'),
('2268601850', '0211164372', 'Parent'),
('0148897293', '5590387291', 'Roommate'),
('5313598168', '0662570115', 'Partner'),
('7566116927', '3612157785', 'Parent'),
('2835632707', '1309742689', 'Parent'),
('2268601850', '7428989276', 'Partner'),
('9719851375', '0662570115', 'Partner'),
('5368308712', '8691700441', 'Children'),
('7041594489', '6390885750', 'Non-Parent Dependent'),
('3589991285', '3612157785', 'Children'),
('1879651436', '3612157785', 'Partner'),
('5313598168', '6390885750', 'Non-Parent Dependent'),
('4735411484', '3612157785', 'Roommate'),
('7073557741', '8653518447', 'Children'),
('8653518447', '2835632707', 'Parent'),
('4918881039', '0148897293', 'Non-Parent Dependent'),
('8653518447', '6390885750', 'Partner'),
('5368308712', '5313598168', 'Parent'),
('2268601850', '4918881039', 'Roommate'),
('9719851375', '3612157785', 'Non-Parent Dependent'),
('3524575640', '8653518447', 'Non-Parent Dependent'),
('3589991285', '0148897293', 'Partner'),
('5313598168', '0549379016', 'Partner'),
('6454010853', '9769964888', 'Roommate'),
('9769964888', '6557752589', 'Parent'),
('7073557741', '0662570115', 'Partner'),
('5590387291', '2835632707', 'Roommate');

INSERT INTO Infection VALUES
('2023-8-16', 'COVID-19', 3, '4735411484'),
('2022-7-15', 'COVID-19', 2, '3758910578'),
('2020-8-17', 'COVID-19', 12, '6338288867'),
('2023-11-15', 'COVID-19', 6, '6338288867'),
('2020-6-16', 'SARS-Cov-2 Variant', 4, '5981452350'),
('2022-1-2', 'COVID-19', 6, '6557752589'),
('2023-8-9', 'Other', 10, '1879651436'),
('2022-11-7', 'SARS-Cov-2 Variant', 8, '7073557741'),
('2022-8-13', 'COVID-19', 8, '7428989276'),
('2021-6-25', 'Other', 5, '7041594489'),
('2021-8-5', 'Other', 6, '1622704166'),
('2023-8-11', 'Other', 8, '0662570115'),
('2021-10-17', 'SARS-Cov-2 Variant', 4, '4735411484'),
('2023-3-18', 'Other', 3, '2918581162'),
('2022-2-26', 'COVID-19', 4, '6338288867'),
('2020-7-16', 'Other', 2, '0148897293'),
('2021-5-9', 'SARS-Cov-2 Variant', 9, '9769964888'),
('2023-6-13', 'SARS-Cov-2 Variant', 9, '8691700441'),
('2022-7-2', 'SARS-Cov-2 Variant', 5, '3758910578'),
('2021-5-23', 'SARS-Cov-2 Variant', 13, '8653518447'),
('2020-5-25', 'Other', 1, '1622704166'),
('2022-4-11', 'COVID-19', 7, '0549379016'),
('2022-2-13', 'Other', 11, '9769964888'),
('2021-7-10', 'COVID-19', 9, '0148897293'),
('2023-7-17', 'Other', 8, '0662570115'),
('2020-5-27', 'COVID-19', 12, '6557752589'),
('2021-9-22', 'COVID-19', 13, '0211164372'),
('2020-3-11', 'COVID-19', 5, '1622704166'),
('2022-6-16', 'Other', 3, '0549379016'),
('2021-11-24', 'Other', 8, '0211164372'),
('2020-6-3', 'SARS-Cov-2 Variant', 4, '5368308712'),
('2021-4-22', 'COVID-19', 6, '5368308712'),
('2022-1-19', 'COVID-19', 10, '3758910578'),
('2020-5-24', 'Other', 3, '6557752589'),
('2022-1-6', 'SARS-Cov-2 Variant', 12, '2599239247'),
('2022-4-23', 'Other', 13, '0211164372'),
('2022-3-27', 'Other', 11, '3589991285'),
('2021-1-7', 'Other', 8, '0211164372'),
('2021-11-25', 'Other', 1, '7073557741'),
('2021-11-5', 'SARS-Cov-2 Variant', 9, '8691700441'),
('2022-6-16', 'SARS-Cov-2 Variant', 6, '6390885750'),
('2021-6-4', 'SARS-Cov-2 Variant', 4, '6050666837'),
('2021-10-11', 'Other', 10, '6941332997'),
('2022-7-2', 'SARS-Cov-2 Variant', 4, '6454010853'),
('2022-6-10', 'SARS-Cov-2 Variant', 6, '1309742689'),
('2022-8-10', 'COVID-19', 13, '7041594489'),
('2023-5-12', 'SARS-Cov-2 Variant', 12, '0148897293'),
('2020-6-11', 'SARS-Cov-2 Variant', 7, '9719851375'),
('2021-4-8', 'COVID-19', 10, '7073557741'),
('2021-1-7', 'COVID-19', 7, '0211164372');

INSERT INTO Vaccine VALUES
(2, 'Moderna', '2023-7-27', '2268601850', 'GenBioTech'),
(3, 'AstraZeneca', '2020-8-5', '3589991285', 'HealthPharmaCare'),
(1, 'Pfizer', '2020-10-27', '2918581162', 'HealthPharmaCare'),
(2, 'Johnson & Johnson', '2022-10-18', '3709001644', 'GenLab'),
(2, 'AstraZeneca', '2022-6-13', '4918881039', 'MediBioTech'),
(3, 'AstraZeneca', '2021-8-14', '3758910578', 'MediMed'),
(2, 'Moderna', '2022-11-15', '0549379016', 'MediMed'),
(3, 'Pfizer', '2020-10-22', '6941332997', 'CareBioTech'),
(1, 'Moderna', '2021-1-7', '6390885750', 'PharmaResearch'),
(2, 'Pfizer', '2023-5-18', '8653518447', 'HealthPharmaCare'),
(3, 'AstraZeneca', '2023-3-9', '1309742689', 'PharmaPharmaTech'),
(1, 'Johnson & Johnson', '2022-10-9', '0662570115', 'GenLab'),
(2, 'Johnson & Johnson', '2021-5-5', '2907423167', 'PharmaSolutions'),
(1, 'Pfizer', '2021-11-1', '2907423167', 'CureLab'),
(3, 'AstraZeneca', '2021-7-1', '0148897293', 'HealthTech'),
(2, 'Johnson & Johnson', '2021-3-10', '5590387291', 'GenMed'),
(1, 'Pfizer', '2023-8-5', '0662570115', 'CareHealthcare'),
(1, 'AstraZeneca', '2022-3-27', '6941332997', 'MediMed'),
(1, 'Johnson & Johnson', '2023-1-5', '4730141003', 'CureLab'),
(3, 'Moderna', '2023-11-3', '7428989276', 'CureBioTech'),
(1, 'Pfizer', '2023-6-18', '1309742689', 'CareHealthcare'),
(1, 'Johnson & Johnson', '2020-7-21', '8653518447', 'GenMed'),
(1, 'AstraZeneca', '2020-9-18', '3524575640', 'GenPharm'),
(3, 'Johnson & Johnson', '2023-10-22', '6390885750', 'BioPharmaTech'),
(2, 'Johnson & Johnson', '2021-9-9', '2918581162', 'BioPharmaTech'),
(2, 'Johnson & Johnson', '2021-1-4', '5271207445', 'CureBioTech'),
(2, 'Pfizer', '2020-2-14', '9719851375', 'CareMed'),
(3, 'AstraZeneca', '2023-2-19', '5271207445', 'PharmaSolutions'),
(2, 'AstraZeneca', '2021-6-1', '6941332997', 'PharmaPharmaTech'),
(2, 'Pfizer', '2021-2-22', '5271207445', 'CureResearch'),
(2, 'Moderna', '2021-3-11', '8653518447', 'CureHealthcare'),
(1, 'Johnson & Johnson', '2022-1-13', '6390885750', 'VitaLab'),
(3, 'Johnson & Johnson', '2021-5-1', '6338288867', 'CurePharmaCare'),
(2, 'AstraZeneca', '2020-10-25', '4730141003', 'CureBioTech'),
(1, 'Moderna', '2022-5-19', '3524575640', 'CareHealthcare'),
(2, 'Johnson & Johnson', '2022-1-3', '5313598168', 'HealthPharmaCare'),
(3, 'Johnson & Johnson', '2020-4-13', '3524575640', 'CureBioTech'),
(3, 'AstraZeneca', '2022-6-27', '4730141003', 'PharmaSolutions'),
(2, 'Pfizer', '2020-3-8', '6557752589', 'LifePharmaCare'),
(2, 'Pfizer', '2021-6-5', '7428989276', 'LifeLab'),
(3, 'Moderna', '2020-8-19', '2907423167', 'VitaLab'),
(3, 'Moderna', '2021-3-17', '3589991285', 'GenPharm'),
(1, 'Pfizer', '2022-5-19', '0148897293', 'HealthPharmaCare'),
(2, 'AstraZeneca', '2022-6-13', '6454010853', 'GenLab'),
(1, 'Johnson & Johnson', '2021-1-10', '6454010853', 'CareBioTech');

INSERT INTO Schedule VALUES
('2021-1-23', '2021-1-6 10:27:49', '2023-11-18 23:54:51', 'CareHealthcare', '7566116927'),
('2023-4-12', '2022-10-13 12:51:38', '2022-10-22 1:46:43', 'CareBioTech', '9769964888'),
('2023-4-2', '2019-3-15 17:3:14', '2019-7-19 21:3:30', 'LifePharmaCare', '3589991285'),
('2021-7-1', '2021-5-11 13:12:6', '2022-3-21 18:55:32', 'CureHealthcare', '6941332997'),
('2022-11-2', '2022-11-21 7:3:41', '2023-4-21 21:13:49', 'GenPharm', '0662570115'),
('2021-4-11', '2021-7-17 19:11:13', '2023-3-11 12:15:30', 'CareHealthcare', '9719851375'),
('2019-9-5', '2022-11-15 16:43:52', '2023-1-13 12:40:4', 'HealthPharmaCare', '3709001644'),
('2019-3-13', '2020-3-14 17:5:44', '2021-1-14 18:36:45', 'LifeTech', '7428989276'),
('2022-11-1', '2023-4-1 14:2:2', '2023-7-26 8:45:42', 'HealthTech', '0662570115'),
('2017-3-4', '2018-10-11 22:41:28', '2019-10-18 17:51:4', 'GenPharm', '6390885750'),
('2018-4-10', '2018-6-3 17:16:40', '2020-6-3 18:1:56', 'LifeLab', '3612157785'),
('2021-11-23', '2018-7-18 6:39:48', '2022-8-27 6:38:59', 'GenPharm', '9719851375'),
('2020-9-25', '2019-4-12 21:30:10', '2019-6-25 7:51:48', 'GenPharm', '0148897293'),
('2018-5-13', '2019-5-3 9:2:29', '2021-9-2 6:16:8', 'VitaLab', '5313598168'),
('2021-10-6', '2020-2-13 9:10:6', '2023-6-11 7:33:58', 'CareBioTech', '6454010853'),
('2020-11-21', '2019-2-15 23:22:1', '2022-1-22 21:53:27', 'CureHealthcare', '7041594489'),
('2022-2-13', '2018-6-11 6:26:5', '2023-3-19 19:56:58', 'GenBioTech', '7041594489'),
('2022-4-6', '2019-5-18 16:29:25', '2020-5-2 3:13:7', 'HealthTech', '5981452350'),
('2020-11-18', '2021-6-9 7:3:55', '2023-9-10 3:43:54', 'GenMed', '8653518447'),
('2018-3-13', '2019-3-4 13:44:55', '2023-2-26 6:41:40', 'LifeTech', '9526990578'),
('2017-2-4', '2018-5-13 16:51:33', '2022-8-27 11:28:40', 'CureLab', '1622704166'),
('2019-10-16', '2021-5-5 8:55:3', '2023-11-27 17:19:49', 'CureResearch', '2835632707'),
('2023-7-15', '2019-9-9 19:13:40', '2023-5-26 15:22:38', 'CureBioTech', '2599239247'),
('2023-3-4', '2022-3-20 15:37:39', '2023-6-18 23:18:28', 'MediMed', '6050666837'),
('2018-4-25', '2018-7-25 19:8:17', '2021-7-3 22:10:55', 'GenBioTech', '3709001644'),
('2018-7-12', '2023-3-7 17:4:50', '2023-7-2 7:46:16', 'GenPharm', '9769964888'),
('2019-6-8', '2019-11-19 13:39:47', '2021-6-26 16:2:42', 'LifeLab', '3524575640'),
('2022-9-27', '2021-4-5 7:23:28', '2021-6-9 8:20:38', 'CureLab', '1622704166'),
('2020-1-11', '2023-3-7 20:45:33', '2023-4-9 9:9:13', 'CareBioTech', '2835632707'),
('2021-9-26', '2021-10-19 20:48:46', '2022-9-27 2:45:55', 'CureResearch', '9769964888');


