INSERT INTO Residence VALUES
('3490 Oak Road', 'Abbotsford', 'New Brunswick', 'C72 5V7', '7369863164', 3, 'Apartment'),
('5720 Pine Way', 'St. Johns', 'Prince Edward Island', 'T06 6G0', '5298796866', 6, 'Semi-Detached House'),
('2078 Oak Avenue', 'Victoriaville', 'Northwest Territories', 'O56 2T9', '4447870762', 7, 'Semi-Detached House'),
('2893 Maple Avenue', 'Barrie', 'Northwest Territories', 'B73 0L3', '3668136557', 4, 'Semi-Detached House'),
('2955 Willow Court', 'Chicoutimi', 'Saskatchewan', 'M40 4T4', '2416194701', 2, 'House'),
('0657 Cedar Terrace', 'Kanata', 'Alberta', 'A89 5R3', '2229292156', 5, 'Apartment'),
('0655 Maple Boulevard', 'Brandon', 'Saskatchewan', 'F61 4Z8', '6310740067', 3, 'Apartment'),
('7501 Maple Drive', 'Fredericton', 'Manitoba', 'H24 6K0', '9666913301', 5, 'House'),
('3629 Willow Boulevard', 'Peterborough', 'Northwest Territories', 'A74 6V5', '7040160367', 5, 'Semi-Detached House'),
('1623 Willow Way', 'Hamilton', 'Alberta', 'K43 2F4', '7916861697', 4, 'Semi-Detached House');

INSERT INTO Person VALUES
('0821100659', 'Logan', 'Edwards', '1997-3-18', 'U284524749', '6215805694', 'Canadian', 'loganedwards31@gmail.com', 'Waiter/Waitress', '3490 Oak Road'),
('1603035101', 'Alexander', 'Walker', '2023-6-11', 'U373679759', '3692323844', 'Canadian', 'alexanderwalker93@gmail.com', 'Architect', '5720 Pine Way'),
('5719439499', 'Matthew', 'Gonzalez', '1946-6-14', 'G909486630', '6276682502', 'Canadian', 'matthewgonzalez24@gmail.com', 'Actor', '3629 Willow Boulevard'),
('5474967599', 'Daniel', 'Scott', '2022-10-8', 'M069803392', '7548204827', 'Canadian', 'danielscott67@gmail.com', 'Librarian', '7501 Maple Drive'),
('2778577753', 'Ella', 'Lewis', '2021-4-2', 'Q872005867', '8962677966', 'Canadian', 'ellalewis56@gmail.com', 'Dentist', '2078 Oak Avenue'),
('4731337734', 'Harper', 'Lopez', '1987-2-12', 'X115582145', '7452711113', 'Canadian', 'harperlopez67@gmail.com', 'Graphic Designer', '0657 Cedar Terrace'),
('2776436157', 'William', 'Garcia', '2008-8-21', 'Q750639306', '9454662711', 'Canadian', 'williamgarcia86@gmail.com', 'Economist', '2078 Oak Avenue'),
('4997847200', 'Abigail', 'Johnson', '2002-9-15', 'E432437959', '4087832740', 'Canadian', 'abigailjohnson88@gmail.com', 'Carpenter', '0657 Cedar Terrace'),
('9155759002', 'William', 'Campbell', '1995-11-15', 'U828519435', '3916091682', 'Canadian', 'williamcampbell37@gmail.com', 'Photographer', '3490 Oak Road'),
('5984957291', 'Riley', 'Roberts', '1998-9-11', 'N259662531', '9135355851', 'Canadian', 'rileyroberts00@gmail.com', 'Construction Worker', '3490 Oak Road');

INSERT INTO Employee VALUES
('5719439499', 'Security Personnel'),
('0821100659', 'Administrative Personnel'),
('5474967599', 'Pharmacist'),
('4997847200', 'Doctor'),
('5984957291', 'Security Personnel'),
('2778577753', 'Administrative Personnel'),
('4731337734', 'Doctor'),
('9155759002', 'Pharmacist'),
('2776436157', 'Doctor'),
('1603035101', 'Cashier'),
('2776436157', 'Administrative Personnel'),
('5719439499', 'Pharmacist'),
('4731337734', 'Administrative Personnel'),
('5474967599', 'Nurse'),
('5719439499', 'Regular Employee');

INSERT INTO Facility VALUES
('VitaTech', 'Willow Terrace', 'Kitchener', 'N47 0B1', '2070647105', 'www.vitatech031.org', 'Clinic', 664, '2776436157'),
('CurePharmaCare', 'Hickory Lane', 'Regina', 'D92 9N5', '4579359242', 'www.curepharmacare125.org', 'Hospital', 440, '5719439499'),
('BioBioTech', 'Magnolia Street', 'Red Deer', 'M72 0Q8', '2521621209', 'www.biobiotech325.org', 'CLSC', 977, '5719439499'),
('HealthMed', 'Elm Court', 'Medicine Hat', 'Y73 0V6', '5969180626', 'www.healthmed972.org', 'Pharmacy', 482, '5474967599'),
('GenResearch', 'Maple Terrace', 'Kingston', 'X95 8O9', '2643477388', 'www.genresearch207.org', 'CLSC', 121, '5984957291'),
('CureTech', 'Spruce Lane', 'Mirabel', 'J49 0J6', '9137377991', 'www.curetech490.org', 'Hospital', 761, '4731337734'),
('CurePharmaTech', 'Spruce Boulevard', 'Vancouver', 'U74 7O4', '5953425645', 'www.curepharmatech820.org', 'Pharmacy', 798, '5474967599'),
('MediHealthcare', 'Hickory Drive', 'Victoria', 'N60 9F8', '3164953929', 'www.medihealthcare530.org', 'Clinic', 270, '0821100659'),
('HealthTech', 'Pine Street', 'Montreal', 'D17 5L0', '4902614374', 'www.healthtech131.org', 'Pharmacy', 726, '5474967599'),
('MediSolutions', 'Elm Way', 'Halifax', 'P47 5Q4', '9423918937', 'www.medisolutions986.org', 'Hospital', 28, '4731337734'),
('HealthBioTech', 'Cedar Boulevard', 'Barrie', 'P52 5L9', '6184275192', 'www.healthbiotech913.org', 'Clinic', 790, '0821100659'),
('TheraMed', 'Spruce Court', 'Kanata', 'E90 9G5', '7808838246', 'www.theramed901.org', 'Pharmacy', 97, '4731337734'),
('HealthPharmaCare', 'Pine Circle', 'Peterborough', 'G31 2P9', '7931634930', 'www.healthpharmacare606.org', 'Special Instalment', 67, '4997847200'),
('VitaPharm', 'Magnolia Circle', 'Newmarket', 'K62 7Q1', '2931232962', 'www.vitapharm069.org', 'Hospital', 863, '5474967599'),
('HealthSolutions', 'Magnolia Boulevard', 'Moncton', 'N32 8L2', '3380109246', 'www.healthsolutions087.org', 'Clinic', 572, '2776436157');

INSERT INTO Works_at VALUES
('2778577753', 'GenResearch', '2021-9-26', '2023-11-25'),
('4731337734', 'HealthMed', '2019-9-12', '2021-4-7'),
('2776436157', 'GenResearch', '2016-2-12', '2016-3-2'),
('2776436157', 'HealthMed', '2019-1-20', 'NULL'),
('5719439499', 'VitaTech', '2021-11-25', '2022-5-26'),
('5984957291', 'CurePharmaCare', '2019-11-24', 'NULL'),
('2778577753', 'MediHealthcare', '2022-3-24', '2023-9-10'),
('5719439499', 'MediSolutions', '2021-9-26', '2022-6-5'),
('5984957291', 'HealthMed', '2015-10-19', 'NULL'),
('5474967599', 'HealthTech', '2015-7-26', '2023-2-13'),
('2778577753', 'CurePharmaTech', '2020-1-2', 'NULL'),
('5474967599', 'MediSolutions', '2023-2-17', '2023-10-18'),
('5474967599', 'CurePharmaCare', '2016-5-22', 'NULL'),
('2778577753', 'CurePharmaCare', '2023-6-13', 'NULL'),
('5719439499', 'BioBioTech', '2019-4-16', 'NULL');

INSERT INTO lives_in VALUES
('2893 Maple Avenue', '4731337734', '2018-5-6'),
('3629 Willow Boulevard', '1603035101', '2023-4-24'),
('7501 Maple Drive', '5474967599', '2015-5-12'),
('2893 Maple Avenue', '1603035101', '2020-8-7'),
('5720 Pine Way', '0821100659', '2021-2-11'),
('2893 Maple Avenue', '5719439499', '2022-10-6'),
('0657 Cedar Terrace', '1603035101', '2021-5-11'),
('3629 Willow Boulevard', '1603035101', '2017-7-20'),
('0657 Cedar Terrace', '5719439499', '2018-3-13'),
('5720 Pine Way', '4997847200', '2022-2-18');

INSERT INTO lives_with VALUES
('2776436157', '2778577753', 'Partner'),
('4997847200', '0821100659', 'Roommate'),
('5719439499', '5474967599', 'Non-Parent Dependent'),
('9155759002', '4731337734', 'Non-Parent Dependent'),
('4731337734', '4997847200', 'Parent'),
('2776436157', '2778577753', 'Parent'),
('5474967599', '2776436157', 'Children'),
('1603035101', '4997847200', 'Non-Parent Dependent'),
('0821100659', '2776436157', 'Parent'),
('5984957291', '5719439499', 'Partner');

INSERT INTO Infection VALUES
('2023-3-11', 'Other', 4, '2778577753'),
('2023-5-23', 'Other', 9, '4731337734'),
('2021-9-25', 'COVID-19', 3, '4731337734'),
('2022-8-21', 'SARS-Cov-2 Variant', 13, '9155759002'),
('2021-5-19', 'SARS-Cov-2 Variant', 12, '0821100659'),
('2021-10-12', 'COVID-19', 13, '2778577753'),
('2020-7-5', 'Other', 1, '5474967599'),
('2021-6-6', 'Other', 9, '5719439499'),
('2021-3-8', 'COVID-19', 6, '5474967599'),
('2021-3-5', 'COVID-19', 10, '1603035101');

INSERT INTO Vaccine VALUES
(3, 'AstraZeneca', '2021-3-3', '5474967599', 'GenResearch'),
(2, 'Johnson & Johnson', '2023-1-19', '2776436157', 'TheraMed'),
(3, 'Pfizer', '2020-5-22', '2778577753', 'HealthMed'),
(3, 'Moderna', '2023-8-15', '0821100659', 'HealthMed'),
(1, 'AstraZeneca', '2022-10-15', '1603035101', 'HealthMed'),
(1, 'Johnson & Johnson', '2023-8-11', '4731337734', 'TheraMed'),
(1, 'Moderna', '2021-6-5', '5984957291', 'MediSolutions'),
(1, 'Moderna', '2022-2-22', '2776436157', 'HealthTech'),
(3, 'Pfizer', '2021-4-3', '4997847200', 'HealthSolutions'),
(3, 'Pfizer', '2023-10-24', '5719439499', 'VitaTech');

INSERT INTO Schedule VALUES
('2020-2-25', '2022-9-10 7:44:26', '2023-10-21 14:33:11', 'TheraMed', '4731337734'),
('2018-11-4', '2021-8-18 3:22:4', '2023-1-22 9:12:52', 'HealthBioTech', '5474967599'),
('2021-1-20', '2019-6-21 21:38:21', '2023-6-26 8:32:39', 'CurePharmaTech', '4997847200'),
('2020-5-18', '2018-7-7 5:33:8', '2019-4-24 22:26:26', 'BioBioTech', '5474967599'),
('2017-10-10', '2018-5-1 14:36:43', '2022-2-12 16:30:25', 'MediHealthcare', '2776436157'),
('2021-2-3', '2018-11-11 16:15:37', '2021-3-8 10:20:51', 'HealthBioTech', '9155759002'),
('2020-5-14', '2020-2-20 5:21:40', '2020-11-21 6:13:5', 'TheraMed', '5719439499'),
('2018-8-8', '2021-7-1 9:10:8', '2021-10-14 21:19:36', 'GenResearch', '4997847200'),
('2019-1-11', '2019-1-25 22:38:50', '2020-1-2 22:32:10', 'HealthTech', '2778577753'),
('2023-6-21', '2019-7-17 6:53:32', '2022-10-23 13:2:53', 'VitaTech', '2776436157');


