INSERT INTO Residence VALUES
('9438 Magnolia Court', 'Victoria', 'Nunavut', 'A02 6J5', '8398206071', 5, 'Condominium'),
('3753 Cedar Boulevard', 'Red Deer', 'Quebec', 'Y80 4E3', '7429879944', 7, 'Apartment'),
('8594 Pine Boulevard', 'Mirabel', 'Northwest Territories', 'X80 0N4', '9766189715', 3, 'House'),
('7401 Cedar Way', 'London', 'Ontario', 'M75 0J9', '2289647869', 5, 'Semi-Detached House'),
('1212 Hickory Road', 'Newmarket', 'Ontario', 'D37 9I4', '2905207995', 7, 'Semi-Detached House'),
('5262 Hickory Lane', 'Chicoutimi', 'Nunavut', 'L85 5E6', '3396905219', 7, 'Apartment'),
('4669 Hickory Boulevard', 'North Bay', 'Nova Scotia', 'E25 3F0', '9299736240', 2, 'Condominium'),
('9333 Spruce Boulevard', 'Aurora', 'Quebec', 'X03 3F1', '8006199616', 3, 'Condominium'),
('0909 Pine Circle', 'Norfolk County', 'Nunavut', 'V00 9G0', '9700086884', 2, 'Apartment'),
('0735 Maple Way', 'Peterborough', 'Northwest Territories', 'Y32 9E8', '8032869124', 5, 'Semi-Detached House'),
('4178 Maple Avenue', 'Abbotsford', 'Saskatchewan', 'G76 3D9', '6918149497', 2, 'Condominium'),
('9199 Birch Lane', 'Saint-Hyacinthe', 'Prince Edward Island', 'D80 7N5', '9455389682', 6, 'House'),
('8301 Elm Street', 'Brandon', 'British Columbia', 'H32 8G7', '6518231214', 5, 'House'),
('3433 Oak Lane', 'Trois-Rivieres', 'Newfoundland and Labrador', 'T10 4K8', '3777737674', 3, 'Condominium'),
('6070 Elm Circle', 'Montreal', 'Newfoundland and Labrador', 'F13 8O3', '5672390014', 7, 'Semi-Detached House'),
('7764 Pine Terrace', 'Hamilton', 'Northwest Territories', 'N37 0O6', '4710873846', 1, 'Apartment'),
('7986 Oak Boulevard', 'Ottawa', 'Manitoba', 'W31 9Y2', '6705221678', 6, 'Semi-Detached House'),
('2123 Oak Drive', 'Toronto', 'Nova Scotia', 'Q70 8J7', '5308781063', 3, 'House'),
('0554 Elm Way', 'Fredericton', 'Prince Edward Island', 'U46 6I8', '5660492013', 7, 'Semi-Detached House'),
('4856 Magnolia Way', 'Quebec City', 'Saskatchewan', 'L21 5E0', '7157149782', 4, 'House'),
('4205 Spruce Lane', 'Kanata', 'Alberta', 'J29 3G9', '4442173326', 6, 'Semi-Detached House'),
('2902 Elm Drive', 'Windsor', 'Prince Edward Island', 'Y59 4F7', '2474201499', 4, 'House'),
('8921 Spruce Drive', 'Calgary', 'Alberta', 'U14 5E4', '8681809823', 5, 'House'),
('0346 Oak Street', 'Saint-Jérôme', 'Nunavut', 'N84 3O2', '8646088671', 4, 'House'),
('6263 Pine Street', 'Kitchener', 'Nova Scotia', 'Z70 9D9', '5196902006', 6, 'House'),
('0019 Oak Avenue', 'Medicine Hat', 'Saskatchewan', 'N96 9R9', '8842913792', 1, 'Apartment'),
('8728 Cedar Lane', 'Halifax', 'Alberta', 'Z44 7R8', '9676249210', 6, 'Apartment'),
('5962 Cedar Circle', 'St. Johns', 'Alberta', 'N52 6D2', '4421667634', 3, 'Semi-Detached House'),
('5564 Pine Way', 'Saint John', 'Nunavut', 'R62 7P0', '7952019362', 1, 'Apartment'),
('6805 Birch Circle', 'St. Albert', 'Northwest Territories', 'L95 2P2', '8734744889', 5, 'House'),
('7231 Willow Terrace', 'Vancouver', 'Ontario', 'V32 0Z8', '8129201088', 1, 'Semi-Detached House'),
('3998 Magnolia Terrace', 'Kelowna', 'British Columbia', 'B28 1N0', '3149165557', 1, 'Condominium'),
('2347 Elm Terrace', 'Saskatoon', 'Ontario', 'U60 3R1', '5474008192', 4, 'Condominium'),
('1283 Elm Court', 'Cornwall', 'Alberta', 'C94 0J6', '8805019077', 4, 'House'),
('9299 Spruce Avenue', 'Sherbrooke', 'Prince Edward Island', 'I68 4V3', '5217579136', 7, 'House'),
('2090 Birch Street', 'Edmonton', 'Nova Scotia', 'J40 5F5', '4400131876', 6, 'Apartment'),
('6135 Birch Way', 'Guelph', 'Newfoundland and Labrador', 'Y32 5E8', '9236027575', 4, 'Semi-Detached House'),
('5093 Oak Terrace', 'Lethbridge', 'Quebec', 'S54 9B6', '8566850901', 4, 'House'),
('0833 Pine Court', 'Moncton', 'New Brunswick', 'I37 8G8', '2450020512', 6, 'House'),
('1491 Spruce Terrace', 'Winnipeg', 'Prince Edward Island', 'Y29 9F2', '6543142194', 3, 'Condominium');

INSERT INTO Person VALUES
('0901048088', 'Alexander', 'Thomas', '1948-3-27', 'B367320753', '9350516437', 'Canadian', 'alexanderthomas96@gmail.com', 'Electrician', '8594 Pine Boulevard'),
('2202706322', 'Oliver', 'Clark', '1991-8-26', 'L126630568', '4711562102', 'Canadian', 'oliverclark25@gmail.com', 'Real Estate Agent', '4669 Hickory Boulevard'),
('2073361414', 'Avery', 'Hernandez', '1945-1-7', 'V743527684', '4524721511', 'Canadian', 'averyhernandez22@gmail.com', 'Software Developer', '8921 Spruce Drive'),
('0013145676', 'Henry', 'Walker', '1982-2-27', 'Q924560637', '7829981207', 'Canadian', 'henrywalker34@gmail.com', 'Translator', '3998 Magnolia Terrace'),
('3351102091', 'Sofia', 'Wilson', '1949-4-16', 'M121183959', '5295149194', 'Canadian', 'sofiawilson62@gmail.com', 'Fashion Designer', '7986 Oak Boulevard'),
('0571337132', 'Samuel', 'King', '1964-2-23', 'P254969450', '4542407804', 'Canadian', 'samuelking38@gmail.com', 'Teacher', '0346 Oak Street'),
('6814895109', 'Daniel', 'Turner', '1947-9-22', 'C307975019', '9395237690', 'Canadian', 'danielturner02@gmail.com', 'Carpenter', '6263 Pine Street'),
('2142532748', 'William', 'Harris', '2003-8-8', 'Y807470720', '7394550060', 'Canadian', 'williamharris08@gmail.com', 'Geologist', '8594 Pine Boulevard'),
('5702480545', 'Charlotte', 'Adams', '1942-4-3', 'M221552578', '8127755162', 'Canadian', 'charlotteadams86@gmail.com', 'Artist', '2902 Elm Drive'),
('3206174717', 'Aria', 'Johnson', '1952-11-8', 'I401311286', '5503702408', 'Canadian', 'ariajohnson43@gmail.com', 'Psychologist', '6070 Elm Circle'),
('6509489722', 'Grace', 'Garcia', '1982-1-8', 'X748751307', '6102209848', 'Canadian', 'gracegarcia61@gmail.com', 'Dentist', '0833 Pine Court'),
('2795301571', 'Riley', 'Clark', '1944-1-12', 'F863715251', '4968574876', 'Canadian', 'rileyclark93@gmail.com', 'Biologist', '7764 Pine Terrace'),
('9577115827', 'Grace', 'Evans', '2006-1-8', 'R257799855', '3853078337', 'Canadian', 'graceevans03@gmail.com', 'Engineer', '8921 Spruce Drive'),
('2998891869', 'William', 'Jones', '1997-2-19', 'D035249296', '7801498528', 'Canadian', 'williamjones49@gmail.com', 'Photographer', '7986 Oak Boulevard'),
('1526488517', 'Jacob', 'Martin', '2021-4-5', 'L525319617', '5022286210', 'Canadian', 'jacobmartin40@gmail.com', 'Chef', '9299 Spruce Avenue'),
('7687919247', 'Oliver', 'Robinson', '1972-7-5', 'Y884413344', '9354892533', 'Canadian', 'oliverrobinson24@gmail.com', 'Lawyer', '8301 Elm Street'),
('4206349738', 'Emily', 'Evans', '2005-1-8', 'E708025798', '8410379186', 'Canadian', 'emilyevans18@gmail.com', 'Chemist', '4856 Magnolia Way'),
('6480172088', 'Ella', 'Evans', '2004-9-26', 'J059243203', '3102150551', 'Canadian', 'ellaevans82@gmail.com', 'Fitness Trainer', '4178 Maple Avenue'),
('3409464984', 'Mason', 'Mitchell', '1965-1-27', 'G945011668', '9002445960', 'Canadian', 'masonmitchell10@gmail.com', 'Writer', '9333 Spruce Boulevard'),
('6451060543', 'Scarlett', 'Campbell', '1961-3-1', 'K152977373', '7095743802', 'Canadian', 'scarlettcampbell18@gmail.com', 'Actor', '2347 Elm Terrace'),
('1620952844', 'William', 'Gonzalez', '1992-11-3', 'T855346416', '7548761017', 'Canadian', 'williamgonzalez03@gmail.com', 'Veterinarian', '3753 Cedar Boulevard'),
('1401131320', 'Ava', 'Robinson', '2020-3-12', 'M636839774', '9272167778', 'Canadian', 'avarobinson49@gmail.com', 'Pilot', '1283 Elm Court'),
('8004726988', 'Aiden', 'Williams', '1977-6-11', 'N072696155', '3080416563', 'Canadian', 'aidenwilliams26@gmail.com', 'Waiter/Waitress', '5962 Cedar Circle'),
('2163390785', 'Logan', 'Lewis', '1988-4-18', 'H235376155', '5450859336', 'Canadian', 'loganlewis27@gmail.com', 'HR Manager', '2123 Oak Drive'),
('6921333491', 'David', 'Jones', '1965-7-13', 'U903873016', '9561983739', 'Canadian', 'davidjones26@gmail.com', 'Accountant', '2347 Elm Terrace'),
('9102948313', 'Alexander', 'Anderson', '2001-6-1', 'L551360465', '9322962275', 'Canadian', 'alexanderanderson68@gmail.com', 'Mechanic', '7986 Oak Boulevard'),
('1199042113', 'Isabella', 'Rodriguez', '1980-10-18', 'J197162427', '5078452867', 'Canadian', 'isabellarodriguez77@gmail.com', 'Bartender', '6070 Elm Circle'),
('6657059233', 'Charlotte', 'Jones', '1975-6-25', 'G184863675', '4106363333', 'Canadian', 'charlottejones68@gmail.com', 'Economist', '0554 Elm Way'),
('2195494997', 'Logan', 'Nelson', '2004-6-25', 'V122510978', '4573740050', 'Canadian', 'logannelson67@gmail.com', 'Marine Biologist', '7986 Oak Boulevard'),
('3612839230', 'Grace', 'Hill', '1943-2-14', 'G406393792', '9424936129', 'Canadian', 'gracehill54@gmail.com', 'Meteorologist', '2902 Elm Drive'),
('8050383496', 'Ethan', 'Young', '1971-3-15', 'B531623009', '9125957332', 'Canadian', 'ethanyoung28@gmail.com', 'Sales Representative', '8921 Spruce Drive'),
('6232899936', 'Carter', 'Wright', '1982-6-3', 'C678683696', '5620322732', 'Canadian', 'carterwright61@gmail.com', 'Paramedic', '0019 Oak Avenue'),
('9846672268', 'Sofia', 'Lewis', '1987-6-11', 'U202421253', '8004680118', 'Canadian', 'sofialewis66@gmail.com', 'Web Designer', '8921 Spruce Drive'),
('7995732151', 'Sophia', 'Lopez', '2019-1-2', 'U672524168', '8737844473', 'Canadian', 'sophialopez93@gmail.com', 'Pharmacist', '0735 Maple Way'),
('6025039462', 'Mia', 'Wilson', '2002-9-17', 'P677105184', '6773709517', 'Canadian', 'miawilson46@gmail.com', 'Journalist', '3433 Oak Lane'),
('9936455765', 'Joseph', 'Martinez', '2021-11-2', 'J090672716', '9871910171', 'Canadian', 'josephmartinez47@gmail.com', 'Librarian', '9199 Birch Lane'),
('1574085608', 'Noah', 'Campbell', '1959-3-12', 'Q800212284', '7449609480', 'Canadian', 'noahcampbell38@gmail.com', 'Architect', '2123 Oak Drive'),
('5702531782', 'Lily', 'Parker', '1963-6-23', 'F235616205', '4942527281', 'Canadian', 'lilyparker73@gmail.com', 'Police Officer', '4669 Hickory Boulevard'),
('0271531495', 'Elijah', 'Rodriguez', '1965-3-3', 'P709585585', '2744312399', 'Canadian', 'elijahrodriguez09@gmail.com', 'Financial Analyst', '5564 Pine Way'),
('9913703486', 'Henry', 'Hill', '2006-3-15', 'Z266758222', '8135888412', 'Canadian', 'henryhill48@gmail.com', 'Doctor', '8594 Pine Boulevard');

INSERT INTO Employee VALUES
('0013145676', 'Cashier'),
('7995732151', 'Administrative Personnel'),
('8004726988', 'Cashier'),
('1401131320', 'Nurse'),
('9846672268', 'Receptionist'),
('1574085608', 'Nurse'),
('1620952844', 'Pharmacist'),
('2073361414', 'Nurse'),
('0571337132', 'Doctor'),
('2142532748', 'Security Personnel'),
('2202706322', 'Nurse'),
('3351102091', 'Regular Employee'),
('9577115827', 'Doctor'),
('6232899936', 'Regular Employee'),
('0901048088', 'Cashier'),
('0271531495', 'Receptionist'),
('9913703486', 'Regular Employee'),
('2163390785', 'Security Personnel'),
('7687919247', 'Security Personnel'),
('3612839230', 'Receptionist'),
('6025039462', 'Regular Employee'),
('2795301571', 'Receptionist'),
('6814895109', 'Nurse'),
('1199042113', 'Doctor'),
('6480172088', 'Regular Employee'),
('5702531782', 'Doctor'),
('6451060543', 'Receptionist'),
('6921333491', 'Pharmacist'),
('3206174717', 'Administrative Personnel'),
('5702480545', 'Nurse'),
('6657059233', 'Nurse'),
('2195494997', 'Regular Employee'),
('4206349738', 'Administrative Personnel'),
('9936455765', 'Doctor'),
('3409464984', 'Receptionist');

INSERT INTO Facility VALUES
('HealthTech', 'Birch Court', 'Guelph', 'Manitoba', 'F22 8O5', '2033233252', 'www.healthtech439.org', 'Clinic', 701, '6921333491'),
('PharmaPharm', 'Willow Avenue', 'Regina', 'Nova Scotia', 'D22 3R4', '6342720309', 'www.pharmapharm521.org', 'Special Instalment', 556, '6921333491'),
('MediMed', 'Elm Lane', 'Oshawa', 'Saskatchewan', 'V63 7C1', '2351030042', 'www.medimed022.org', 'Pharmacy', 186, '5702531782'),
('MediTech', 'Magnolia Court', 'Halifax', 'Manitoba', 'C52 0B5', '9983415672', 'www.meditech333.org', 'Pharmacy', 552, '1199042113'),
('HealthSolutions', 'Magnolia Boulevard', 'Moncton', 'Saskatchewan', 'J36 0U3', '5258234445', 'www.healthsolutions197.org', 'Pharmacy', 57, '6921333491'),
('PharmaLab', 'Maple Court', 'Aurora', 'British Columbia', 'L85 2I4', '9384397496', 'www.pharmalab502.org', 'Special Instalment', 764, '6921333491'),
('VitaLab', 'Elm Avenue', 'Lethbridge', 'Nunavut', 'F76 4J7', '8841151148', 'www.vitalab175.org', 'CLSC', 766, '5702480545'),
('TheraBioTech', 'Pine Way', 'Drummondville', 'Quebec', 'I82 9A0', '9679608082', 'www.therabiotech356.org', 'Special Instalment', 234, '6451060543'),
('GenPharmaCare', 'Willow Street', 'Kanata', 'Saskatchewan', 'W64 0T6', '8784959571', 'www.genpharmacare001.org', 'CLSC', 846, '2163390785'),
('LifeLab', 'Cedar Terrace', 'Norfolk County', 'Ontario', 'H06 8F2', '2567671646', 'www.lifelab415.org', 'CLSC', 914, '8004726988'),
('VitaMed', 'Pine Terrace', 'Quebec City', 'Ontario', 'S37 8F8', '2686718402', 'www.vitamed023.org', 'Pharmacy', 646, '6451060543'),
('VitaBioTech', 'Birch Avenue', 'Saint-Jérôme', 'Prince Edward Island', 'B60 4C0', '7372386441', 'www.vitabiotech761.org', 'Hospital', 754, '3612839230'),
('PharmaResearch', 'Hickory Way', 'Toronto', 'Quebec', 'U33 1T8', '9335918553', 'www.pharmaresearch318.org', 'CLSC', 543, '6451060543'),
('TheraPharm', 'Magnolia Drive', 'Cornwall', 'Ontario', 'N75 5R5', '8620986155', 'www.therapharm471.org', 'Hospital', 415, '6657059233'),
('PharmaHealthcare', 'Cedar Road', 'Mirabel', 'Northwest Territories', 'O77 5L6', '4056386223', 'www.pharmahealthcare570.org', 'Pharmacy', 321, '1620952844'),
('CurePharm', 'Willow Terrace', 'Calgary', 'British Columbia', 'G01 0U7', '4948874043', 'www.curepharm756.org', 'Clinic', 528, '0901048088'),
('CareLab', 'Oak Circle', 'Windsor', 'Prince Edward Island', 'O29 7K9', '7998966023', 'www.carelab681.org', 'Special Instalment', 276, '2202706322'),
('GenLab', 'Maple Circle', 'Barrie', 'Manitoba', 'Z62 8Z6', '4852929707', 'www.genlab995.org', 'Hospital', 989, '8004726988'),
('VitaSolutions', 'Oak Boulevard', 'Edmonton', 'New Brunswick', 'X39 4M3', '5860433628', 'www.vitasolutions981.org', 'Special Instalment', 157, '6814895109'),
('LifeBioTech', 'Pine Road', 'Fredericton', 'Nova Scotia', 'P60 7F0', '6136947769', 'www.lifebiotech928.org', 'Hospital', 687, '1620952844'),
('LifePharmaTech', 'Willow Lane', 'Victoria', 'Saskatchewan', 'J43 4N2', '2589743357', 'www.lifepharmatech784.org', 'Pharmacy', 121, '9936455765'),
('LifePharm', 'Magnolia Circle', 'Winnipeg', 'Prince Edward Island', 'G96 7J2', '8709136703', 'www.lifepharm691.org', 'CLSC', 172, '5702480545'),
('BioSolutions', 'Birch Terrace', 'Ottawa', 'British Columbia', 'K73 7S3', '7807345854', 'www.biosolutions864.org', 'Clinic', 596, '1401131320'),
('CarePharm', 'Hickory Road', 'Chicoutimi', 'British Columbia', 'O78 8X5', '8390058489', 'www.carepharm388.org', 'Pharmacy', 790, '9936455765'),
('MediSolutions', 'Birch Circle', 'Montreal', 'Prince Edward Island', 'D48 4S0', '9140280173', 'www.medisolutions647.org', 'Pharmacy', 475, '6451060543');

INSERT INTO Works_at VALUES
('8004726988', 'LifePharm', '2018-3-13', '2020-4-4'),
('1574085608', 'BioSolutions', '2019-11-4', '2020-9-13'),
('6814895109', 'LifeLab', '2016-4-6', NULL),
('9577115827', 'LifeBioTech', '2021-3-7', NULL),
('2195494997', 'TheraBioTech', '2021-8-16', NULL),
('1574085608', 'PharmaHealthcare', '2015-4-25', NULL),
('0571337132', 'CareLab', '2023-10-19', NULL),
('3612839230', 'MediTech', '2017-1-18', NULL),
('2142532748', 'VitaBioTech', '2018-5-17', '2019-10-22'),
('2202706322', 'BioSolutions', '2018-6-26', '2019-11-25'),
('9846672268', 'MediMed', '2016-4-22', '2019-3-24'),
('2195494997', 'LifeLab', '2022-11-18', '2023-2-23'),
('1574085608', 'VitaBioTech', '2021-5-21', NULL),
('2163390785', 'CareLab', '2018-4-4', '2018-7-9'),
('3351102091', 'CareLab', '2018-10-19', '2019-1-7'),
('6480172088', 'PharmaPharm', '2015-8-15', NULL),
('1620952844', 'VitaSolutions', '2016-10-13', '2017-6-24'),
('3612839230', 'LifePharm', '2022-2-18', '2023-7-22'),
('6921333491', 'HealthTech', '2016-2-2', NULL),
('3351102091', 'BioSolutions', '2018-3-14', '2018-4-9'),
('6814895109', 'TheraPharm', '2015-6-26', NULL),
('9936455765', 'LifePharmaTech', '2023-3-27', NULL),
('7995732151', 'LifeBioTech', '2016-11-25', '2023-7-7'),
('8004726988', 'VitaSolutions', '2018-5-9', '2020-8-20'),
('0571337132', 'MediTech', '2017-3-7', NULL),
('6480172088', 'VitaSolutions', '2018-8-16', NULL),
('9936455765', 'PharmaHealthcare', '2022-8-1', NULL),
('9936455765', 'PharmaPharm', '2018-10-25', '2022-4-15'),
('3351102091', 'LifePharmaTech', '2018-4-10', NULL),
('6657059233', 'GenLab', '2020-1-15', '2020-11-23'),
('6025039462', 'HealthTech', '2021-1-22', NULL),
('6232899936', 'VitaMed', '2015-2-3', '2016-2-26'),
('2163390785', 'MediTech', '2020-1-3', NULL),
('1199042113', 'PharmaPharm', '2023-8-22', NULL),
('2195494997', 'VitaMed', '2016-3-18', NULL),
('2073361414', 'BioSolutions', '2020-6-12', '2021-8-5'),
('1401131320', 'LifePharm', '2023-4-14', '2023-9-15'),
('2195494997', 'CurePharm', '2021-6-4', NULL),
('9936455765', 'HealthSolutions', '2021-6-17', '2021-7-26'),
('7995732151', 'VitaSolutions', '2018-2-10', '2019-4-24');

INSERT INTO lives_in VALUES
('7401 Cedar Way', '6657059233', '2015-1-8'),
('3998 Magnolia Terrace', '1574085608', '2020-7-2'),
('9438 Magnolia Court', '2202706322', '2020-8-1'),
('1212 Hickory Road', '3206174717', '2016-2-9'),
('4205 Spruce Lane', '2202706322', '2022-7-3'),
('4669 Hickory Boulevard', '2073361414', '2018-11-5'),
('7986 Oak Boulevard', '3351102091', '2015-7-15'),
('7764 Pine Terrace', '3612839230', '2021-8-14'),
('5564 Pine Way', '6480172088', '2017-10-9'),
('1212 Hickory Road', '9102948313', '2022-2-17'),
('8728 Cedar Lane', '0271531495', '2021-8-15'),
('0833 Pine Court', '9936455765', '2016-8-26'),
('5262 Hickory Lane', '6451060543', '2018-2-19'),
('0019 Oak Avenue', '9577115827', '2022-10-27'),
('4669 Hickory Boulevard', '8004726988', '2017-5-17'),
('6135 Birch Way', '0901048088', '2021-1-5'),
('8594 Pine Boulevard', '9102948313', '2023-2-25'),
('6070 Elm Circle', '0571337132', '2016-9-10'),
('0833 Pine Court', '6451060543', '2021-5-21'),
('5262 Hickory Lane', '2202706322', '2023-11-20'),
('3753 Cedar Boulevard', '2195494997', '2021-10-21'),
('5262 Hickory Lane', '1401131320', '2016-10-7'),
('9438 Magnolia Court', '6657059233', '2022-3-27'),
('1283 Elm Court', '6814895109', '2023-11-7'),
('4178 Maple Avenue', '1199042113', '2022-3-7'),
('4669 Hickory Boulevard', '2795301571', '2019-5-9'),
('7231 Willow Terrace', '6921333491', '2019-1-5'),
('1212 Hickory Road', '2998891869', '2022-1-2'),
('0833 Pine Court', '3612839230', '2015-3-10'),
('9299 Spruce Avenue', '5702480545', '2016-3-9'),
('2090 Birch Street', '6025039462', '2020-5-21'),
('0833 Pine Court', '2142532748', '2016-5-5'),
('9199 Birch Lane', '3351102091', '2019-3-10'),
('0735 Maple Way', '9102948313', '2019-9-11'),
('5564 Pine Way', '8050383496', '2020-8-7'),
('0833 Pine Court', '7687919247', '2017-7-21'),
('5962 Cedar Circle', '0571337132', '2015-9-4'),
('1283 Elm Court', '6480172088', '2022-1-20'),
('5962 Cedar Circle', '0013145676', '2016-7-19'),
('0735 Maple Way', '6814895109', '2019-7-12');

INSERT INTO lives_with VALUES
('1401131320', '1199042113', 'Roommate'),
('2142532748', '1401131320', 'Children'),
('6480172088', '2202706322', 'Children'),
('2195494997', '0013145676', 'Parent'),
('3351102091', '3206174717', 'Non-Parent Dependent'),
('2195494997', '3351102091', 'Parent'),
('6814895109', '9846672268', 'Parent'),
('6921333491', '0571337132', 'Roommate'),
('0571337132', '6232899936', 'Non-Parent Dependent'),
('6451060543', '1199042113', 'Children'),
('0901048088', '5702480545', 'Children'),
('6451060543', '8050383496', 'Partner'),
('0571337132', '6509489722', 'Roommate'),
('5702480545', '3351102091', 'Non-Parent Dependent'),
('2163390785', '9102948313', 'Partner'),
('6025039462', '6814895109', 'Non-Parent Dependent'),
('4206349738', '2795301571', 'Parent'),
('6814895109', '1526488517', 'Non-Parent Dependent'),
('3612839230', '6509489722', 'Roommate'),
('1620952844', '3206174717', 'Partner'),
('6451060543', '0013145676', 'Children'),
('0901048088', '1574085608', 'Non-Parent Dependent'),
('2142532748', '2073361414', 'Non-Parent Dependent'),
('9577115827', '1620952844', 'Children'),
('0571337132', '1401131320', 'Partner'),
('2202706322', '5702480545', 'Roommate'),
('9577115827', '1526488517', 'Partner'),
('1401131320', '6232899936', 'Parent'),
('3612839230', '2202706322', 'Parent'),
('0571337132', '0271531495', 'Children'),
('5702531782', '2202706322', 'Non-Parent Dependent'),
('5702531782', '1526488517', 'Children'),
('0271531495', '1401131320', 'Children'),
('6921333491', '2998891869', 'Roommate'),
('2163390785', '6921333491', 'Partner'),
('9846672268', '7687919247', 'Children'),
('9936455765', '8050383496', 'Non-Parent Dependent'),
('7687919247', '2163390785', 'Non-Parent Dependent'),
('6232899936', '0901048088', 'Roommate'),
('3612839230', '2163390785', 'Children');

INSERT INTO Infection VALUES
('2023-9-14', 'COVID-19', 11, '2998891869'),
('2023-3-8', 'SARS-Cov-2 Variant', 13, '2163390785'),
('2023-3-2', 'Other', 13, '2998891869'),
('2021-9-3', 'Other', 9, '5702480545'),
('2020-10-26', 'SARS-Cov-2 Variant', 2, '3409464984'),
('2020-7-26', 'COVID-19', 13, '3612839230'),
('2023-1-19', 'COVID-19', 9, '1526488517'),
('2021-2-3', 'SARS-Cov-2 Variant', 1, '8004726988'),
('2021-10-22', 'Other', 8, '5702531782'),
('2022-10-8', 'SARS-Cov-2 Variant', 3, '9936455765'),
('2022-3-14', 'Other', 10, '9936455765'),
('2022-5-8', 'Other', 1, '9846672268'),
('2023-9-4', 'COVID-19', 11, '9913703486'),
('2021-4-2', 'Other', 5, '8050383496'),
('2020-2-10', 'COVID-19', 8, '5702480545'),
('2021-11-24', 'COVID-19', 11, '4206349738'),
('2023-4-25', 'COVID-19', 12, '6451060543'),
('2021-4-21', 'SARS-Cov-2 Variant', 12, '8004726988'),
('2020-2-16', 'COVID-19', 5, '9913703486'),
('2023-8-6', 'Other', 7, '1401131320'),
('2020-4-25', 'SARS-Cov-2 Variant', 8, '0013145676'),
('2023-5-4', 'COVID-19', 6, '0013145676'),
('2022-11-15', 'Other', 3, '5702531782'),
('2021-4-9', 'COVID-19', 10, '3612839230'),
('2023-11-20', 'COVID-19', 7, '0571337132'),
('2021-8-13', 'COVID-19', 12, '6657059233'),
('2022-10-26', 'Other', 12, '2795301571'),
('2021-10-22', 'Other', 11, '2795301571'),
('2022-8-12', 'Other', 13, '6509489722'),
('2023-7-9', 'Other', 12, '2998891869'),
('2022-5-1', 'SARS-Cov-2 Variant', 2, '7687919247'),
('2022-3-27', 'SARS-Cov-2 Variant', 11, '6025039462'),
('2023-2-21', 'COVID-19', 8, '6451060543'),
('2022-8-12', 'Other', 3, '3409464984'),
('2023-4-4', 'COVID-19', 11, '0901048088'),
('2021-7-6', 'Other', 9, '3351102091'),
('2022-10-5', 'SARS-Cov-2 Variant', 11, '9936455765'),
('2022-10-16', 'COVID-19', 12, '1620952844'),
('2023-5-24', 'SARS-Cov-2 Variant', 6, '9936455765'),
('2020-7-18', 'SARS-Cov-2 Variant', 11, '6509489722'),
('2022-2-25', 'Other', 13, '8050383496'),
('2021-10-20', 'Other', 5, '1526488517'),
('2020-1-14', 'COVID-19', 5, '9936455765'),
('2021-3-16', 'Other', 5, '2073361414'),
('2022-7-12', 'SARS-Cov-2 Variant', 4, '1526488517'),
('2022-8-9', 'COVID-19', 6, '7687919247'),
('2022-4-23', 'COVID-19', 5, '6657059233'),
('2023-10-22', 'COVID-19', 8, '9913703486'),
('2022-7-11', 'COVID-19', 11, '5702531782'),
('2023-6-23', 'COVID-19', 12, '2202706322');

INSERT INTO Vaccine VALUES
(3, 'Pfizer', '2021-7-8', '9846672268', 'LifeLab'),
(3, 'Moderna', '2023-4-21', '9577115827', 'HealthSolutions'),
(2, 'Johnson & Johnson', '2021-11-23', '3206174717', 'MediMed'),
(1, 'AstraZeneca', '2022-7-15', '4206349738', 'PharmaResearch'),
(3, 'Pfizer', '2023-8-9', '9913703486', 'GenLab'),
(3, 'AstraZeneca', '2023-9-11', '6814895109', 'PharmaLab'),
(1, 'Johnson & Johnson', '2023-7-24', '2163390785', 'BioSolutions'),
(2, 'Johnson & Johnson', '2022-4-17', '1199042113', 'VitaLab'),
(2, 'Pfizer', '2022-6-9', '2163390785', 'PharmaLab'),
(1, 'Pfizer', '2021-2-3', '5702480545', 'VitaSolutions'),
(1, 'Johnson & Johnson', '2023-2-25', '6921333491', 'MediMed'),
(3, 'AstraZeneca', '2022-5-14', '2998891869', 'VitaSolutions'),
(3, 'Pfizer', '2020-5-27', '6814895109', 'PharmaPharm'),
(1, 'Moderna', '2020-9-10', '2195494997', 'MediMed'),
(2, 'Pfizer', '2020-6-13', '9936455765', 'LifePharm'),
(3, 'Johnson & Johnson', '2023-5-21', '6025039462', 'BioSolutions'),
(1, 'Johnson & Johnson', '2023-6-9', '5702480545', 'VitaMed'),
(2, 'Johnson & Johnson', '2021-10-21', '4206349738', 'CarePharm'),
(1, 'AstraZeneca', '2020-4-6', '2195494997', 'GenLab'),
(3, 'Pfizer', '2022-9-5', '9102948313', 'PharmaPharm'),
(3, 'Pfizer', '2022-11-27', '9936455765', 'CarePharm'),
(2, 'Pfizer', '2023-9-2', '6480172088', 'CarePharm'),
(2, 'Pfizer', '2021-6-2', '6921333491', 'VitaSolutions'),
(3, 'Johnson & Johnson', '2023-3-24', '1574085608', 'HealthSolutions'),
(2, 'Moderna', '2022-10-15', '2073361414', 'MediSolutions'),
(3, 'Moderna', '2022-6-13', '3612839230', 'TheraBioTech'),
(3, 'Pfizer', '2021-10-4', '6451060543', 'PharmaResearch'),
(2, 'AstraZeneca', '2020-10-19', '0013145676', 'HealthTech'),
(1, 'AstraZeneca', '2021-10-24', '6451060543', 'VitaSolutions'),
(2, 'Pfizer', '2022-3-17', '1199042113', 'VitaSolutions'),
(1, 'AstraZeneca', '2022-4-19', '0571337132', 'PharmaResearch'),
(1, 'Pfizer', '2020-6-16', '7687919247', 'LifeBioTech'),
(3, 'AstraZeneca', '2022-7-9', '2195494997', 'TheraPharm'),
(2, 'Johnson & Johnson', '2021-4-8', '9577115827', 'TheraBioTech'),
(1, 'AstraZeneca', '2021-3-17', '6451060543', 'MediTech'),
(1, 'AstraZeneca', '2021-8-24', '3206174717', 'HealthTech'),
(2, 'Johnson & Johnson', '2020-1-8', '1199042113', 'VitaSolutions'),
(1, 'AstraZeneca', '2021-1-4', '1574085608', 'VitaLab'),
(2, 'AstraZeneca', '2022-2-10', '9936455765', 'CareLab'),
(1, 'AstraZeneca', '2023-8-9', '4206349738', 'BioSolutions'),
(1, 'Pfizer', '2022-3-21', '6509489722', 'CareLab'),
(3, 'Moderna', '2020-8-23', '9577115827', 'VitaBioTech'),
(2, 'Moderna', '2023-3-17', '8004726988', 'VitaSolutions'),
(3, 'Pfizer', '2021-3-23', '0013145676', 'VitaLab'),
(2, 'Johnson & Johnson', '2020-8-26', '8004726988', 'PharmaLab');

INSERT INTO Schedule VALUES
('2021-2-6', '2023-4-26 12:45:12', '2023-6-22 14:2:38', 'LifeLab', '1574085608'),
('2020-3-17', '2018-4-14 13:42:20', '2020-2-27 3:20:54', 'LifeBioTech', '3612839230'),
('2022-8-2', '2022-10-7 9:12:21', '2023-6-15 6:57:14', 'LifeBioTech', '7995732151'),
('2023-6-11', '2020-10-15 10:22:22', '2023-9-24 6:34:2', 'MediTech', '1199042113'),
('2023-9-2', '2018-10-3 3:6:56', '2023-8-7 7:48:20', 'LifeBioTech', '1574085608'),
('2021-3-14', '2022-11-27 12:44:10', '2023-6-20 13:59:15', 'LifePharmaTech', '2163390785'),
('2021-2-23', '2021-11-18 20:14:42', '2023-6-13 7:8:41', 'HealthSolutions', '1620952844'),
('2020-4-7', '2022-7-8 20:53:56', '2023-7-17 9:33:28', 'PharmaLab', '5702531782'),
('2021-2-25', '2021-4-10 14:16:40', '2023-8-16 19:20:29', 'MediMed', '9936455765'),
('2021-11-18', '2023-2-14 7:26:51', '2023-6-12 9:54:57', 'VitaLab', '1574085608'),
('2019-5-17', '2020-9-26 21:45:31', '2021-6-27 10:33:13', 'PharmaResearch', '1574085608'),
('2017-3-15', '2019-5-27 14:32:39', '2023-10-22 11:24:47', 'PharmaLab', '2142532748'),
('2021-10-20', '2023-7-7 20:38:2', '2023-11-19 21:26:49', 'MediTech', '6232899936'),
('2021-10-2', '2018-2-11 10:43:34', '2019-5-20 23:2:8', 'LifePharm', '1620952844'),
('2022-2-3', '2018-8-24 12:43:53', '2018-9-10 13:43:24', 'GenPharmaCare', '5702531782'),
('2022-11-4', '2018-8-26 14:45:58', '2020-7-22 7:15:23', 'LifeLab', '2195494997'),
('2019-3-6', '2023-5-15 15:37:27', '2023-6-15 22:9:31', 'LifeLab', '2073361414'),
('2023-8-17', '2018-4-15 23:28:46', '2023-11-19 4:57:20', 'PharmaLab', '6480172088'),
('2022-1-16', '2019-2-11 15:34:50', '2020-8-5 15:21:36', 'GenPharmaCare', '6480172088'),
('2021-2-13', '2023-3-17 1:14:4', '2023-6-1 1:16:8', 'PharmaResearch', '6814895109'),
('2023-5-6', '2018-4-1 14:52:37', '2019-2-14 15:37:18', 'CareLab', '3351102091'),
('2021-8-4', '2018-1-23 13:3:35', '2019-3-7 3:31:44', 'TheraPharm', '0571337132'),
('2018-9-17', '2019-5-9 15:10:13', '2020-2-6 14:35:37', 'VitaSolutions', '2073361414'),
('2022-10-7', '2018-9-17 7:33:52', '2020-6-26 2:50:17', 'VitaMed', '3206174717'),
('2021-10-21', '2022-9-15 9:7:16', '2023-5-21 11:27:57', 'VitaLab', '7687919247'),
('2021-8-1', '2022-2-8 20:3:21', '2023-3-15 10:52:34', 'GenLab', '2142532748'),
('2018-1-26', '2023-3-23 13:24:14', '2023-7-4 13:47:30', 'CurePharm', '2195494997'),
('2018-5-13', '2021-1-11 7:41:7', '2021-9-25 5:16:4', 'HealthTech', '7687919247'),
('2023-2-15', '2021-3-3 11:14:42', '2023-1-27 17:46:48', 'PharmaHealthcare', '5702531782'),
('2020-3-17', '2023-7-21 18:41:23', '2023-9-10 13:49:29', 'GenPharmaCare', '5702480545');


