INSERT INTO Residence VALUES
('8639 Cedar Circle', 'Barrie', 'Prince Edward Island', 'O91 0U9', '5509754817', 2, 'Semi-Detached House'),
('6918 Magnolia Court', 'Lethbridge', 'Manitoba', 'H60 0Y5', '9860975173', 4, 'Apartment'),
('4754 Hickory Circle', 'Belleville', 'New Brunswick', 'E76 1J7', '6556562036', 2, 'Condominium'),
('7811 Hickory Road', 'St. Johns', 'Nova Scotia', 'J54 9F2', '7684664041', 6, 'House'),
('8401 Oak Lane', 'Prince George', 'Quebec', 'E11 9Z8', '3175063991', 2, 'Condominium'),
('8958 Maple Way', 'Saint John', 'Saskatchewan', 'F59 6G7', '2337066746', 5, 'Semi-Detached House'),
('0113 Willow Circle', 'Halifax', 'Northwest Territories', 'I50 3S1', '5278933673', 3, 'House'),
('3732 Willow Terrace', 'Winnipeg', 'New Brunswick', 'N13 0W3', '5251900788', 2, 'Condominium'),
('2754 Cedar Way', 'Medicine Hat', 'British Columbia', 'T35 2X3', '5834415560', 6, 'Condominium'),
('1245 Cedar Court', 'Kitchener', 'Alberta', 'E50 7H8', '7122636640', 4, 'Semi-Detached House'),
('6720 Birch Circle', 'North Bay', 'Newfoundland and Labrador', 'Z01 4A0', '7912946904', 3, 'House'),
('1802 Birch Road', 'Cornwall', 'Newfoundland and Labrador', 'I56 4B1', '6075199304', 3, 'Condominium'),
('6802 Willow Boulevard', 'Peterborough', 'Newfoundland and Labrador', 'Z08 9C6', '7870008972', 5, 'Semi-Detached House'),
('6305 Spruce Boulevard', 'Chicoutimi', 'Saskatchewan', 'I60 3E4', '3030190289', 4, 'Apartment'),
('1020 Spruce Terrace', 'Brandon', 'Northwest Territories', 'Y98 3R5', '8973163846', 7, 'Condominium'),
('8101 Hickory Court', 'Mirabel', 'British Columbia', 'N87 5G1', '7302766906', 2, 'House'),
('4076 Oak Drive', 'Saint-Hyacinthe', 'Nunavut', 'D84 8X3', '6305649528', 4, 'Semi-Detached House'),
('8501 Birch Street', 'Newmarket', 'Manitoba', 'I81 3D4', '3615263441', 3, 'Apartment'),
('7801 Elm Terrace', 'Regina', 'Newfoundland and Labrador', 'F61 2B7', '9540317851', 1, 'Apartment'),
('4151 Oak Street', 'Sherbrooke', 'Manitoba', 'R63 1V5', '5215046555', 6, 'House'),
('5860 Maple Circle', 'Aurora', 'British Columbia', 'J44 0I6', '9689283928', 1, 'House'),
('0279 Cedar Terrace', 'Victoria', 'Alberta', 'V91 8I5', '6319721717', 6, 'Semi-Detached House'),
('4387 Elm Boulevard', 'Montreal', 'Northwest Territories', 'S75 2F1', '7706379869', 1, 'House'),
('6748 Elm Court', 'White Rock', 'Nova Scotia', 'H21 6N1', '5743067054', 1, 'Semi-Detached House'),
('5755 Cedar Boulevard', 'Moncton', 'Alberta', 'M58 1N1', '8212798739', 6, 'Semi-Detached House'),
('9609 Elm Drive', 'Ottawa', 'British Columbia', 'J35 4H4', '4705348737', 2, 'Apartment'),
('3271 Hickory Terrace', 'Vancouver', 'Northwest Territories', 'B48 9D2', '7548161653', 6, 'Semi-Detached House'),
('6213 Hickory Street', 'Oshawa', 'British Columbia', 'D52 9G7', '8911026993', 6, 'Condominium'),
('7068 Hickory Lane', 'Abbotsford', 'Nova Scotia', 'O69 3D0', '7685377678', 7, 'Apartment'),
('0858 Cedar Road', 'Red Deer', 'Ontario', 'B11 9S2', '4765654884', 5, 'Condominium'),
('6850 Pine Drive', 'Trois-Rivieres', 'British Columbia', 'D13 5Y3', '3163324964', 7, 'Condominium'),
('2682 Hickory Avenue', 'Quebec City', 'Northwest Territories', 'G83 7C4', '3931680906', 3, 'Apartment'),
('8450 Cedar Drive', 'Norfolk County', 'Northwest Territories', 'A28 1E3', '7083333446', 5, 'House'),
('8147 Willow Court', 'Saskatoon', 'Saskatchewan', 'Y89 9X2', '3709506392', 1, 'Condominium'),
('1249 Maple Court', 'St. Albert', 'Alberta', 'A26 2E2', '7620692575', 2, 'Condominium'),
('3150 Pine Terrace', 'Saint-Jérôme', 'Ontario', 'R99 3W6', '3974242471', 7, 'Semi-Detached House'),
('5166 Oak Road', 'Hamilton', 'Alberta', 'G89 2S5', '5756054964', 1, 'Condominium'),
('7458 Hickory Boulevard', 'Windsor', 'Nova Scotia', 'P77 6E5', '9287086879', 1, 'Semi-Detached House'),
('9486 Maple Terrace', 'Calgary', 'Northwest Territories', 'W37 1A0', '5910968260', 6, 'Condominium'),
('6264 Birch Lane', 'Victoriaville', 'Prince Edward Island', 'I63 1J8', '7548284345', 2, 'Condominium');

INSERT INTO Person VALUES
('1214494368', 'Ava', 'Smith', '1947-10-19', 'V138798254', '2277605487', 'Canadian', 'avasmith99@gmail.com', 'Teacher', '7458 Hickory Boulevard'),
('3185878778', 'David', 'Green', '2009-10-13', 'E751406655', '8325139460', 'Canadian', 'davidgreen28@gmail.com', 'Geologist', '6720 Birch Circle'),
('6626190756', 'Sophia', 'Wright', '1996-2-7', 'K246731097', '7763171936', 'Canadian', 'sophiawright63@gmail.com', 'Electrician', '6305 Spruce Boulevard'),
('6277297033', 'Matthew', 'Scott', '2004-4-2', 'Z069875794', '4993433801', 'Canadian', 'matthewscott44@gmail.com', 'Writer', '3150 Pine Terrace'),
('7166044973', 'Abigail', 'Baker', '1985-8-24', 'Z520578072', '7187441594', 'Canadian', 'abigailbaker86@gmail.com', 'Graphic Designer', '2682 Hickory Avenue'),
('8460427255', 'Liam', 'Anderson', '2003-11-11', 'Y974408417', '9075542979', 'Canadian', 'liamanderson76@gmail.com', 'Architect', '1020 Spruce Terrace'),
('4238378686', 'Elizabeth', 'Garcia', '1943-4-20', 'S528502101', '6574112679', 'Canadian', 'elizabethgarcia55@gmail.com', 'Artist', '1020 Spruce Terrace'),
('4606738667', 'Jacob', 'Young', '2023-9-22', 'P663107009', '7450194977', 'Canadian', 'jacobyoung03@gmail.com', 'Paramedic', '6213 Hickory Street'),
('6728921571', 'Oliver', 'Miller', '1950-6-11', 'T163039333', '6799594669', 'Canadian', 'olivermiller81@gmail.com', 'Photographer', '6918 Magnolia Court'),
('5558926460', 'Michael', 'Edwards', '2019-2-11', 'A649903483', '4017729237', 'Canadian', 'michaeledwards42@gmail.com', 'Actor', '8101 Hickory Court'),
('1889402233', 'Grace', 'Clark', '1963-4-19', 'M953819495', '5962916910', 'Canadian', 'graceclark96@gmail.com', 'Psychologist', '4076 Oak Drive'),
('9120076137', 'Sofia', 'Evans', '2010-2-19', 'O741236541', '5606702153', 'Canadian', 'sofiaevans95@gmail.com', 'Meteorologist', '6918 Magnolia Court'),
('7785989640', 'Evelyn', 'Rodriguez', '1994-6-15', 'G777211809', '9337474332', 'Canadian', 'evelynrodriguez04@gmail.com', 'Lawyer', '7068 Hickory Lane'),
('7027272309', 'David', 'Turner', '1953-10-14', 'C769159787', '4265807750', 'Canadian', 'davidturner50@gmail.com', 'Police Officer', '1802 Birch Road'),
('3843538963', 'Jackson', 'Jackson', '1944-5-1', 'A741409508', '3120966978', 'Canadian', 'jacksonjackson40@gmail.com', 'Sales Representative', '1802 Birch Road'),
('4771370767', 'Ella', 'Robinson', '1962-3-18', 'S057324576', '2434362196', 'Canadian', 'ellarobinson59@gmail.com', 'Journalist', '4754 Hickory Circle'),
('6109190653', 'Ava', 'Gonzalez', '2022-4-3', 'Y563533397', '6585148173', 'Canadian', 'avagonzalez19@gmail.com', 'Translator', '1249 Maple Court'),
('2603233567', 'Isabella', 'Turner', '1942-8-2', 'U693255264', '7355896029', 'Canadian', 'isabellaturner93@gmail.com', 'Pharmacist', '0279 Cedar Terrace'),
('2466684299', 'Sofia', 'Martin', '1967-2-6', 'B787065943', '8763517414', 'Canadian', 'sofiamartin71@gmail.com', 'Plumber', '5755 Cedar Boulevard'),
('0906951908', 'Noah', 'Gonzalez', '2001-10-20', 'G888772552', '2401915537', 'Canadian', 'noahgonzalez42@gmail.com', 'Software Developer', '4754 Hickory Circle'),
('8756855214', 'Aria', 'Taylor', '1940-7-23', 'C972781879', '5824685455', 'Canadian', 'ariataylor40@gmail.com', 'Accountant', '6305 Spruce Boulevard'),
('9951944485', 'William', 'Jones', '1943-6-19', 'V918568573', '4158780523', 'Canadian', 'williamjones46@gmail.com', 'Construction Worker', '8101 Hickory Court'),
('4150204572', 'Emily', 'White', '2023-1-3', 'R519324690', '7501970739', 'Canadian', 'emilywhite61@gmail.com', 'Real Estate Agent', '1245 Cedar Court'),
('0229881128', 'Ethan', 'Jones', '1967-9-25', 'L865050979', '9549688077', 'Canadian', 'ethanjones16@gmail.com', 'Pilot', '4387 Elm Boulevard'),
('6634870777', 'Joseph', 'Green', '2023-11-14', 'V447995192', '8902888308', 'Canadian', 'josephgreen14@gmail.com', 'Fashion Designer', '0279 Cedar Terrace'),
('7448952408', 'Daniel', 'Allen', '1970-1-21', 'Y653184151', '5935419225', 'Canadian', 'danielallen86@gmail.com', 'Fitness Trainer', '9609 Elm Drive'),
('0528046472', 'David', 'Hall', '1948-1-27', 'L603480350', '8395455234', 'Canadian', 'davidhall93@gmail.com', 'Dentist', '8501 Birch Street'),
('4249803691', 'Elizabeth', 'Hill', '1995-6-14', 'X198636976', '3976782579', 'Canadian', 'elizabethhill71@gmail.com', 'Engineer', '7068 Hickory Lane'),
('1684860350', 'Noah', 'Campbell', '1943-9-15', 'T644502910', '2858257023', 'Canadian', 'noahcampbell74@gmail.com', 'Marketing Manager', '8101 Hickory Court'),
('1051388042', 'Lucas', 'Scott', '1999-2-1', 'G212540076', '2706033189', 'Canadian', 'lucasscott14@gmail.com', 'Economist', '4076 Oak Drive'),
('3504273577', 'Chloe', 'Phillips', '1993-7-3', 'P277344263', '5788665561', 'Canadian', 'chloephillips73@gmail.com', 'Chef', '8501 Birch Street'),
('2572934851', 'Madison', 'Wilson', '1996-9-24', 'R748781882', '9028041113', 'Canadian', 'madisonwilson33@gmail.com', 'Interior Designer', '5166 Oak Road'),
('3302055460', 'Isabella', 'Wright', '1941-3-18', 'R821418597', '3838712181', 'Canadian', 'isabellawright18@gmail.com', 'Chemist', '2682 Hickory Avenue'),
('4875928263', 'Sophia', 'Baker', '2023-7-13', 'I193496159', '7153652382', 'Canadian', 'sophiabaker99@gmail.com', 'HR Manager', '7801 Elm Terrace'),
('9378634004', 'Oliver', 'Wright', '1946-9-27', 'G366625613', '3166295463', 'Canadian', 'oliverwright66@gmail.com', 'Nurse', '1249 Maple Court'),
('3106473581', 'Avery', 'Roberts', '2002-1-22', 'P251371122', '2078053004', 'Canadian', 'averyroberts13@gmail.com', 'Marine Biologist', '6850 Pine Drive'),
('4311418275', 'Noah', 'Nelson', '1984-5-26', 'R554100300', '8163538096', 'Canadian', 'noahnelson21@gmail.com', 'Carpenter', '2754 Cedar Way'),
('5456569094', 'Sophia', 'Walker', '1954-5-10', 'M663687918', '8542516455', 'Canadian', 'sophiawalker83@gmail.com', 'Doctor', '8958 Maple Way'),
('9335396058', 'Lucas', 'Roberts', '1980-7-9', 'S682304213', '2242317904', 'Canadian', 'lucasroberts75@gmail.com', 'Social Worker', '6850 Pine Drive'),
('8192291959', 'Jacob', 'Davis', '1971-1-18', 'O761011479', '4291630527', 'Canadian', 'jacobdavis91@gmail.com', 'Veterinarian', '6720 Birch Circle');

INSERT INTO Employee VALUES
('6634870777', 'Doctor'),
('4875928263', 'Administrative Personnel'),
('7166044973', 'Receptionist'),
('2572934851', 'Pharmacist'),
('7785989640', 'Doctor'),
('0906951908', 'Nurse'),
('6626190756', 'Doctor'),
('6109190653', 'Receptionist'),
('9378634004', 'Cashier'),
('9120076137', 'Doctor'),
('9335396058', 'Security Personnel'),
('8460427255', 'Administrative Personnel'),
('1684860350', 'Cashier'),
('2466684299', 'Regular Employee'),
('5456569094', 'Cashier'),
('4606738667', 'Cashier'),
('6728921571', 'Regular Employee'),
('1889402233', 'Receptionist'),
('3843538963', 'Security Personnel'),
('5558926460', 'Cashier'),
('0528046472', 'Doctor'),
('0229881128', 'Doctor'),
('3106473581', 'Receptionist'),
('6277297033', 'Pharmacist'),
('3504273577', 'Pharmacist'),
('8192291959', 'Security Personnel'),
('7448952408', 'Nurse'),
('4311418275', 'Doctor'),
('2603233567', 'Cashier'),
('4150204572', 'Pharmacist'),
('3185878778', 'Receptionist'),
('4249803691', 'Receptionist'),
('7027272309', 'Doctor'),
('4771370767', 'Doctor'),
('1051388042', 'Nurse');

INSERT INTO Facility VALUES
('VitaTech', '6769 Cedar Road', 'Edmonton', 'British Columbia', 'L92 1J6', '3421965456', 'www.vitatech768.org', 'Hospital', 276, '6728921571'),
('GenLab', '0263 Oak Boulevard', 'Fredericton', 'Manitoba', 'L90 0K3', '7982313679', 'www.genlab323.org', 'Pharmacy', 410, '8460427255'),
('CurePharm', '4771 Oak Court', 'Newmarket', 'British Columbia', 'I17 0F2', '2963892628', 'www.curepharm753.org', 'Special Instalment', 291, '4150204572'),
('BioSolutions', '1156 Magnolia Boulevard', 'Halifax', 'Quebec', 'W17 3Q6', '2238324555', 'www.biosolutions790.org', 'Clinic', 784, '4249803691'),
('LifeBioTech', '3161 Magnolia Street', 'St. Albert', 'Alberta', 'V07 8S8', '5010141984', 'www.lifebiotech987.org', 'Hospital', 543, '8192291959'),
('CureBioTech', '3738 Hickory Avenue', 'Victoriaville', 'Northwest Territories', 'I48 0S8', '5716142100', 'www.curebiotech779.org', 'Pharmacy', 581, '9120076137'),
('GenHealthcare', '9860 Elm Lane', 'Saint-Jérôme', 'Northwest Territories', 'Y58 6V8', '5291235583', 'www.genhealthcare424.org', 'Pharmacy', 396, '3843538963'),
('CureSolutions', '4850 Willow Road', 'Kelowna', 'Nunavut', 'T90 1M2', '8982272055', 'www.curesolutions233.org', 'CLSC', 538, '3504273577'),
('BioPharmaTech', '7024 Birch Boulevard', 'Winnipeg', 'Ontario', 'U06 7X2', '6154984311', 'www.biopharmatech496.org', 'Clinic', 10, '5558926460'),
('TheraTech', '9701 Cedar Court', 'Oshawa', 'Prince Edward Island', 'G62 0X3', '7111725785', 'www.theratech553.org', 'Pharmacy', 383, '6626190756'),
('CareBioTech', '1125 Willow Avenue', 'Cornwall', 'Alberta', 'Z54 6E2', '3139778450', 'www.carebiotech114.org', 'Pharmacy', 26, '8460427255'),
('PharmaResearch', '4763 Maple Circle', 'Saskatoon', 'Newfoundland and Labrador', 'Q38 2T1', '3613218420', 'www.pharmaresearch132.org', 'Hospital', 693, '6626190756'),
('GenPharm', '0240 Hickory Boulevard', 'London', 'Newfoundland and Labrador', 'L72 4A2', '4808556971', 'www.genpharm500.org', 'Clinic', 771, '6109190653'),
('LifeResearch', '7306 Hickory Circle', 'Peterborough', 'Ontario', 'F48 2P2', '3948367177', 'www.liferesearch779.org', 'Clinic', 80, '3106473581'),
('VitaSolutions', '6690 Spruce Terrace', 'Trois-Rivieres', 'Nunavut', 'Y43 2C7', '7109454354', 'www.vitasolutions910.org', 'Special Instalment', 82, '3106473581'),
('VitaResearch', '5981 Maple Avenue', 'Quebec City', 'Quebec', 'Y42 6U2', '6495316687', 'www.vitaresearch429.org', 'Hospital', 485, '4771370767'),
('GenBioTech', '5977 Oak Terrace', 'Norfolk County', 'Manitoba', 'R21 2L2', '5248897455', 'www.genbiotech019.org', 'Special Instalment', 316, '1684860350'),
('CureHealthcare', '5497 Spruce Boulevard', 'Victoria', 'Prince Edward Island', 'M74 5J4', '9100915689', 'www.curehealthcare957.org', 'Pharmacy', 935, '9378634004'),
('MediLab', '9304 Birch Court', 'Medicine Hat', 'Alberta', 'G65 4V1', '3503049689', 'www.medilab748.org', 'Clinic', 791, '7166044973'),
('PharmaHealthcare', '9897 Maple Boulevard', 'Aurora', 'Nova Scotia', 'U95 5F3', '4712297330', 'www.pharmahealthcare511.org', 'Special Instalment', 678, '4249803691'),
('TheraBioTech', '9883 Elm Drive', 'Calgary', 'New Brunswick', 'D02 4Q0', '9484792164', 'www.therabiotech646.org', 'Hospital', 342, '2466684299'),
('MediSolutions', '0803 Spruce Road', 'Kanata', 'Quebec', 'K79 0R2', '7468878549', 'www.medisolutions915.org', 'Hospital', 104, '7785989640'),
('TheraPharmaCare', '7358 Willow Drive', 'White Rock', 'Prince Edward Island', 'V39 0P7', '6871756937', 'www.therapharmacare583.org', 'Special Instalment', 847, '6626190756'),
('PharmaLab', '6920 Magnolia Lane', 'Abbotsford', 'Saskatchewan', 'X62 1S6', '4841137590', 'www.pharmalab004.org', 'Hospital', 958, '8192291959'),
('MediPharmaTech', '5605 Birch Road', 'Chicoutimi', 'New Brunswick', 'X52 6T0', '6091692872', 'www.medipharmatech407.org', 'CLSC', 269, '7448952408');

INSERT INTO Works_at VALUES
('8460427255', 'TheraBioTech', '2022-7-20', '2023-4-21'),
('4311418275', 'PharmaHealthcare', '2020-2-17', NULL),
('9120076137', 'CureBioTech', '2020-4-15', '2023-9-5'),
('8192291959', 'TheraBioTech', '2017-8-16', '2022-9-15'),
('6109190653', 'VitaTech', '2023-7-6', NULL),
('5456569094', 'CurePharm', '2015-9-17', '2022-5-2'),
('3504273577', 'GenPharm', '2017-4-18', NULL),
('7027272309', 'BioSolutions', '2022-4-17', NULL),
('6277297033', 'PharmaHealthcare', '2018-11-20', NULL),
('7448952408', 'VitaSolutions', '2017-5-11', NULL),
('2466684299', 'VitaResearch', '2016-10-23', NULL),
('4606738667', 'VitaSolutions', '2016-10-20', NULL),
('4771370767', 'LifeBioTech', '2022-7-27', NULL),
('4249803691', 'PharmaLab', '2017-2-13', '2019-6-18'),
('2466684299', 'PharmaHealthcare', '2019-6-1', NULL),
('6626190756', 'GenBioTech', '2021-4-22', '2022-8-20'),
('6626190756', 'GenPharm', '2022-4-21', '2023-11-10'),
('4606738667', 'CureBioTech', '2016-3-27', NULL),
('2603233567', 'CureBioTech', '2015-11-21', NULL),
('1684860350', 'LifeBioTech', '2018-8-14', '2023-1-25'),
('9378634004', 'VitaTech', '2015-4-18', NULL),
('7027272309', 'MediLab', '2019-2-13', NULL),
('4150204572', 'CureHealthcare', '2019-5-20', '2021-2-9'),
('7448952408', 'BioPharmaTech', '2020-10-15', '2022-6-17'),
('6626190756', 'TheraPharmaCare', '2023-10-17', '2023-11-1'),
('0229881128', 'CureBioTech', '2015-2-26', '2021-7-12'),
('9378634004', 'TheraTech', '2017-11-11', NULL),
('4311418275', 'GenBioTech', '2016-1-18', NULL),
('8460427255', 'GenLab', '2018-6-4', NULL),
('7166044973', 'CureBioTech', '2020-8-16', NULL),
('3843538963', 'TheraTech', '2015-9-23', NULL),
('9378634004', 'GenBioTech', '2019-10-21', NULL),
('9335396058', 'MediSolutions', '2020-2-20', '2020-11-2'),
('6626190756', 'VitaTech', '2023-5-12', NULL),
('8460427255', 'TheraTech', '2016-6-10', NULL),
('7166044973', 'CurePharm', '2021-6-21', NULL),
('6634870777', 'GenPharm', '2021-9-7', NULL),
('1889402233', 'MediSolutions', '2023-8-18', '2023-11-15'),
('0229881128', 'BioPharmaTech', '2021-6-21', '2022-7-8'),
('9120076137', 'BioPharmaTech', '2019-8-5', NULL);

INSERT INTO lives_in VALUES
('2754 Cedar Way', '4311418275', '2021-4-12'),
('0113 Willow Circle', '4771370767', '2020-7-11'),
('3150 Pine Terrace', '4771370767', '2020-5-18'),
('6850 Pine Drive', '4606738667', '2015-3-9'),
('8147 Willow Court', '9120076137', '2017-8-9'),
('6720 Birch Circle', '3106473581', '2020-7-1'),
('3732 Willow Terrace', '1889402233', '2020-2-17'),
('5860 Maple Circle', '2466684299', '2015-8-1'),
('8147 Willow Court', '6626190756', '2017-5-13'),
('2682 Hickory Avenue', '7785989640', '2022-5-23'),
('3732 Willow Terrace', '9120076137', '2016-7-5'),
('7068 Hickory Lane', '2572934851', '2022-9-7'),
('1802 Birch Road', '3302055460', '2022-4-23'),
('4754 Hickory Circle', '3106473581', '2016-6-25'),
('7801 Elm Terrace', '4771370767', '2015-11-27'),
('1802 Birch Road', '4238378686', '2019-11-20'),
('8401 Oak Lane', '3302055460', '2023-6-12'),
('2682 Hickory Avenue', '2572934851', '2021-8-15'),
('8501 Birch Street', '2466684299', '2015-2-25'),
('6850 Pine Drive', '2466684299', '2021-4-8'),
('4076 Oak Drive', '9335396058', '2015-3-4'),
('8147 Willow Court', '9951944485', '2023-4-20'),
('3150 Pine Terrace', '5558926460', '2020-9-4'),
('7811 Hickory Road', '2603233567', '2015-7-21'),
('4754 Hickory Circle', '4875928263', '2016-8-5'),
('0113 Willow Circle', '7448952408', '2020-9-6'),
('6802 Willow Boulevard', '6277297033', '2023-5-13'),
('0858 Cedar Road', '8460427255', '2019-1-17'),
('6748 Elm Court', '0528046472', '2015-8-1'),
('6748 Elm Court', '1889402233', '2015-9-6'),
('8501 Birch Street', '8460427255', '2022-4-5'),
('9486 Maple Terrace', '7448952408', '2015-9-6'),
('9486 Maple Terrace', '7166044973', '2022-10-10'),
('6213 Hickory Street', '6634870777', '2023-1-19'),
('6802 Willow Boulevard', '6109190653', '2021-9-22'),
('6213 Hickory Street', '5456569094', '2016-5-17'),
('8147 Willow Court', '3504273577', '2019-4-22'),
('6720 Birch Circle', '3843538963', '2018-11-15'),
('1020 Spruce Terrace', '4875928263', '2019-7-6'),
('8501 Birch Street', '6109190653', '2023-1-4');

INSERT INTO lives_with VALUES
('2466684299', '9120076137', 'Non-Parent Dependent'),
('6728921571', '2572934851', 'Parent'),
('8192291959', '2603233567', 'Partner'),
('5558926460', '3106473581', 'Parent'),
('7785989640', '4875928263', 'Children'),
('9335396058', '4238378686', 'Non-Parent Dependent'),
('2572934851', '1684860350', 'Roommate'),
('6626190756', '4249803691', 'Parent'),
('0528046472', '3504273577', 'Children'),
('2572934851', '1889402233', 'Partner'),
('4311418275', '0906951908', 'Roommate'),
('7785989640', '3185878778', 'Children'),
('3843538963', '2603233567', 'Roommate'),
('6109190653', '6634870777', 'Children'),
('0528046472', '1051388042', 'Roommate'),
('9335396058', '0528046472', 'Roommate'),
('4771370767', '5456569094', 'Children'),
('7166044973', '9378634004', 'Non-Parent Dependent'),
('2466684299', '9335396058', 'Partner'),
('5456569094', '9335396058', 'Non-Parent Dependent'),
('6109190653', '1889402233', 'Children'),
('3185878778', '4771370767', 'Parent'),
('3843538963', '7166044973', 'Non-Parent Dependent'),
('5456569094', '3302055460', 'Parent'),
('4311418275', '0906951908', 'Parent'),
('6277297033', '9378634004', 'Partner'),
('2603233567', '1889402233', 'Roommate'),
('4875928263', '2466684299', 'Children'),
('8460427255', '6277297033', 'Parent'),
('7448952408', '9335396058', 'Parent'),
('6109190653', '7785989640', 'Children'),
('2572934851', '7166044973', 'Non-Parent Dependent'),
('7166044973', '1684860350', 'Parent'),
('9120076137', '1889402233', 'Parent'),
('2603233567', '8460427255', 'Partner'),
('7785989640', '6277297033', 'Children'),
('2603233567', '9378634004', 'Parent'),
('4606738667', '7448952408', 'Partner'),
('3843538963', '7027272309', 'Children'),
('4875928263', '1051388042', 'Partner');

INSERT INTO Infection VALUES
('2022-10-13', 'COVID-19', 13, '5558926460'),
('2021-2-13', 'SARS-Cov-2 Variant', 5, '3106473581'),
('2022-9-8', 'COVID-19', 13, '6626190756'),
('2021-9-26', 'COVID-19', 9, '4875928263'),
('2022-5-14', 'COVID-19', 4, '0906951908'),
('2022-8-21', 'Other', 2, '5558926460'),
('2023-10-9', 'COVID-19', 10, '6109190653'),
('2020-1-19', 'Other', 6, '3504273577'),
('2023-10-6', 'Other', 1, '4606738667'),
('2020-3-21', 'SARS-Cov-2 Variant', 8, '3185878778'),
('2020-10-10', 'Other', 12, '1684860350'),
('2021-6-6', 'Other', 13, '6728921571'),
('2021-11-2', 'Other', 7, '4249803691'),
('2022-7-10', 'Other', 6, '4606738667'),
('2023-7-7', 'SARS-Cov-2 Variant', 10, '4150204572'),
('2020-11-14', 'SARS-Cov-2 Variant', 4, '6634870777'),
('2020-1-2', 'SARS-Cov-2 Variant', 1, '1889402233'),
('2023-7-10', 'Other', 13, '7166044973'),
('2022-10-8', 'Other', 3, '0906951908'),
('2023-2-12', 'Other', 12, '3302055460'),
('2021-7-17', 'COVID-19', 13, '2466684299'),
('2020-7-3', 'SARS-Cov-2 Variant', 5, '8756855214'),
('2020-11-3', 'COVID-19', 4, '4150204572'),
('2023-7-6', 'COVID-19', 6, '2603233567'),
('2020-10-6', 'COVID-19', 3, '9120076137'),
('2022-3-27', 'Other', 5, '9378634004'),
('2020-5-24', 'COVID-19', 4, '0906951908'),
('2022-11-2', 'SARS-Cov-2 Variant', 4, '4150204572'),
('2023-7-9', 'Other', 13, '6634870777'),
('2021-1-25', 'Other', 5, '3302055460'),
('2021-10-1', 'SARS-Cov-2 Variant', 1, '1684860350'),
('2020-11-22', 'SARS-Cov-2 Variant', 11, '0528046472'),
('2020-5-22', 'Other', 3, '8460427255'),
('2020-3-1', 'SARS-Cov-2 Variant', 6, '8192291959'),
('2022-5-9', 'Other', 7, '1889402233'),
('2020-11-11', 'COVID-19', 6, '7027272309'),
('2023-8-26', 'Other', 5, '9120076137'),
('2020-2-18', 'COVID-19', 13, '0906951908'),
('2023-5-18', 'SARS-Cov-2 Variant', 4, '0229881128'),
('2020-7-16', 'COVID-19', 1, '1684860350'),
('2021-1-11', 'COVID-19', 7, '9335396058'),
('2020-7-22', 'COVID-19', 3, '6109190653'),
('2020-1-19', 'SARS-Cov-2 Variant', 9, '6728921571'),
('2022-2-17', 'COVID-19', 8, '0229881128'),
('2022-6-2', 'Other', 7, '5456569094'),
('2022-5-20', 'SARS-Cov-2 Variant', 13, '8192291959'),
('2022-10-24', 'Other', 9, '1051388042'),
('2023-6-21', 'COVID-19', 3, '7166044973'),
('2021-5-3', 'Other', 4, '0906951908'),
('2020-2-7', 'SARS-Cov-2 Variant', 2, '4238378686');

INSERT INTO Vaccine VALUES
(1, 'Pfizer', '2020-2-11', '7027272309', 'CureHealthcare'),
(2, 'Moderna', '2020-10-13', '3185878778', 'PharmaResearch'),
(1, 'Johnson & Johnson', '2020-8-27', '9951944485', 'CurePharm'),
(1, 'Pfizer', '2022-2-8', '6634870777', 'GenBioTech'),
(2, 'Johnson & Johnson', '2020-7-12', '2466684299', 'PharmaResearch'),
(3, 'Johnson & Johnson', '2021-1-15', '3504273577', 'PharmaHealthcare'),
(3, 'Johnson & Johnson', '2020-7-18', '4311418275', 'MediSolutions'),
(1, 'Johnson & Johnson', '2021-10-3', '2572934851', 'MediLab'),
(3, 'Moderna', '2022-10-17', '2572934851', 'CureHealthcare'),
(2, 'Moderna', '2023-9-11', '1051388042', 'VitaResearch'),
(1, 'AstraZeneca', '2021-2-20', '1214494368', 'BioSolutions'),
(2, 'Moderna', '2021-5-3', '9951944485', 'VitaTech'),
(2, 'Moderna', '2021-1-22', '2466684299', 'TheraPharmaCare'),
(3, 'AstraZeneca', '2023-8-4', '3302055460', 'CureHealthcare'),
(2, 'Johnson & Johnson', '2022-11-6', '5456569094', 'GenLab'),
(1, 'AstraZeneca', '2021-2-27', '7785989640', 'TheraBioTech'),
(1, 'Johnson & Johnson', '2020-3-21', '6109190653', 'MediSolutions'),
(1, 'Pfizer', '2021-4-18', '2466684299', 'TheraBioTech'),
(2, 'Johnson & Johnson', '2020-4-15', '4238378686', 'VitaTech'),
(3, 'Moderna', '2020-8-7', '4249803691', 'MediLab'),
(2, 'Johnson & Johnson', '2022-6-17', '2572934851', 'GenLab'),
(3, 'Pfizer', '2020-2-12', '0229881128', 'CareBioTech'),
(3, 'Pfizer', '2021-3-17', '9335396058', 'CurePharm'),
(3, 'Johnson & Johnson', '2022-2-9', '9951944485', 'BioPharmaTech'),
(2, 'Moderna', '2021-3-11', '4875928263', 'CurePharm'),
(3, 'Moderna', '2022-9-24', '0906951908', 'GenPharm'),
(2, 'Moderna', '2023-10-15', '7785989640', 'TheraTech'),
(3, 'Moderna', '2020-5-24', '3843538963', 'VitaResearch'),
(2, 'Johnson & Johnson', '2020-1-20', '2466684299', 'TheraTech'),
(2, 'Moderna', '2022-9-10', '6626190756', 'GenLab'),
(1, 'Pfizer', '2020-5-15', '7785989640', 'TheraPharmaCare'),
(3, 'Johnson & Johnson', '2020-6-8', '0528046472', 'VitaTech'),
(1, 'Pfizer', '2022-3-21', '6728921571', 'CureSolutions'),
(1, 'Johnson & Johnson', '2021-10-5', '4875928263', 'MediSolutions'),
(2, 'Johnson & Johnson', '2023-10-16', '3185878778', 'VitaResearch'),
(3, 'Johnson & Johnson', '2022-1-26', '2603233567', 'BioPharmaTech'),
(3, 'AstraZeneca', '2020-2-20', '6277297033', 'TheraTech'),
(2, 'AstraZeneca', '2020-4-27', '0906951908', 'LifeBioTech'),
(3, 'Pfizer', '2021-2-5', '1051388042', 'TheraPharmaCare'),
(2, 'Moderna', '2021-5-20', '8460427255', 'VitaTech'),
(3, 'Moderna', '2023-6-4', '0528046472', 'GenLab'),
(1, 'Moderna', '2021-2-26', '6728921571', 'GenLab'),
(1, 'Moderna', '2021-4-3', '4606738667', 'TheraPharmaCare'),
(2, 'Moderna', '2022-6-9', '4238378686', 'VitaSolutions'),
(1, 'AstraZeneca', '2021-8-24', '6277297033', 'TheraBioTech');

INSERT INTO Schedule VALUES
('2020-7-23', '2020-3-16 9:45:53', '2020-9-19 20:19:59', 'LifeResearch', '7448952408'),
('2022-3-6', '2023-1-14 11:2:28', '2023-4-26 15:18:7', 'CureHealthcare', '4311418275'),
('2023-3-21', '2022-3-24 16:10:19', '2023-9-13 3:35:6', 'PharmaLab', '1889402233'),
('2022-9-5', '2019-7-22 22:28:46', '2021-8-16 9:28:49', 'TheraPharmaCare', '2603233567'),
('2021-2-14', '2019-6-12 22:43:2', '2021-8-21 23:29:50', 'GenPharm', '4249803691'),
('2018-2-21', '2021-7-8 16:40:59', '2022-5-5 9:31:5', 'GenLab', '0906951908'),
('2021-5-9', '2018-10-16 13:44:43', '2020-1-6 4:33:21', 'TheraBioTech', '1889402233'),
('2020-11-6', '2018-4-18 4:4:19', '2021-4-23 17:24:50', 'TheraPharmaCare', '4875928263'),
('2019-3-20', '2022-9-26 18:26:4', '2023-8-17 1:30:25', 'CareBioTech', '3843538963'),
('2019-10-21', '2020-9-8 21:25:43', '2022-5-17 6:43:13', 'TheraBioTech', '9335396058'),
('2022-4-4', '2022-7-2 23:46:1', '2023-1-22 5:41:15', 'PharmaLab', '4249803691'),
('2019-3-23', '2018-10-16 20:21:9', '2020-2-24 2:4:16', 'GenBioTech', '4771370767'),
('2017-9-5', '2021-1-15 8:6:26', '2022-11-24 8:35:7', 'LifeResearch', '8192291959'),
('2023-7-12', '2020-10-3 13:17:45', '2021-6-15 1:26:26', 'GenHealthcare', '6626190756'),
('2019-6-21', '2022-6-5 16:21:13', '2023-9-25 2:32:29', 'TheraPharmaCare', '9378634004'),
('2022-3-13', '2018-3-12 9:27:22', '2019-8-6 17:14:31', 'BioPharmaTech', '3504273577'),
('2023-6-21', '2021-7-10 13:7:32', '2023-5-4 3:10:24', 'GenLab', '2572934851'),
('2020-9-5', '2019-5-17 20:52:37', '2020-9-16 20:52:38', 'LifeBioTech', '4311418275'),
('2022-8-9', '2022-7-8 12:13:18', '2022-11-18 16:29:22', 'CureSolutions', '4875928263'),
('2019-11-4', '2021-1-27 15:55:31', '2023-4-24 23:15:38', 'VitaTech', '7027272309'),
('2023-3-19', '2020-9-19 14:12:37', '2023-9-4 9:17:45', 'CurePharm', '7166044973'),
('2019-7-4', '2018-8-24 22:22:13', '2019-4-25 5:1:16', 'PharmaLab', '3843538963'),
('2021-6-12', '2021-9-2 19:1:41', '2022-1-12 7:18:41', 'CurePharm', '3504273577'),
('2018-9-16', '2023-5-4 10:23:58', '2023-6-2 17:30:9', 'GenLab', '7027272309'),
('2022-3-6', '2021-2-17 11:43:6', '2023-2-1 6:8:26', 'CareBioTech', '6277297033'),
('2020-4-3', '2020-9-27 15:33:5', '2021-10-27 22:44:53', 'MediLab', '7027272309'),
('2021-9-17', '2023-4-12 19:5:28', '2023-11-5 3:14:21', 'TheraPharmaCare', '2466684299'),
('2021-2-23', '2020-3-27 19:51:19', '2022-10-19 7:32:20', 'LifeResearch', '4606738667'),
('2021-9-16', '2018-1-9 19:1:28', '2022-8-20 12:32:45', 'LifeResearch', '6109190653'),
('2023-8-11', '2023-4-27 13:41:30', '2023-7-16 14:13:11', 'GenPharm', '4150204572');


