INSERT INTO Residence VALUES
('2508 Magnolia Lane', 'Vancouver', 'Prince Edward Island', 'D71 9L3', '9645455872', 3, 'House'),
('4809 Willow Street', 'Trois-Rivieres', 'Alberta', 'S67 4X7', '5490056651', 4, 'Apartment'),
('4114 Hickory Court', 'Red Deer', 'Alberta', 'A50 6Y5', '3855679847', 7, 'Apartment'),
('8324 Elm Street', 'Mirabel', 'Manitoba', 'X45 1Y7', '2045364454', 1, 'Semi-Detached House'),
('4149 Maple Terrace', 'Saint-Hyacinthe', 'British Columbia', 'Q81 7F1', '9325204478', 3, 'Condominium'),
('5472 Magnolia Court', 'Windsor', 'New Brunswick', 'B16 1F8', '2906916803', 6, 'Condominium'),
('1892 Elm Circle', 'Edmonton', 'Quebec', 'I91 1Q1', '7573404064', 6, 'Semi-Detached House'),
('2572 Pine Avenue', 'Montreal', 'Saskatchewan', 'I81 7M8', '7735821035', 2, 'Semi-Detached House'),
('0773 Elm Avenue', 'Abbotsford', 'Nunavut', 'Z86 6K5', '9253258717', 7, 'Semi-Detached House'),
('3102 Birch Drive', 'Moncton', 'Nunavut', 'N67 1A7', '9791780863', 3, 'House'),
('6138 Elm Way', 'Peterborough', 'New Brunswick', 'D68 5Z8', '7021776268', 1, 'Semi-Detached House'),
('9453 Oak Lane', 'Prince George', 'British Columbia', 'N08 2Z5', '7502010145', 1, 'Apartment'),
('3119 Spruce Boulevard', 'Saskatoon', 'Newfoundland and Labrador', 'Y89 0I9', '7987936438', 4, 'Semi-Detached House'),
('4810 Willow Boulevard', 'Medicine Hat', 'Newfoundland and Labrador', 'H37 9J0', '2895451768', 1, 'Semi-Detached House'),
('5202 Elm Lane', 'London', 'Saskatchewan', 'U62 6A3', '7056287314', 7, 'House'),
('7875 Maple Circle', 'Halifax', 'Nunavut', 'U86 8Z3', '3336909402', 7, 'Condominium'),
('9408 Spruce Road', 'Barrie', 'Nunavut', 'D66 3P9', '5897431923', 5, 'Condominium'),
('8811 Spruce Street', 'Kitchener', 'Manitoba', 'X88 9L7', '9269114455', 2, 'House'),
('9664 Oak Street', 'Ottawa', 'Newfoundland and Labrador', 'F07 3P4', '8862389625', 4, 'Apartment'),
('3401 Oak Court', 'Belleville', 'Quebec', 'K87 9W3', '5865296799', 6, 'House'),
('3991 Cedar Lane', 'Victoriaville', 'Manitoba', 'V58 2E5', '8332553888', 7, 'Semi-Detached House'),
('7417 Elm Drive', 'Aurora', 'Northwest Territories', 'O91 6D4', '9173763587', 5, 'House'),
('9014 Hickory Terrace', 'Guelph', 'Northwest Territories', 'J46 4J0', '8532283190', 6, 'Apartment'),
('9264 Spruce Lane', 'Kelowna', 'Manitoba', 'R29 4H9', '5463658975', 5, 'House'),
('5254 Pine Lane', 'Brandon', 'Nunavut', 'U57 4I0', '2295857950', 1, 'House'),
('9472 Magnolia Way', 'Victoria', 'Newfoundland and Labrador', 'N22 8S5', '3830849543', 5, 'House'),
('6853 Cedar Circle', 'Quebec City', 'Nova Scotia', 'U93 2P8', '4977406349', 6, 'Semi-Detached House'),
('4344 Spruce Terrace', 'Calgary', 'Alberta', 'P12 6B6', '9444884351', 6, 'Condominium'),
('6630 Pine Boulevard', 'Lethbridge', 'British Columbia', 'B80 2J0', '9147192660', 6, 'Semi-Detached House'),
('2199 Birch Street', 'St. Johns', 'Ontario', 'B25 7K5', '3448309626', 3, 'Apartment'),
('4690 Willow Road', 'St. Albert', 'Saskatchewan', 'E00 4R3', '2412652640', 3, 'House'),
('8046 Cedar Road', 'Newmarket', 'Quebec', 'S81 6V1', '9703182890', 7, 'Semi-Detached House'),
('0490 Spruce Court', 'Cornwall', 'Northwest Territories', 'L47 7Q1', '8297342515', 5, 'Apartment'),
('8701 Birch Way', 'Drummondville', 'Ontario', 'X66 4B3', '4973484628', 6, 'Semi-Detached House'),
('7375 Elm Road', 'Kingston', 'Nova Scotia', 'R76 1B2', '6960533781', 3, 'Condominium'),
('8847 Pine Road', 'Toronto', 'Quebec', 'D05 7N2', '4358723256', 7, 'House'),
('5738 Maple Way', 'Winnipeg', 'Alberta', 'D64 4W5', '7196291538', 6, 'House'),
('8230 Magnolia Circle', 'Saint-Jérôme', 'Quebec', 'V22 3K4', '2061117890', 1, 'Condominium'),
('9435 Willow Way', 'Hamilton', 'Newfoundland and Labrador', 'K25 3V1', '2358617673', 7, 'Semi-Detached House'),
('5034 Birch Avenue', 'Regina', 'Prince Edward Island', 'M25 4N7', '9610046569', 4, 'Semi-Detached House');

INSERT INTO Person VALUES
('4690461358', 'David', 'Young', '1955-11-5', 'A831961324', '2577622985', 'Canadian', 'davidyoung29@gmail.com', 'Accountant', '5202 Elm Lane'),
('8850938850', 'Elizabeth', 'White', '1987-7-17', 'N281388175', '5861516473', 'Canadian', 'elizabethwhite38@gmail.com', 'Electrician', '2508 Magnolia Lane'),
('1234629560', 'Aria', 'Roberts', '1988-6-6', 'J323636298', '8964265105', 'Canadian', 'ariaroberts01@gmail.com', 'Waiter/Waitress', '2199 Birch Street'),
('4235279844', 'Isabella', 'Mitchell', '1944-8-19', 'X818676825', '4822692120', 'Canadian', 'isabellamitchell39@gmail.com', 'Plumber', '0773 Elm Avenue'),
('4578816350', 'Jackson', 'Miller', '1982-9-26', 'P243621866', '6855025449', 'Canadian', 'jacksonmiller63@gmail.com', 'Pharmacist', '9472 Magnolia Way'),
('4225137508', 'James', 'Baker', '1960-6-24', 'D888979377', '6854277086', 'Canadian', 'jamesbaker30@gmail.com', 'Chef', '9014 Hickory Terrace'),
('6954098592', 'Chloe', 'Hill', '1941-2-20', 'C505687045', '6591785390', 'Canadian', 'chloehill72@gmail.com', 'Graphic Designer', '9664 Oak Street'),
('1807478910', 'Harper', 'Martin', '1987-6-19', 'W337108549', '8208275426', 'Canadian', 'harpermartin75@gmail.com', 'Construction Worker', '4114 Hickory Court'),
('0493595886', 'Mia', 'Turner', '2022-10-21', 'G701281923', '9284771352', 'Canadian', 'miaturner65@gmail.com', 'HR Manager', '3401 Oak Court'),
('6705245858', 'Samuel', 'Edwards', '1989-6-23', 'Q634243242', '2816875889', 'Canadian', 'samueledwards22@gmail.com', 'Writer', '6853 Cedar Circle'),
('2439080438', 'Victoria', 'Scott', '1946-9-17', 'L207077937', '7677524577', 'Canadian', 'victoriascott62@gmail.com', 'Psychologist', '2508 Magnolia Lane'),
('7706294442', 'Mia', 'Clark', '1997-6-21', 'M645085229', '3757217809', 'Canadian', 'miaclark77@gmail.com', 'Nurse', '3401 Oak Court'),
('8320625529', 'Isabella', 'Carter', '1978-6-24', 'T569448145', '5133784008', 'Canadian', 'isabellacarter57@gmail.com', 'Software Developer', '8701 Birch Way'),
('2385400049', 'Carter', 'Turner', '1958-9-7', 'U329742699', '8015449113', 'Canadian', 'carterturner23@gmail.com', 'Marketing Manager', '8701 Birch Way'),
('6052257184', 'Isabella', 'Gonzalez', '2023-3-15', 'H109569000', '2159460858', 'Canadian', 'isabellagonzalez62@gmail.com', 'Pilot', '4809 Willow Street'),
('6879018567', 'Emily', 'Moore', '2023-8-8', 'Z414998512', '2830756193', 'Canadian', 'emilymoore71@gmail.com', 'Financial Analyst', '8701 Birch Way'),
('8602714153', 'Madison', 'Adams', '1981-8-25', 'V576193789', '5467960439', 'Canadian', 'madisonadams36@gmail.com', 'Architect', '0773 Elm Avenue'),
('9659655166', 'Aiden', 'Harris', '2022-2-26', 'D531956697', '8791330677', 'Canadian', 'aidenharris12@gmail.com', 'Social Worker', '7417 Elm Drive'),
('5674790281', 'Scarlett', 'Lewis', '2023-10-6', 'E618618484', '9352949349', 'Canadian', 'scarlettlewis40@gmail.com', 'Actor', '1892 Elm Circle'),
('1786514884', 'Chloe', 'Thomas', '1994-11-13', 'O265366498', '8035726740', 'Canadian', 'chloethomas40@gmail.com', 'Meteorologist', '3119 Spruce Boulevard'),
('0675018318', 'Lucas', 'Lee', '2008-2-1', 'L610092408', '6097697391', 'Canadian', 'lucaslee80@gmail.com', 'Sales Representative', '2572 Pine Avenue'),
('5335853690', 'Emma', 'Parker', '1987-4-2', 'U857141315', '9366425160', 'Canadian', 'emmaparker93@gmail.com', 'Geologist', '2572 Pine Avenue'),
('1669302187', 'Grace', 'Clark', '1969-6-19', 'I304052482', '8023897811', 'Canadian', 'graceclark83@gmail.com', 'Web Designer', '3102 Birch Drive'),
('0389373522', 'Joseph', 'Carter', '2019-6-24', 'I489262573', '8102140494', 'Canadian', 'josephcarter38@gmail.com', 'Veterinarian', '7417 Elm Drive'),
('3348202083', 'Harper', 'Baker', '1969-7-2', 'C256892214', '4458216333', 'Canadian', 'harperbaker62@gmail.com', 'Police Officer', '7875 Maple Circle'),
('5854299879', 'Elijah', 'Martinez', '2006-5-10', 'C806261735', '7017578803', 'Canadian', 'elijahmartinez09@gmail.com', 'Journalist', '5202 Elm Lane'),
('1617651514', 'Charlotte', 'Garcia', '2001-1-25', 'N333477378', '5648064018', 'Canadian', 'charlottegarcia44@gmail.com', 'Fitness Trainer', '7375 Elm Road'),
('2941322037', 'Matthew', 'Taylor', '1943-8-6', 'X057786650', '6126688903', 'Canadian', 'matthewtaylor73@gmail.com', 'Biologist', '2572 Pine Avenue'),
('7198184396', 'Amelia', 'Jones', '1993-5-5', 'Z802468118', '6358606199', 'Canadian', 'ameliajones69@gmail.com', 'Bartender', '7417 Elm Drive'),
('6249241249', 'Ava', 'Williams', '1989-10-8', 'R683781404', '5112974265', 'Canadian', 'avawilliams91@gmail.com', 'Translator', '8811 Spruce Street'),
('2340991945', 'Lily', 'Harris', '1954-5-9', 'E341593460', '8756368053', 'Canadian', 'lilyharris78@gmail.com', 'Economist', '9014 Hickory Terrace'),
('1115877974', 'Henry', 'Phillips', '2011-6-21', 'H947861107', '7802417757', 'Canadian', 'henryphillips21@gmail.com', 'Photographer', '8811 Spruce Street'),
('3865446547', 'Jackson', 'Evans', '1973-4-6', 'E935596367', '3370973042', 'Canadian', 'jacksonevans04@gmail.com', 'Librarian', '8046 Cedar Road'),
('8438977426', 'Chloe', 'Johnson', '1950-11-19', 'F385216060', '6553506865', 'Canadian', 'chloejohnson30@gmail.com', 'Flight Attendant', '3401 Oak Court'),
('3892694136', 'Lily', 'Johnson', '1983-8-13', 'I555720456', '8696705819', 'Canadian', 'lilyjohnson15@gmail.com', 'Artist', '3119 Spruce Boulevard'),
('7293846720', 'Henry', 'Perez', '1970-8-23', 'B521791810', '9945423112', 'Canadian', 'henryperez56@gmail.com', 'Lawyer', '8324 Elm Street'),
('8356431824', 'James', 'King', '1970-8-1', 'B912359849', '5472935371', 'Canadian', 'jamesking08@gmail.com', 'Fashion Designer', '9664 Oak Street'),
('0299505082', 'Scarlett', 'Martin', '1946-2-21', 'D650531045', '2432997657', 'Canadian', 'scarlettmartin51@gmail.com', 'Engineer', '9453 Oak Lane'),
('0060411466', 'Jackson', 'Thompson', '2011-2-14', 'Z709599191', '4179961009', 'Canadian', 'jacksonthompson41@gmail.com', 'Marine Biologist', '9472 Magnolia Way'),
('7925461090', 'Sebastian', 'Gonzalez', '2018-2-15', 'Z765979110', '8783767822', 'Canadian', 'sebastiangonzalez00@gmail.com', 'Real Estate Agent', '6630 Pine Boulevard');

INSERT INTO Employee VALUES
('2385400049', 'Doctor'),
('0389373522', 'Receptionist'),
('0060411466', 'Receptionist'),
('5335853690', 'Pharmacist'),
('3865446547', 'Doctor'),
('6052257184', 'Nurse'),
('1786514884', 'Nurse'),
('1669302187', 'Security Personnel'),
('1617651514', 'Cashier'),
('0493595886', 'Nurse'),
('7293846720', 'Regular Employee'),
('9659655166', 'Doctor'),
('8356431824', 'Cashier'),
('1234629560', 'Administrative Personnel'),
('4225137508', 'Security Personnel'),
('8438977426', 'Security Personnel'),
('0299505082', 'Security Personnel'),
('4578816350', 'Pharmacist'),
('1115877974', 'Regular Employee'),
('8850938850', 'Nurse'),
('6705245858', 'Cashier'),
('5854299879', 'Cashier'),
('1807478910', 'Regular Employee'),
('3348202083', 'Pharmacist'),
('8602714153', 'Regular Employee'),
('3892694136', 'Regular Employee'),
('0675018318', 'Security Personnel'),
('7925461090', 'Receptionist'),
('6879018567', 'Administrative Personnel'),
('2941322037', 'Security Personnel'),
('7706294442', 'Nurse'),
('4690461358', 'Nurse'),
('8320625529', 'Security Personnel'),
('2439080438', 'Administrative Personnel'),
('2340991945', 'Administrative Personnel');

INSERT INTO Facility VALUES
('GenHealthcare', '3121 Pine Lane', 'Mirabel', 'Newfoundland and Labrador', 'P52 2I6', '6161351538', 'www.genhealthcare022.org', 'Clinic', 342, '8438977426'),
('CurePharmaTech', '4530 Cedar Boulevard', 'Kanata', 'Nunavut', 'Z48 9R5', '7828808391', 'www.curepharmatech829.org', 'Hospital', 18, '1669302187'),
('PharmaResearch', '1586 Willow Street', 'Brandon', 'Ontario', 'N46 9K2', '4731759853', 'www.pharmaresearch676.org', 'Pharmacy', 729, '8320625529'),
('GenLab', '0898 Cedar Terrace', 'Hamilton', 'Northwest Territories', 'S14 7D5', '3050117029', 'www.genlab926.org', 'CLSC', 162, '8356431824'),
('BioHealthcare', '7277 Cedar Court', 'Ottawa', 'Northwest Territories', 'M60 9H0', '5956554909', 'www.biohealthcare605.org', 'Pharmacy', 221, '1669302187'),
('HealthMed', '7383 Magnolia Street', 'Kelowna', 'New Brunswick', 'H72 9P6', '8940060751', 'www.healthmed071.org', 'CLSC', 794, '0060411466'),
('CurePharmaCare', '9180 Pine Circle', 'Calgary', 'Prince Edward Island', 'Q16 6B7', '5518183651', 'www.curepharmacare688.org', 'Pharmacy', 157, '5854299879'),
('BioSolutions', '6449 Willow Terrace', 'Edmonton', 'New Brunswick', 'W08 9U8', '5830733569', 'www.biosolutions488.org', 'Pharmacy', 779, '6705245858'),
('PharmaTech', '6032 Magnolia Drive', 'Oshawa', 'New Brunswick', 'C35 2S2', '9777618330', 'www.pharmatech837.org', 'Clinic', 906, '5854299879'),
('LifeTech', '7194 Pine Drive', 'Saint John', 'Saskatchewan', 'T74 0L2', '7554015581', 'www.lifetech278.org', 'Hospital', 287, '7293846720'),
('CarePharmaTech', '2722 Cedar Lane', 'St. Albert', 'Ontario', 'I63 1V6', '7042233625', 'www.carepharmatech362.org', 'Pharmacy', 291, '9659655166'),
('GenBioTech', '4852 Oak Road', 'Barrie', 'Northwest Territories', 'Y77 7R3', '6864073355', 'www.genbiotech685.org', 'Clinic', 341, '9659655166'),
('CureHealthcare', '1608 Willow Court', 'Montreal', 'Northwest Territories', 'F45 2V9', '9429909052', 'www.curehealthcare901.org', 'Clinic', 17, '1807478910'),
('PharmaSolutions', '2577 Spruce Terrace', 'Victoriaville', 'British Columbia', 'T44 5D3', '5064277494', 'www.pharmasolutions801.org', 'Clinic', 470, '0389373522'),
('MediMed', '3894 Elm Court', 'Norfolk County', 'Saskatchewan', 'H39 0A5', '3122945145', 'www.medimed001.org', 'Clinic', 220, '7925461090'),
('PharmaPharmaTech', '5672 Magnolia Boulevard', 'Medicine Hat', 'Prince Edward Island', 'G88 8N2', '7473365356', 'www.pharmapharmatech001.org', 'Special Instalment', 276, '3348202083'),
('LifeHealthcare', '2470 Pine Way', 'Red Deer', 'Saskatchewan', 'W11 0R1', '3895088019', 'www.lifehealthcare434.org', 'Clinic', 800, '2385400049'),
('MediTech', '3335 Maple Street', 'Peterborough', 'Alberta', 'F33 1U7', '5651603626', 'www.meditech051.org', 'CLSC', 582, '2941322037'),
('CureLab', '7463 Birch Drive', 'Victoria', 'Quebec', 'L43 0D5', '6330410620', 'www.curelab530.org', 'Clinic', 16, '1234629560'),
('LifePharm', '4794 Hickory Boulevard', 'Kitchener', 'Alberta', 'B49 3V2', '8367551187', 'www.lifepharm582.org', 'Special Instalment', 512, '0299505082'),
('LifeResearch', '6954 Oak Street', 'Vancouver', 'Alberta', 'Q15 4U9', '2046477742', 'www.liferesearch159.org', 'Pharmacy', 727, '8320625529'),
('MediSolutions', '9488 Oak Boulevard', 'Regina', 'Alberta', 'V53 5R0', '5415007882', 'www.medisolutions364.org', 'Clinic', 701, '0493595886'),
('TheraResearch', '1618 Maple Terrace', 'Winnipeg', 'Newfoundland and Labrador', 'H06 2K1', '4728852476', 'www.theraresearch375.org', 'Special Instalment', 499, '1234629560'),
('TheraLab', '3139 Birch Terrace', 'Belleville', 'Saskatchewan', 'P39 8U6', '3249390160', 'www.theralab802.org', 'Hospital', 522, '5854299879'),
('VitaLab', '9847 Pine Terrace', 'Trois-Rivieres', 'Manitoba', 'L97 7V9', '3350553909', 'www.vitalab166.org', 'Pharmacy', 807, '3348202083');

INSERT INTO Works_at VALUES
('6879018567', 'CureHealthcare', '2016-6-9', '2023-7-20'),
('6879018567', 'PharmaPharmaTech', '2021-10-21', NULL),
('1115877974', 'PharmaResearch', '2018-9-10', NULL),
('7706294442', 'PharmaSolutions', '2015-7-11', '2022-4-17'),
('4225137508', 'TheraLab', '2019-3-2', '2021-10-11'),
('8602714153', 'HealthMed', '2019-6-2', '2021-7-13'),
('1786514884', 'GenHealthcare', '2017-7-22', '2017-8-19'),
('2941322037', 'MediMed', '2020-11-21', '2023-2-11'),
('2385400049', 'LifeTech', '2018-2-21', NULL),
('1807478910', 'MediTech', '2022-11-4', '2023-9-4'),
('1115877974', 'LifeTech', '2015-6-15', '2017-5-18'),
('0675018318', 'CurePharmaCare', '2023-9-21', '2023-11-8'),
('6052257184', 'HealthMed', '2020-10-5', '2023-6-10'),
('1669302187', 'TheraResearch', '2017-1-10', '2021-11-26'),
('1234629560', 'CarePharmaTech', '2018-4-8', '2019-5-10'),
('3348202083', 'PharmaPharmaTech', '2020-10-8', NULL),
('6705245858', 'PharmaResearch', '2022-2-10', '2023-3-17'),
('0389373522', 'CurePharmaCare', '2015-4-13', '2020-3-14'),
('8850938850', 'MediMed', '2016-7-16', NULL),
('5335853690', 'BioSolutions', '2019-6-22', NULL),
('0299505082', 'PharmaResearch', '2018-5-5', NULL),
('4690461358', 'HealthMed', '2017-7-9', NULL),
('1115877974', 'GenHealthcare', '2021-10-18', NULL),
('7706294442', 'CureLab', '2016-10-1', '2017-9-7'),
('4690461358', 'CureLab', '2021-4-1', '2023-4-25'),
('1234629560', 'PharmaPharmaTech', '2015-10-12', NULL),
('7706294442', 'LifeHealthcare', '2015-11-20', '2020-11-11'),
('4578816350', 'BioSolutions', '2021-2-11', NULL),
('3348202083', 'GenHealthcare', '2016-6-21', '2018-1-1'),
('1115877974', 'GenBioTech', '2019-7-5', NULL),
('4225137508', 'MediTech', '2015-3-18', '2016-11-21'),
('1807478910', 'TheraLab', '2019-1-15', '2019-5-18'),
('6879018567', 'CarePharmaTech', '2018-7-5', '2019-4-12'),
('8602714153', 'PharmaResearch', '2023-7-23', NULL),
('1234629560', 'LifePharm', '2017-5-17', '2020-4-22'),
('5335853690', 'CureHealthcare', '2019-5-26', '2020-2-23'),
('1115877974', 'CarePharmaTech', '2019-2-15', '2020-8-1'),
('8356431824', 'GenLab', '2019-6-23', NULL),
('3348202083', 'LifeTech', '2019-10-13', '2023-2-24'),
('1617651514', 'HealthMed', '2018-8-15', '2023-2-19');

INSERT INTO lives_in VALUES
('2199 Birch Street', '3892694136', '2016-9-1'),
('2199 Birch Street', '0060411466', '2021-7-5'),
('0490 Spruce Court', '1115877974', '2023-4-12'),
('8811 Spruce Street', '6052257184', '2017-6-6'),
('4809 Willow Street', '8602714153', '2018-1-9'),
('4809 Willow Street', '1669302187', '2020-5-25'),
('1892 Elm Circle', '3348202083', '2022-7-10'),
('9408 Spruce Road', '1115877974', '2020-2-6'),
('9408 Spruce Road', '1115877974', '2020-6-1'),
('9435 Willow Way', '6249241249', '2020-8-1'),
('9014 Hickory Terrace', '1115877974', '2016-7-27'),
('4149 Maple Terrace', '5335853690', '2022-3-4'),
('0490 Spruce Court', '1617651514', '2015-5-8'),
('4690 Willow Road', '6052257184', '2016-8-10'),
('3991 Cedar Lane', '5854299879', '2022-1-4'),
('5472 Magnolia Court', '7198184396', '2020-8-8'),
('5472 Magnolia Court', '8320625529', '2021-2-23'),
('6853 Cedar Circle', '6249241249', '2022-4-15'),
('9453 Oak Lane', '6879018567', '2016-8-7'),
('4149 Maple Terrace', '2941322037', '2023-11-11'),
('9014 Hickory Terrace', '2941322037', '2021-1-2'),
('9408 Spruce Road', '4690461358', '2023-3-27'),
('0773 Elm Avenue', '4225137508', '2022-8-16'),
('8847 Pine Road', '2439080438', '2020-4-7'),
('5254 Pine Lane', '8602714153', '2019-10-19'),
('8324 Elm Street', '4235279844', '2023-6-5'),
('8230 Magnolia Circle', '2385400049', '2018-1-9'),
('1892 Elm Circle', '9659655166', '2017-10-15'),
('3401 Oak Court', '1234629560', '2018-1-4'),
('1892 Elm Circle', '7293846720', '2017-10-20'),
('0773 Elm Avenue', '0675018318', '2017-5-19'),
('2199 Birch Street', '2340991945', '2020-2-20'),
('3102 Birch Drive', '3348202083', '2016-9-11'),
('7417 Elm Drive', '3892694136', '2019-1-23'),
('9453 Oak Lane', '3865446547', '2019-6-24'),
('8230 Magnolia Circle', '5854299879', '2017-6-14'),
('7417 Elm Drive', '3348202083', '2021-6-10'),
('5202 Elm Lane', '3865446547', '2021-1-7'),
('3119 Spruce Boulevard', '8602714153', '2023-10-17'),
('4114 Hickory Court', '5335853690', '2018-5-26');

INSERT INTO lives_with VALUES
('8356431824', '4235279844', 'Children'),
('6705245858', '2340991945', 'Children'),
('4578816350', '9659655166', 'Partner'),
('1115877974', '2340991945', 'Partner'),
('8356431824', '3865446547', 'Non-Parent Dependent'),
('1786514884', '1115877974', 'Partner'),
('1617651514', '4225137508', 'Partner'),
('6052257184', '1669302187', 'Parent'),
('1617651514', '4578816350', 'Roommate'),
('5854299879', '6052257184', 'Roommate'),
('9659655166', '8320625529', 'Parent'),
('3865446547', '6705245858', 'Children'),
('8602714153', '6052257184', 'Non-Parent Dependent'),
('3865446547', '4225137508', 'Parent'),
('0389373522', '6954098592', 'Parent'),
('1669302187', '7293846720', 'Partner'),
('1115877974', '2340991945', 'Roommate'),
('4690461358', '6879018567', 'Children'),
('1617651514', '9659655166', 'Children'),
('8356431824', '4578816350', 'Roommate'),
('7925461090', '5335853690', 'Non-Parent Dependent'),
('1786514884', '0299505082', 'Children'),
('7293846720', '6052257184', 'Children'),
('6052257184', '5335853690', 'Roommate'),
('3892694136', '1786514884', 'Children'),
('3865446547', '6879018567', 'Children'),
('4690461358', '8438977426', 'Non-Parent Dependent'),
('9659655166', '1669302187', 'Non-Parent Dependent'),
('1807478910', '1617651514', 'Roommate'),
('4578816350', '5674790281', 'Non-Parent Dependent'),
('8320625529', '2340991945', 'Roommate'),
('7293846720', '2439080438', 'Roommate'),
('4690461358', '1617651514', 'Parent'),
('5854299879', '0493595886', 'Roommate'),
('5335853690', '0299505082', 'Non-Parent Dependent'),
('7706294442', '3348202083', 'Non-Parent Dependent'),
('7925461090', '2340991945', 'Children'),
('6052257184', '0060411466', 'Roommate'),
('1786514884', '2941322037', 'Parent'),
('1617651514', '0060411466', 'Parent');

INSERT INTO Infection VALUES
('2022-6-2', 'SARS-Cov-2 Variant', 12, '0299505082'),
('2023-2-15', 'SARS-Cov-2 Variant', 1, '0299505082'),
('2021-5-23', 'COVID-19', 6, '4235279844'),
('2023-9-27', 'SARS-Cov-2 Variant', 7, '5674790281'),
('2022-8-18', 'Other', 8, '2385400049'),
('2023-8-1', 'SARS-Cov-2 Variant', 11, '6052257184'),
('2022-3-25', 'SARS-Cov-2 Variant', 7, '8602714153'),
('2023-1-17', 'SARS-Cov-2 Variant', 7, '6052257184'),
('2023-2-23', 'Other', 4, '8356431824'),
('2020-10-22', 'COVID-19', 13, '5335853690'),
('2023-9-15', 'Other', 13, '7706294442'),
('2022-8-21', 'Other', 9, '7706294442'),
('2020-1-2', 'COVID-19', 2, '2385400049'),
('2022-10-2', 'Other', 12, '7198184396'),
('2021-9-13', 'SARS-Cov-2 Variant', 4, '0299505082'),
('2023-2-11', 'Other', 6, '7706294442'),
('2022-11-15', 'SARS-Cov-2 Variant', 6, '5335853690'),
('2021-11-17', 'Other', 9, '2385400049'),
('2023-8-8', 'SARS-Cov-2 Variant', 5, '2385400049'),
('2022-9-20', 'SARS-Cov-2 Variant', 4, '0060411466'),
('2020-11-12', 'COVID-19', 12, '7198184396'),
('2023-4-13', 'SARS-Cov-2 Variant', 2, '2385400049'),
('2021-1-3', 'SARS-Cov-2 Variant', 7, '4235279844'),
('2020-3-4', 'SARS-Cov-2 Variant', 13, '2385400049'),
('2022-2-15', 'Other', 3, '2340991945'),
('2021-11-19', 'Other', 5, '3865446547'),
('2022-11-26', 'SARS-Cov-2 Variant', 10, '6249241249'),
('2023-3-3', 'Other', 1, '3865446547'),
('2020-1-12', 'Other', 6, '4235279844'),
('2023-5-8', 'COVID-19', 5, '2439080438'),
('2020-10-8', 'Other', 2, '7198184396'),
('2020-1-25', 'SARS-Cov-2 Variant', 12, '2385400049'),
('2021-3-7', 'COVID-19', 11, '8602714153'),
('2022-7-1', 'COVID-19', 7, '1786514884'),
('2022-3-17', 'Other', 2, '8438977426'),
('2023-3-12', 'SARS-Cov-2 Variant', 8, '6954098592'),
('2020-8-7', 'Other', 7, '8602714153'),
('2023-4-11', 'COVID-19', 8, '2385400049'),
('2023-6-20', 'COVID-19', 6, '6052257184'),
('2020-6-4', 'SARS-Cov-2 Variant', 4, '1807478910'),
('2020-10-27', 'SARS-Cov-2 Variant', 11, '6052257184'),
('2020-8-23', 'SARS-Cov-2 Variant', 7, '0389373522'),
('2021-7-25', 'COVID-19', 13, '4235279844'),
('2023-11-16', 'Other', 1, '3865446547'),
('2020-4-17', 'Other', 5, '8850938850'),
('2020-6-6', 'Other', 3, '2439080438'),
('2020-1-18', 'COVID-19', 5, '7293846720'),
('2021-3-19', 'Other', 7, '3348202083'),
('2020-6-5', 'Other', 13, '8602714153'),
('2021-2-22', 'SARS-Cov-2 Variant', 11, '4235279844');

INSERT INTO Vaccine VALUES
(1, 'Pfizer', '2023-2-11', '7925461090', 'MediSolutions'),
(1, 'Johnson & Johnson', '2021-1-11', '6249241249', 'GenHealthcare'),
(2, 'Moderna', '2023-11-2', '4235279844', 'TheraResearch'),
(3, 'Johnson & Johnson', '2023-3-8', '0060411466', 'LifePharm'),
(1, 'Moderna', '2020-10-4', '7198184396', 'MediMed'),
(1, 'Johnson & Johnson', '2021-8-27', '1669302187', 'MediTech'),
(3, 'Pfizer', '2021-7-12', '3348202083', 'MediSolutions'),
(3, 'Moderna', '2020-10-6', '8356431824', 'CurePharmaTech'),
(1, 'AstraZeneca', '2022-10-1', '1115877974', 'LifePharm'),
(3, 'AstraZeneca', '2023-11-6', '4225137508', 'TheraLab'),
(1, 'Moderna', '2023-9-3', '0299505082', 'BioHealthcare'),
(2, 'Pfizer', '2021-7-13', '5854299879', 'MediTech'),
(2, 'AstraZeneca', '2023-8-20', '2439080438', 'TheraResearch'),
(1, 'Moderna', '2022-8-26', '3348202083', 'MediTech'),
(1, 'Pfizer', '2021-11-4', '1617651514', 'MediTech'),
(3, 'AstraZeneca', '2023-10-21', '3348202083', 'LifeTech'),
(3, 'Johnson & Johnson', '2020-4-11', '3865446547', 'CurePharmaCare'),
(1, 'AstraZeneca', '2020-3-25', '1115877974', 'PharmaResearch'),
(3, 'Pfizer', '2023-10-14', '1807478910', 'MediSolutions'),
(3, 'AstraZeneca', '2021-1-17', '2340991945', 'HealthMed'),
(1, 'Moderna', '2022-8-16', '2439080438', 'LifeTech'),
(3, 'AstraZeneca', '2020-4-9', '6954098592', 'VitaLab'),
(2, 'AstraZeneca', '2021-11-9', '7706294442', 'PharmaPharmaTech'),
(2, 'Pfizer', '2022-11-11', '0493595886', 'LifeResearch'),
(1, 'Johnson & Johnson', '2023-6-25', '6249241249', 'MediSolutions'),
(2, 'Moderna', '2020-1-26', '5674790281', 'PharmaSolutions'),
(2, 'AstraZeneca', '2021-11-7', '5854299879', 'MediMed'),
(2, 'Pfizer', '2023-1-23', '2385400049', 'LifePharm'),
(3, 'Johnson & Johnson', '2021-11-26', '2439080438', 'PharmaPharmaTech'),
(1, 'Pfizer', '2022-2-14', '8438977426', 'CureHealthcare'),
(1, 'AstraZeneca', '2022-2-3', '3865446547', 'VitaLab'),
(3, 'Moderna', '2023-10-4', '7925461090', 'PharmaSolutions'),
(2, 'Pfizer', '2020-9-9', '1115877974', 'BioSolutions'),
(2, 'Johnson & Johnson', '2023-8-6', '5854299879', 'HealthMed'),
(3, 'AstraZeneca', '2022-6-9', '1115877974', 'BioSolutions'),
(2, 'Moderna', '2022-6-10', '1669302187', 'HealthMed'),
(1, 'Pfizer', '2023-7-6', '3865446547', 'LifePharm'),
(2, 'Johnson & Johnson', '2020-10-21', '8356431824', 'CurePharmaCare'),
(3, 'Johnson & Johnson', '2020-7-11', '5674790281', 'LifeTech'),
(1, 'Johnson & Johnson', '2020-6-14', '0299505082', 'PharmaPharmaTech'),
(3, 'Johnson & Johnson', '2020-8-17', '3865446547', 'CureLab'),
(1, 'AstraZeneca', '2023-9-17', '6954098592', 'GenLab'),
(1, 'AstraZeneca', '2021-4-14', '2340991945', 'HealthMed'),
(2, 'Johnson & Johnson', '2022-8-3', '1669302187', 'BioHealthcare'),
(3, 'AstraZeneca', '2022-5-23', '7293846720', 'GenBioTech');

INSERT INTO Schedule VALUES
('2023-10-15', '2018-1-26 13:35:57', '2022-1-25 4:47:10', 'CurePharmaCare', '3348202083'),
('2023-11-8', '2020-2-2 4:41:29', '2021-4-11 12:30:25', 'CarePharmaTech', '0299505082'),
('2020-5-9', '2022-4-19 3:45:16', '2023-3-20 14:47:33', 'PharmaPharmaTech', '0389373522'),
('2018-6-25', '2023-8-10 22:44:57', '2023-9-15 11:47:50', 'CarePharmaTech', '4690461358'),
('2020-3-20', '2021-8-18 12:45:19', '2022-1-8 1:31:18', 'TheraResearch', '8320625529'),
('2019-10-20', '2018-5-19 5:41:41', '2019-4-3 22:14:52', 'PharmaSolutions', '0060411466'),
('2017-4-17', '2023-4-13 9:43:28', '2023-7-10 22:42:30', 'MediSolutions', '7925461090'),
('2021-2-16', '2019-5-6 2:21:40', '2022-1-25 15:37:16', 'CurePharmaTech', '0389373522'),
('2020-9-25', '2020-10-23 20:40:25', '2021-1-7 14:39:49', 'PharmaSolutions', '8438977426'),
('2022-3-18', '2019-10-22 18:5:44', '2023-3-15 19:22:59', 'PharmaResearch', '8356431824'),
('2019-2-26', '2022-6-19 7:13:18', '2022-7-11 7:59:54', 'CurePharmaTech', '1669302187'),
('2023-7-23', '2023-7-18 21:37:45', '2023-9-12 2:54:55', 'MediTech', '3892694136'),
('2023-9-4', '2020-4-4 19:35:31', '2022-8-20 20:59:2', 'MediMed', '8320625529'),
('2021-5-13', '2022-4-10 13:54:9', '2023-3-13 2:56:1', 'LifeResearch', '5854299879'),
('2018-11-16', '2020-2-16 18:32:59', '2023-9-21 9:33:42', 'TheraResearch', '2941322037'),
('2017-6-8', '2022-3-1 16:46:23', '2022-3-5 6:19:11', 'MediMed', '0389373522'),
('2019-6-16', '2018-11-14 2:56:36', '2021-8-18 3:42:41', 'TheraLab', '1669302187'),
('2023-6-24', '2021-8-4 17:36:5', '2021-8-24 6:6:22', 'MediSolutions', '6879018567'),
('2018-9-17', '2018-4-11 16:19:46', '2022-8-26 14:58:33', 'CureLab', '7293846720'),
('2019-5-10', '2021-5-15 13:15:21', '2022-2-22 17:21:24', 'BioSolutions', '8438977426'),
('2020-1-17', '2022-8-1 9:56:15', '2023-6-27 5:7:58', 'TheraResearch', '6052257184'),
('2020-8-4', '2021-2-19 17:6:35', '2021-11-19 11:37:25', 'GenLab', '0060411466'),
('2020-7-15', '2018-5-7 17:20:13', '2019-2-22 10:50:7', 'PharmaPharmaTech', '1786514884'),
('2020-7-18', '2019-4-9 16:4:56', '2022-9-16 9:13:19', 'MediMed', '0389373522'),
('2021-11-13', '2018-8-20 10:18:57', '2018-9-8 22:56:50', 'GenHealthcare', '9659655166'),
('2020-8-2', '2023-5-6 22:16:58', '2023-10-26 20:27:9', 'GenHealthcare', '3348202083'),
('2017-5-7', '2023-5-15 15:30:19', '2023-7-1 13:32:35', 'HealthMed', '0299505082'),
('2023-7-10', '2018-9-10 19:14:12', '2022-11-8 16:50:15', 'LifePharm', '1807478910'),
('2023-4-8', '2022-2-9 17:40:37', '2023-8-7 12:9:26', 'GenLab', '3348202083'),
('2023-6-4', '2023-6-6 13:13:40', '2023-11-15 13:10:33', 'CureLab', '1807478910');


