INSERT INTO Residence VALUES
('7654 Cedar Lane', 'Calgary', 'Prince Edward Island', 'M42 8A5', '9002700140', 7, 'House'),
('0553 Hickory Terrace', 'Medicine Hat', 'Nunavut', 'S32 4B7', '9861926328', 5, 'Condominium'),
('0588 Elm Circle', 'Toronto', 'Nova Scotia', 'H79 2D7', '6481686542', 4, 'Apartment'),
('7827 Willow Circle', 'Lethbridge', 'Northwest Territories', 'E34 4O5', '6218890815', 7, 'House'),
('8316 Elm Drive', 'Victoriaville', 'Saskatchewan', 'I37 2F0', '4288330306', 7, 'Apartment'),
('8106 Birch Boulevard', 'Halifax', 'Manitoba', 'S87 1G9', '4232778770', 4, 'Condominium'),
('5772 Hickory Street', 'Prince George', 'Prince Edward Island', 'O02 4N0', '8973608176', 6, 'Apartment'),
('2461 Maple Street', 'Ottawa', 'Ontario', 'G97 2U0', '3470269398', 1, 'Apartment'),
('5223 Cedar Way', 'Kelowna', 'Manitoba', 'H83 0O2', '9213469194', 2, 'Apartment'),
('1191 Elm Court', 'Victoria', 'Nova Scotia', 'E51 1V0', '2420893249', 2, 'Semi-Detached House'),
('3145 Magnolia Court', 'Aurora', 'Prince Edward Island', 'J03 6A7', '7512516745', 1, 'Semi-Detached House'),
('3010 Pine Drive', 'Cornwall', 'Newfoundland and Labrador', 'O24 1T0', '2861217247', 2, 'House'),
('8147 Magnolia Boulevard', 'Belleville', 'Newfoundland and Labrador', 'G51 0Z6', '3094677666', 2, 'Condominium'),
('6520 Willow Street', 'Saint-Hyacinthe', 'Quebec', 'S14 0O9', '4698695316', 5, 'Semi-Detached House'),
('6693 Willow Avenue', 'Moncton', 'Ontario', 'L08 6R9', '5408545476', 7, 'Apartment'),
('2277 Willow Way', 'Peterborough', 'New Brunswick', 'C40 6C1', '2727570573', 1, 'Condominium'),
('6283 Oak Way', 'St. Johns', 'Saskatchewan', 'B01 3D7', '3578721762', 7, 'Apartment'),
('8047 Elm Road', 'Windsor', 'Nunavut', 'I50 5D8', '8371307345', 5, 'Condominium'),
('5827 Birch Street', 'Oshawa', 'Alberta', 'F16 8C7', '4156922434', 6, 'Condominium'),
('1870 Willow Boulevard', 'Trois-Rivieres', 'Manitoba', 'N02 6H7', '2590818460', 4, 'Semi-Detached House'),
('9145 Oak Street', 'Abbotsford', 'Manitoba', 'A75 1W1', '7705080788', 6, 'Apartment'),
('4947 Maple Drive', 'Quebec City', 'Prince Edward Island', 'X88 4N9', '4638366388', 1, 'House'),
('4619 Maple Court', 'Saint John', 'British Columbia', 'O86 8B0', '5251777120', 1, 'Semi-Detached House'),
('0950 Spruce Road', 'Montreal', 'Manitoba', 'U78 8J9', '4441418101', 4, 'Apartment'),
('8395 Willow Terrace', 'Red Deer', 'Quebec', 'X39 9F4', '2885344903', 5, 'Apartment'),
('9176 Spruce Court', 'Edmonton', 'Prince Edward Island', 'W39 0O8', '4287581723', 6, 'House'),
('8475 Magnolia Road', 'London', 'New Brunswick', 'W05 6Y7', '5138125889', 5, 'Apartment'),
('9746 Elm Way', 'Saint-Jérôme', 'Alberta', 'J13 5F1', '8888562168', 3, 'Semi-Detached House'),
('2885 Spruce Circle', 'Kanata', 'Manitoba', 'R27 2K7', '3188921207', 3, 'Apartment'),
('0562 Spruce Drive', 'Mirabel', 'Manitoba', 'K92 8S1', '9518394290', 1, 'House'),
('3038 Magnolia Terrace', 'Norfolk County', 'Ontario', 'X15 9W4', '5840633861', 6, 'Semi-Detached House'),
('5340 Elm Street', 'White Rock', 'Nova Scotia', 'I11 9P2', '9356243612', 2, 'Semi-Detached House'),
('6048 Oak Circle', 'St. Albert', 'Nova Scotia', 'C67 4G4', '5610960179', 5, 'House'),
('7360 Elm Terrace', 'Regina', 'Northwest Territories', 'T06 7I2', '9266835799', 7, 'Condominium'),
('1803 Pine Road', 'Barrie', 'Ontario', 'Z86 0R8', '4758907311', 3, 'Semi-Detached House'),
('7610 Magnolia Way', 'Kitchener', 'New Brunswick', 'E79 1S1', '4926875957', 1, 'House'),
('8354 Hickory Court', 'Newmarket', 'Saskatchewan', 'W72 8K4', '3959839337', 1, 'Condominium'),
('5702 Maple Circle', 'North Bay', 'Newfoundland and Labrador', 'P14 1T5', '2566812693', 5, 'Semi-Detached House'),
('1897 Birch Circle', 'Hamilton', 'Nunavut', 'N27 1U1', '4058516527', 7, 'Semi-Detached House'),
('4879 Willow Drive', 'Sherbrooke', 'Quebec', 'W68 1U3', '8881809441', 1, 'House');

INSERT INTO Person VALUES
('0832708295', 'Carter', 'Edwards', '1974-5-11', 'Y169787281', '7374716109', 'Canadian', 'carteredwards96@gmail.com', 'Chemist', '1897 Birch Circle'),
('8838133186', 'Mason', 'Carter', '2022-3-14', 'V216491058', '2044222165', 'Canadian', 'masoncarter57@gmail.com', 'Chef', '0562 Spruce Drive'),
('6561685648', 'Liam', 'Davis', '1942-3-4', 'Q908463371', '5947253190', 'Canadian', 'liamdavis90@gmail.com', 'Artist', '7360 Elm Terrace'),
('5101793993', 'Alexander', 'Thomas', '1958-1-5', 'N376638953', '4250322095', 'Canadian', 'alexanderthomas63@gmail.com', 'Marine Biologist', '8354 Hickory Court'),
('9435663444', 'Matthew', 'Allen', '1993-3-18', 'L617555530', '5658795661', 'Canadian', 'matthewallen37@gmail.com', 'Paramedic', '5340 Elm Street'),
('4473215930', 'Harper', 'Edwards', '2020-9-4', 'D731420516', '5219690356', 'Canadian', 'harperedwards38@gmail.com', 'Lawyer', '1803 Pine Road'),
('1631160135', 'Avery', 'Johnson', '2012-2-4', 'M200432292', '7082764110', 'Canadian', 'averyjohnson86@gmail.com', 'Pilot', '7610 Magnolia Way'),
('2245781975', 'Abigail', 'Parker', '1957-6-12', 'V547786552', '8745536355', 'Canadian', 'abigailparker29@gmail.com', 'Nurse', '8316 Elm Drive'),
('7634052651', 'Sofia', 'Allen', '1966-4-25', 'U824429330', '2166277910', 'Canadian', 'sofiaallen61@gmail.com', 'Interior Designer', '6048 Oak Circle'),
('9204386565', 'Amelia', 'Baker', '1993-5-11', 'Z479566907', '3119823820', 'Canadian', 'ameliabaker55@gmail.com', 'Biologist', '4947 Maple Drive'),
('0457998493', 'Oliver', 'Edwards', '1973-9-11', 'W552813333', '9413226709', 'Canadian', 'oliveredwards41@gmail.com', 'Sales Representative', '7360 Elm Terrace'),
('4389697245', 'Emma', 'Davis', '1949-1-26', 'W120326120', '7059603145', 'Canadian', 'emmadavis68@gmail.com', 'Actor', '5223 Cedar Way'),
('5649267787', 'Emma', 'Martin', '1961-1-15', 'E617166570', '3116107168', 'Canadian', 'emmamartin02@gmail.com', 'Financial Analyst', '3010 Pine Drive'),
('7224499971', 'Riley', 'Adams', '1955-10-16', 'P219241082', '5012344877', 'Canadian', 'rileyadams53@gmail.com', 'Real Estate Agent', '4947 Maple Drive'),
('3903589944', 'Samuel', 'Lee', '1999-2-5', 'M423925552', '4188587322', 'Canadian', 'samuellee99@gmail.com', 'Teacher', '0588 Elm Circle'),
('1998511533', 'Ethan', 'Lewis', '1992-3-12', 'M617204998', '3742316358', 'Canadian', 'ethanlewis58@gmail.com', 'Web Designer', '4947 Maple Drive'),
('1022723805', 'Elizabeth', 'Wilson', '1977-6-12', 'C708670131', '2343742150', 'Canadian', 'elizabethwilson11@gmail.com', 'Electrician', '7827 Willow Circle'),
('8472150075', 'Joseph', 'Smith', '1981-4-12', 'J055775454', '5899592540', 'Canadian', 'josephsmith99@gmail.com', 'Translator', '9145 Oak Street'),
('2592672135', 'Ava', 'Rodriguez', '1962-4-25', 'S767616096', '9268289182', 'Canadian', 'avarodriguez82@gmail.com', 'Waiter/Waitress', '7610 Magnolia Way'),
('9256810635', 'Lily', 'Turner', '2011-1-8', 'F596433998', '9799857941', 'Canadian', 'lilyturner88@gmail.com', 'Carpenter', '3145 Magnolia Court'),
('3658180244', 'Sebastian', 'Thompson', '1944-2-24', 'L856138452', '5393547428', 'Canadian', 'sebastianthompson47@gmail.com', 'Mechanic', '5772 Hickory Street'),
('3510300178', 'Mila', 'Nelson', '2001-1-20', 'W392651554', '9483537102', 'Canadian', 'milanelson81@gmail.com', 'Librarian', '8147 Magnolia Boulevard'),
('8403885587', 'Aria', 'Campbell', '2023-10-25', 'B339660471', '6308239193', 'Canadian', 'ariacampbell02@gmail.com', 'Construction Worker', '4619 Maple Court'),
('2638213939', 'Alexander', 'Walker', '1976-3-27', 'J553515824', '4002633598', 'Canadian', 'alexanderwalker92@gmail.com', 'Pharmacist', '0950 Spruce Road'),
('9638368415', 'Daniel', 'Allen', '1954-9-2', 'P393412354', '4542580424', 'Canadian', 'danielallen18@gmail.com', 'Photographer', '5223 Cedar Way'),
('8268867887', 'Sofia', 'Hernandez', '1990-4-20', 'M908812714', '9375706947', 'Canadian', 'sofiahernandez21@gmail.com', 'Geologist', '9746 Elm Way'),
('2052841690', 'Charlotte', 'Smith', '2017-3-26', 'L006707473', '9218023961', 'Canadian', 'charlottesmith71@gmail.com', 'Police Officer', '4619 Maple Court'),
('2258722030', 'Michael', 'Edwards', '2006-4-20', 'I997113029', '3240956089', 'Canadian', 'michaeledwards58@gmail.com', 'Dentist', '3038 Magnolia Terrace'),
('8178024829', 'Madison', 'Thomas', '2006-6-12', 'I960727172', '3334393633', 'Canadian', 'madisonthomas12@gmail.com', 'Engineer', '7654 Cedar Lane'),
('4941864460', 'Victoria', 'Green', '1976-10-5', 'V576275254', '5337231317', 'Canadian', 'victoriagreen03@gmail.com', 'Veterinarian', '8147 Magnolia Boulevard'),
('4775588750', 'Mia', 'Green', '2001-5-5', 'C379329446', '5161636245', 'Canadian', 'miagreen53@gmail.com', 'HR Manager', '1191 Elm Court'),
('3463901660', 'Logan', 'Thompson', '2006-7-15', 'T283739119', '9379528799', 'Canadian', 'loganthompson61@gmail.com', 'Psychologist', '4947 Maple Drive'),
('5165552281', 'Noah', 'Turner', '1982-7-12', 'C025318777', '7953365046', 'Canadian', 'noahturner92@gmail.com', 'Flight Attendant', '9176 Spruce Court'),
('6940575221', 'Ethan', 'Lee', '2003-3-21', 'Z197013698', '2176794079', 'Canadian', 'ethanlee33@gmail.com', 'Bartender', '8395 Willow Terrace'),
('2653347979', 'William', 'Robinson', '2022-11-9', 'E372513402', '7727911103', 'Canadian', 'williamrobinson12@gmail.com', 'Social Worker', '8106 Birch Boulevard'),
('2247326048', 'Aria', 'Hall', '1995-10-8', 'E255937536', '8831697011', 'Canadian', 'ariahall99@gmail.com', 'Software Developer', '8316 Elm Drive'),
('5939493038', 'Avery', 'Martinez', '2015-4-1', 'S672807386', '3699862581', 'Canadian', 'averymartinez12@gmail.com', 'Fashion Designer', '9746 Elm Way'),
('8207311936', 'Liam', 'Perez', '1954-3-2', 'X289264992', '3780721829', 'Canadian', 'liamperez93@gmail.com', 'Meteorologist', '8147 Magnolia Boulevard'),
('8276636467', 'Benjamin', 'Brown', '2017-1-14', 'Z973224398', '5172702587', 'Canadian', 'benjaminbrown92@gmail.com', 'Graphic Designer', '2461 Maple Street'),
('0045276197', 'Aria', 'Martin', '1952-10-5', 'X127844655', '3077699141', 'Canadian', 'ariamartin11@gmail.com', 'Accountant', '4947 Maple Drive');

INSERT INTO Employee VALUES
('8276636467', 'Regular Employee'),
('8472150075', 'Regular Employee'),
('8403885587', 'Security Personnel'),
('1022723805', 'Receptionist'),
('6561685648', 'Cashier'),
('7634052651', 'Pharmacist'),
('4473215930', 'Cashier'),
('3903589944', 'Nurse'),
('9256810635', 'Receptionist'),
('1631160135', 'Doctor'),
('0832708295', 'Administrative Personnel'),
('0045276197', 'Security Personnel'),
('4389697245', 'Security Personnel'),
('6940575221', 'Regular Employee'),
('8207311936', 'Security Personnel');

INSERT INTO Facility VALUES
('BioPharm', 'Willow Lane', 'Edmonton', 'Z98 1O5', '9141287212', 'www.biopharm128.org', 'Hospital', 434, '0045276197'),
('TheraMed', 'Pine Lane', 'Calgary', 'J61 9R2', '6078192400', 'www.theramed236.org', 'Pharmacy', 501, '0832708295'),
('LifeBioTech', 'Spruce Drive', 'Mirabel', 'Y81 1H8', '2452012272', 'www.lifebiotech874.org', 'Hospital', 356, '8207311936'),
('GenTech', 'Magnolia Court', 'Kitchener', 'S66 9T0', '3917824612', 'www.gentech279.org', 'Special Instalment', 61, '4473215930'),
('VitaPharmaTech', 'Hickory Drive', 'Hamilton', 'I31 7P5', '2725220745', 'www.vitapharmatech433.org', 'CLSC', 278, '8403885587'),
('VitaPharm', 'Pine Circle', 'Medicine Hat', 'L73 4R4', '4126675365', 'www.vitapharm179.org', 'CLSC', 479, '1022723805'),
('CarePharm', 'Maple Avenue', 'Quebec City', 'R41 6M7', '5954829839', 'www.carepharm727.org', 'CLSC', 895, '4389697245'),
('PharmaPharmaTech', 'Hickory Circle', 'Drummondville', 'T24 5G3', '4258508521', 'www.pharmapharmatech340.org', 'Pharmacy', 732, '4389697245'),
('LifeResearch', 'Oak Drive', 'Peterborough', 'P71 4D8', '7889630281', 'www.liferesearch212.org', 'Special Instalment', 933, '8207311936'),
('LifePharmaTech', 'Spruce Street', 'Fredericton', 'Z42 6Z9', '2609341245', 'www.lifepharmatech839.org', 'Special Instalment', 378, '8472150075'),
('MediResearch', 'Elm Circle', 'Saint-Hyacinthe', 'X09 1I6', '2874336861', 'www.mediresearch558.org', 'Hospital', 268, '3903589944'),
('PharmaLab', 'Oak Terrace', 'Brandon', 'N71 2S0', '9890189078', 'www.pharmalab041.org', 'CLSC', 102, '8472150075'),
('PharmaTech', 'Maple Circle', 'Winnipeg', 'J92 9A4', '7141252345', 'www.pharmatech577.org', 'Hospital', 230, '3903589944'),
('CureLab', 'Magnolia Terrace', 'Toronto', 'V21 8P5', '4190923896', 'www.curelab219.org', 'CLSC', 819, '4473215930'),
('CareResearch', 'Cedar Way', 'Newmarket', 'L77 7V1', '2318027011', 'www.careresearch358.org', 'CLSC', 92, '9256810635');

INSERT INTO Works_at VALUES
('8472150075', 'CarePharm', '2016-8-12', 'NULL'),
('9256810635', 'VitaPharm', '2019-6-23', 'NULL'),
('1631160135', 'LifeBioTech', '2021-6-18', 'NULL'),
('0045276197', 'PharmaLab', '2020-7-2', 'NULL'),
('3903589944', 'CureLab', '2020-7-18', '2021-10-20'),
('0832708295', 'CarePharm', '2022-1-8', 'NULL'),
('8472150075', 'PharmaLab', '2018-3-19', '2018-7-27'),
('8403885587', 'BioPharm', '2018-8-25', 'NULL'),
('4473215930', 'LifeBioTech', '2015-10-26', '2022-9-13'),
('4389697245', 'PharmaLab', '2021-9-19', '2022-2-3'),
('9256810635', 'CarePharm', '2021-11-4', '2022-2-10'),
('1631160135', 'CarePharm', '2021-6-27', 'NULL'),
('4473215930', 'PharmaTech', '2015-4-25', 'NULL'),
('1631160135', 'TheraMed', '2020-6-3', 'NULL'),
('1022723805', 'VitaPharmaTech', '2020-1-22', '2023-3-23');

INSERT INTO lives_in VALUES
('6693 Willow Avenue', '8178024829', '2020-10-7'),
('7360 Elm Terrace', '1998511533', '2022-2-20'),
('6283 Oak Way', '6561685648', '2016-10-1'),
('1897 Birch Circle', '4941864460', '2017-8-1'),
('1191 Elm Court', '4941864460', '2019-9-4'),
('9145 Oak Street', '3463901660', '2019-5-12'),
('5223 Cedar Way', '9204386565', '2019-10-12'),
('5223 Cedar Way', '9204386565', '2016-5-3'),
('8354 Hickory Court', '3510300178', '2016-6-20'),
('5340 Elm Street', '8207311936', '2016-4-1');

INSERT INTO lives_with VALUES
('1631160135', '3658180244', 'Roommate'),
('0045276197', '8207311936', 'Partner'),
('9256810635', '9638368415', 'Parent'),
('9256810635', '1631160135', 'Roommate'),
('8403885587', '7634052651', 'Parent'),
('8276636467', '2052841690', 'Roommate'),
('1022723805', '9256810635', 'Parent'),
('6561685648', '2638213939', 'Roommate'),
('0832708295', '3510300178', 'Non-Parent Dependent'),
('4389697245', '8178024829', 'Non-Parent Dependent');

INSERT INTO Infection VALUES
('2020-10-4', 'SARS-Cov-2 Variant', 13, '5649267787'),
('2020-9-26', 'COVID-19', 6, '3903589944'),
('2023-3-5', 'SARS-Cov-2 Variant', 1, '3510300178'),
('2023-1-13', 'Other', 7, '8403885587'),
('2022-9-11', 'SARS-Cov-2 Variant', 3, '8276636467'),
('2022-7-9', 'COVID-19', 1, '0457998493'),
('2023-6-18', 'SARS-Cov-2 Variant', 13, '1631160135'),
('2023-10-17', 'Other', 12, '1998511533'),
('2023-10-27', 'SARS-Cov-2 Variant', 8, '2638213939'),
('2023-2-1', 'SARS-Cov-2 Variant', 4, '8268867887');

INSERT INTO Vaccine VALUES
(3, 'Moderna', '2021-6-16', '3903589944', 'PharmaPharmaTech'),
(1, 'Moderna', '2021-8-24', '4941864460', 'TheraMed'),
(1, 'Moderna', '2022-3-13', '2638213939', 'LifeResearch'),
(2, 'Johnson & Johnson', '2020-6-24', '6561685648', 'MediResearch'),
(3, 'Pfizer', '2023-10-20', '9638368415', 'TheraMed'),
(2, 'Moderna', '2021-2-6', '6940575221', 'PharmaTech'),
(3, 'Johnson & Johnson', '2023-7-6', '8276636467', 'TheraMed'),
(3, 'AstraZeneca', '2021-5-9', '5165552281', 'PharmaTech'),
(1, 'Pfizer', '2022-5-8', '3510300178', 'TheraMed'),
(3, 'Johnson & Johnson', '2022-10-25', '4941864460', 'TheraMed');

INSERT INTO Schedule VALUES
('2022-11-24', '2022-10-9 10:9:15', '2023-4-25 23:28:14', 'CarePharm', '8276636467'),
('2017-2-4', '2023-1-16 14:19:34', '2023-4-10 3:46:49', 'PharmaTech', '0045276197'),
('2023-8-15', '2019-4-4 4:42:41', '2020-6-2 8:32:10', 'PharmaPharmaTech', '0045276197'),
('2020-7-22', '2021-9-10 21:16:46', '2022-9-27 23:24:37', 'CarePharm', '6561685648'),
('2018-1-12', '2020-3-24 10:55:15', '2021-6-16 20:37:3', 'LifeResearch', '4389697245'),
('2018-1-8', '2022-7-13 15:15:37', '2023-2-4 19:23:21', 'PharmaLab', '6561685648'),
('2017-9-1', '2019-7-23 17:49:5', '2020-2-24 11:27:55', 'PharmaPharmaTech', '8472150075'),
('2019-7-2', '2023-6-27 7:29:30', '2023-11-26 13:17:20', 'PharmaLab', '8472150075'),
('2019-3-7', '2019-5-14 11:36:29', '2019-5-17 19:39:18', 'LifeBioTech', '0045276197'),
('2020-9-3', '2020-1-4 7:22:3', '2022-5-3 2:13:28', 'VitaPharm', '4389697245');


