INSERT INTO Residence VALUES
('3367 Birch Drive', 'Hamilton', 'Quebec', 'E47 8I4', '6407403234', 1, 'Semi-Detached House'),
('7870 Willow Road', 'Toronto', 'Quebec', 'H23 2H7', '2771376072', 6, 'Semi-Detached House'),
('0469 Willow Circle', 'Kitchener', 'Nova Scotia', 'W56 9C3', '5654511193', 2, 'House'),
('6645 Spruce Avenue', 'Winnipeg', 'New Brunswick', 'W92 1U5', '6125901374', 6, 'House'),
('9016 Hickory Drive', 'Saint-Hyacinthe', 'Newfoundland and Labrador', 'Y17 9U7', '8440136977', 3, 'Condominium'),
('8772 Oak Boulevard', 'St. Johns', 'Prince Edward Island', 'L76 2W4', '8037766931', 1, 'Apartment'),
('8252 Oak Avenue', 'Mirabel', 'Newfoundland and Labrador', 'L87 6E6', '3460105761', 7, 'Condominium'),
('1992 Birch Terrace', 'Saint John', 'Northwest Territories', 'C72 5T9', '6425443473', 2, 'Condominium'),
('0272 Spruce Drive', 'Calgary', 'Prince Edward Island', 'C46 7B6', '7763393943', 7, 'House'),
('8417 Willow Boulevard', 'Saint-Jérôme', 'Quebec', 'N82 5P1', '3432103629', 2, 'House'),
('4903 Pine Street', 'Kingston', 'Newfoundland and Labrador', 'R51 8K5', '5311433018', 6, 'Condominium'),
('7499 Pine Terrace', 'Ottawa', 'Ontario', 'X61 0J1', '6527637085', 1, 'Semi-Detached House'),
('2527 Maple Road', 'Moncton', 'Ontario', 'E10 8R8', '7072810226', 2, 'Apartment'),
('1880 Hickory Terrace', 'Chicoutimi', 'Manitoba', 'U72 0E2', '6911466680', 6, 'Apartment'),
('8919 Birch Court', 'Brandon', 'Prince Edward Island', 'S29 2X0', '7524284422', 4, 'Semi-Detached House'),
('2280 Magnolia Lane', 'Barrie', 'Ontario', 'W06 1G5', '7627837989', 2, 'Semi-Detached House'),
('1856 Magnolia Drive', 'Norfolk County', 'New Brunswick', 'H15 8L4', '8594283003', 3, 'Condominium'),
('3250 Cedar Circle', 'Sherbrooke', 'Alberta', 'Q84 3P7', '6284530558', 4, 'House'),
('4795 Spruce Boulevard', 'Trois-Rivieres', 'Nova Scotia', 'Y74 0L3', '6129961958', 4, 'Apartment'),
('6938 Oak Road', 'Peterborough', 'Nunavut', 'Z18 8A8', '9793757983', 6, 'House'),
('7521 Birch Lane', 'Red Deer', 'Nova Scotia', 'R36 7W4', '3702772404', 4, 'Condominium'),
('8094 Elm Terrace', 'Regina', 'Nunavut', 'X11 8V2', '8041014471', 5, 'Semi-Detached House'),
('0814 Hickory Circle', 'St. Albert', 'Northwest Territories', 'K66 1J5', '8672402498', 4, 'Semi-Detached House'),
('6431 Elm Circle', 'Saskatoon', 'Nunavut', 'Q18 2Q8', '9901204950', 6, 'House'),
('9907 Hickory Road', 'Medicine Hat', 'New Brunswick', 'P91 0O2', '7355688641', 7, 'Semi-Detached House'),
('4181 Spruce Way', 'Belleville', 'Newfoundland and Labrador', 'M51 4S1', '9258621156', 1, 'House'),
('4835 Cedar Street', 'Halifax', 'Nunavut', 'P12 9T1', '9230165563', 6, 'House'),
('5306 Magnolia Terrace', 'Victoria', 'Nova Scotia', 'X17 3P4', '6753547827', 2, 'Semi-Detached House'),
('9834 Spruce Terrace', 'Abbotsford', 'Nova Scotia', 'Y42 5T0', '2508786899', 1, 'Condominium'),
('2320 Oak Terrace', 'Montreal', 'Saskatchewan', 'F05 7J6', '3960497666', 6, 'House'),
('0582 Maple Street', 'Guelph', 'Nunavut', 'X59 6B7', '6096589051', 3, 'Semi-Detached House'),
('9892 Cedar Terrace', 'London', 'New Brunswick', 'O28 1E8', '3794028684', 4, 'Apartment'),
('6057 Oak Street', 'Newmarket', 'Manitoba', 'W44 2W5', '5419353271', 3, 'House'),
('3941 Willow Terrace', 'Kanata', 'Saskatchewan', 'G14 9T8', '9958685423', 3, 'Apartment'),
('3445 Willow Court', 'Lethbridge', 'Nunavut', 'O60 3P9', '6388353071', 1, 'Semi-Detached House'),
('2917 Willow Street', 'Edmonton', 'New Brunswick', 'U05 2N9', '8438668844', 4, 'House'),
('2146 Pine Lane', 'Oshawa', 'Manitoba', 'D83 6C5', '3536081338', 6, 'Condominium'),
('7227 Magnolia Way', 'North Bay', 'Saskatchewan', 'G87 5E0', '2640713592', 5, 'Condominium'),
('0915 Willow Lane', 'White Rock', 'Alberta', 'E87 8G3', '3936179233', 6, 'Condominium'),
('3075 Maple Way', 'Windsor', 'Northwest Territories', 'X27 9Z6', '5656932224', 2, 'House');

INSERT INTO Person VALUES
('5369471410', 'Daniel', 'Brown', '1998-2-9', 'R231887521', '8578356361', 'Canadian', 'danielbrown90@gmail.com', 'Architect', '9907 Hickory Road'),
('3527748995', 'Alexander', 'Wright', '1983-11-5', 'T240106144', '5526506418', 'Canadian', 'alexanderwright86@gmail.com', 'Dentist', '2320 Oak Terrace'),
('9912816682', 'Ella', 'Allen', '1956-5-10', 'V706929644', '8468008087', 'Canadian', 'ellaallen41@gmail.com', 'Plumber', '3445 Willow Court'),
('9030132642', 'William', 'Campbell', '1943-5-19', 'B998491491', '8924159570', 'Canadian', 'williamcampbell83@gmail.com', 'Lawyer', '7227 Magnolia Way'),
('2534531475', 'Elizabeth', 'Adams', '1999-2-4', 'A634052950', '7156060969', 'Canadian', 'elizabethadams84@gmail.com', 'Bartender', '0814 Hickory Circle'),
('2004242762', 'Mia', 'Young', '1987-7-1', 'M328084059', '9708239068', 'Canadian', 'miayoung28@gmail.com', 'Meteorologist', '3367 Birch Drive'),
('0359019614', 'Alexander', 'Thompson', '2000-1-25', 'Y245472575', '5895327561', 'Canadian', 'alexanderthompson50@gmail.com', 'Electrician', '2527 Maple Road'),
('5627998961', 'Sofia', 'Campbell', '1973-1-10', 'N691389506', '8210872253', 'Canadian', 'sofiacampbell14@gmail.com', 'Social Worker', '0814 Hickory Circle'),
('2037409545', 'David', 'Carter', '2003-8-21', 'W394736142', '7393667651', 'Canadian', 'davidcarter93@gmail.com', 'Engineer', '6431 Elm Circle'),
('3879706395', 'Daniel', 'Hernandez', '1967-9-27', 'X558603170', '4737557265', 'Canadian', 'danielhernandez46@gmail.com', 'Financial Analyst', '4181 Spruce Way'),
('7250422444', 'Grace', 'Mitchell', '2013-5-3', 'P718027910', '3388916427', 'Canadian', 'gracemitchell78@gmail.com', 'Biologist', '4835 Cedar Street'),
('1509576621', 'Ethan', 'Davis', '1965-4-10', 'J935481319', '3914472701', 'Canadian', 'ethandavis39@gmail.com', 'Marketing Manager', '0915 Willow Lane'),
('7308687241', 'Madison', 'Johnson', '1951-6-13', 'K971242405', '6964606323', 'Canadian', 'madisonjohnson42@gmail.com', 'Real Estate Agent', '9016 Hickory Drive'),
('8537979202', 'Riley', 'Taylor', '2009-4-9', 'E009308651', '5783524134', 'Canadian', 'rileytaylor69@gmail.com', 'Fashion Designer', '1880 Hickory Terrace'),
('4730575855', 'Scarlett', 'Baker', '1969-4-11', 'B244348443', '9265140425', 'Canadian', 'scarlettbaker27@gmail.com', 'HR Manager', '2527 Maple Road'),
('7391506488', 'Ethan', 'Parker', '1991-4-8', 'T936203106', '6718253930', 'Canadian', 'ethanparker13@gmail.com', 'Chef', '2527 Maple Road'),
('0915256161', 'William', 'Williams', '1956-11-14', 'W965959912', '9437427559', 'Canadian', 'williamwilliams52@gmail.com', 'Paramedic', '2320 Oak Terrace'),
('4575361696', 'Henry', 'Mitchell', '1998-11-14', 'F064043091', '6923481747', 'Canadian', 'henrymitchell73@gmail.com', 'Fitness Trainer', '1880 Hickory Terrace'),
('6802792522', 'Lily', 'Thomas', '1969-7-20', 'J346938494', '9290457479', 'Canadian', 'lilythomas27@gmail.com', 'Photographer', '0915 Willow Lane'),
('5982987803', 'Matthew', 'Hernandez', '2022-5-14', 'J592872222', '5287652833', 'Canadian', 'matthewhernandez50@gmail.com', 'Chemist', '8919 Birch Court'),
('2933596128', 'Emma', 'Perez', '2014-1-19', 'U574094080', '9004660444', 'Canadian', 'emmaperez29@gmail.com', 'Writer', '8094 Elm Terrace'),
('3905885841', 'James', 'Taylor', '1986-8-2', 'Z556979274', '2656935243', 'Canadian', 'jamestaylor45@gmail.com', 'Doctor', '5306 Magnolia Terrace'),
('9583418041', 'Sophia', 'Hernandez', '1964-4-4', 'D328348096', '4514051588', 'Canadian', 'sophiahernandez42@gmail.com', 'Economist', '6938 Oak Road'),
('9419313157', 'William', 'Jackson', '1982-8-17', 'G957358984', '8603433626', 'Canadian', 'williamjackson64@gmail.com', 'Psychologist', '3941 Willow Terrace'),
('0785023104', 'Noah', 'Campbell', '1950-11-2', 'V385840494', '4190131804', 'Canadian', 'noahcampbell89@gmail.com', 'Teacher', '9834 Spruce Terrace'),
('5717054898', 'Henry', 'Wilson', '1942-2-15', 'K657953915', '4738675729', 'Canadian', 'henrywilson71@gmail.com', 'Veterinarian', '7227 Magnolia Way'),
('0822623179', 'Sophia', 'Jones', '1998-3-22', 'Y992719535', '3460855416', 'Canadian', 'sophiajones64@gmail.com', 'Translator', '8252 Oak Avenue'),
('1203546579', 'Riley', 'Gonzalez', '1962-6-1', 'Q621316893', '4974110130', 'Canadian', 'rileygonzalez02@gmail.com', 'Mechanic', '0582 Maple Street'),
('4143950679', 'Avery', 'Thompson', '1998-9-16', 'H350807787', '9755565425', 'Canadian', 'averythompson35@gmail.com', 'Librarian', '1880 Hickory Terrace'),
('3174021718', 'Henry', 'Young', '1961-4-23', 'X683024281', '5733264018', 'Canadian', 'henryyoung07@gmail.com', 'Nurse', '0582 Maple Street'),
('2953435579', 'Grace', 'Campbell', '1996-4-8', 'M809143008', '6172106953', 'Canadian', 'gracecampbell86@gmail.com', 'Sales Representative', '4795 Spruce Boulevard'),
('6571679245', 'Elijah', 'Gonzalez', '1943-8-8', 'P455057285', '4785978860', 'Canadian', 'elijahgonzalez52@gmail.com', 'Waiter/Waitress', '3445 Willow Court'),
('9794873457', 'Benjamin', 'Thompson', '2004-10-12', 'Q170382029', '4948278210', 'Canadian', 'benjaminthompson31@gmail.com', 'Artist', '8772 Oak Boulevard'),
('0005190205', 'Alexander', 'Martinez', '1990-3-11', 'J040201132', '6142754194', 'Canadian', 'alexandermartinez12@gmail.com', 'Software Developer', '6938 Oak Road'),
('2866125812', 'Grace', 'Miller', '1956-6-20', 'C205028709', '3871033988', 'Canadian', 'gracemiller38@gmail.com', 'Graphic Designer', '1880 Hickory Terrace'),
('9185803923', 'Liam', 'Lopez', '1995-7-27', 'K854497562', '5143413347', 'Canadian', 'liamlopez63@gmail.com', 'Pilot', '4795 Spruce Boulevard'),
('0088906369', 'Emma', 'Smith', '1983-7-24', 'O049357233', '9945701774', 'Canadian', 'emmasmith89@gmail.com', 'Pharmacist', '9016 Hickory Drive'),
('2578762107', 'Michael', 'Perez', '1995-11-16', 'I759747434', '3392286792', 'Canadian', 'michaelperez38@gmail.com', 'Actor', '8252 Oak Avenue'),
('2045778834', 'Scarlett', 'Harris', '1962-9-4', 'R952102039', '7925040544', 'Canadian', 'scarlettharris44@gmail.com', 'Geologist', '8252 Oak Avenue'),
('1683345372', 'Carter', 'Clark', '1961-3-19', 'F886199973', '2251111366', 'Canadian', 'carterclark92@gmail.com', 'Flight Attendant', '4835 Cedar Street');

INSERT INTO Employee VALUES
('2534531475', 'Cashier'),
('3905885841', 'Nurse'),
('7391506488', 'Receptionist'),
('9185803923', 'Cashier'),
('4730575855', 'Cashier'),
('6571679245', 'Cashier'),
('9912816682', 'Regular Employee'),
('4575361696', 'Security Personnel'),
('7308687241', 'Cashier'),
('0785023104', 'Doctor'),
('2866125812', 'Doctor'),
('5717054898', 'Nurse'),
('1683345372', 'Pharmacist'),
('9583418041', 'Administrative Personnel'),
('9419313157', 'Regular Employee'),
('1203546579', 'Doctor'),
('9794873457', 'Nurse'),
('5627998961', 'Pharmacist'),
('1509576621', 'Regular Employee'),
('9030132642', 'Security Personnel'),
('0915256161', 'Nurse'),
('8537979202', 'Administrative Personnel'),
('0359019614', 'Regular Employee'),
('0005190205', 'Nurse'),
('2045778834', 'Security Personnel'),
('5982987803', 'Pharmacist'),
('2004242762', 'Nurse'),
('4143950679', 'Receptionist'),
('3527748995', 'Doctor'),
('3174021718', 'Pharmacist'),
('7250422444', 'Nurse'),
('2578762107', 'Administrative Personnel'),
('3879706395', 'Administrative Personnel'),
('0822623179', 'Pharmacist'),
('5369471410', 'Administrative Personnel');

INSERT INTO Facility VALUES
('CareHealthcare 0426', '2998 Cedar Way', 'Saint-Hyacinthe', 'Nova Scotia', 'Q17 4B0', '7568464139', 'www.carehealthcare0426396.org', 'Hospital', 709, '7391506488'),
('VitaResearch 0836', '1661 Cedar Avenue', 'Saint John', 'Manitoba', 'D27 5T7', '2296140270', 'www.vitaresearch0836561.org', 'Clinic', 927, '0785023104'),
('GenTech 5134', '2269 Maple Way', 'Kelowna', 'Newfoundland and Labrador', 'O23 9Q1', '4586526311', 'www.gentech5134142.org', 'Pharmacy', 856, '0822623179'),
('BioSolutions 9179', '6694 Cedar Terrace', 'St. Albert', 'Alberta', 'L47 0U6', '9276992973', 'www.biosolutions9179848.org', 'Pharmacy', 370, '0359019614'),
('CureMed 0094', '1255 Spruce Circle', 'Calgary', 'Quebec', 'E44 1G8', '2844236064', 'www.curemed0094618.org', 'Special Instalment', 738, '4575361696'),
('MediHealthcare 5150', '7354 Spruce Lane', 'Drummondville', 'Northwest Territories', 'V23 2J0', '9324839104', 'www.medihealthcare5150256.org', 'Clinic', 881, '3879706395'),
('MediBioTech 1105', '5015 Oak Drive', 'Kanata', 'New Brunswick', 'H39 9X3', '7751503587', 'www.medibiotech1105289.org', 'Clinic', 783, '9912816682'),
('GenResearch 1353', '4446 Pine Street', 'Lethbridge', 'Prince Edward Island', 'W82 5T1', '6505039451', 'www.genresearch1353678.org', 'Clinic', 880, '0005190205'),
('CareResearch 3717', '7530 Birch Lane', 'Aurora', 'Northwest Territories', 'I01 1J3', '6506164418', 'www.careresearch3717453.org', 'Special Instalment', 340, '2534531475'),
('GenPharmaTech 4522', '2611 Spruce Road', 'Oshawa', 'British Columbia', 'V31 9R0', '3772219504', 'www.genpharmatech4522867.org', 'Pharmacy', 362, '2866125812'),
('VitaLab 2133', '7271 Pine Road', 'Abbotsford', 'Prince Edward Island', 'U86 4N2', '8512563382', 'www.vitalab2133329.org', 'Special Instalment', 331, '1683345372'),
('GenPharmaCare 7446', '4901 Hickory Terrace', 'Mirabel', 'Ontario', 'K52 9E9', '3513451513', 'www.genpharmacare7446893.org', 'Special Instalment', 856, '1683345372'),
('CareSolutions 5960', '4815 Birch Avenue', 'Victoriaville', 'Manitoba', 'F40 5T8', '7291297705', 'www.caresolutions5960102.org', 'Hospital', 513, '8537979202'),
('VitaTech 0587', '4712 Oak Terrace', 'Brandon', 'Newfoundland and Labrador', 'Y03 1Y0', '2354673977', 'www.vitatech0587431.org', 'Pharmacy', 803, '2578762107'),
('GenPharm 3200', '3573 Oak Court', 'Guelph', 'Ontario', 'M07 4D0', '7553748288', 'www.genpharm3200060.org', 'Clinic', 191, '9794873457'),
('PharmaLab 5093', '1137 Birch Drive', 'Peterborough', 'Prince Edward Island', 'J89 5A2', '6579744628', 'www.pharmalab5093974.org', 'Hospital', 188, '3174021718'),
('CureBioTech 0584', '2169 Pine Court', 'Barrie', 'Manitoba', 'V49 4W2', '2101725018', 'www.curebiotech0584378.org', 'Hospital', 36, '1683345372'),
('BioPharmaCare 8260', '4994 Willow Drive', 'Chicoutimi', 'Quebec', 'Z47 8E1', '9389200572', 'www.biopharmacare8260843.org', 'CLSC', 747, '7250422444'),
('BioPharmaTech 5870', '1708 Hickory Road', 'White Rock', 'Saskatchewan', 'O84 4Q6', '3571323434', 'www.biopharmatech5870891.org', 'Hospital', 707, '5369471410'),
('HealthMed 2952', '5248 Maple Terrace', 'Belleville', 'Ontario', 'C47 4O6', '5744729983', 'www.healthmed2952174.org', 'Pharmacy', 866, '7308687241'),
('GenMed 9797', '7400 Elm Road', 'North Bay', 'Manitoba', 'C13 2U0', '6671014309', 'www.genmed9797568.org', 'Special Instalment', 246, '1509576621'),
('BioPharm 1020', '8507 Magnolia Avenue', 'Montreal', 'Manitoba', 'Y43 5L5', '7430944435', 'www.biopharm1020010.org', 'Pharmacy', 930, '0822623179'),
('BioBioTech 5255', '6105 Spruce Boulevard', 'Halifax', 'Ontario', 'Z64 0V3', '9669160780', 'www.biobiotech5255233.org', 'Hospital', 708, '2045778834'),
('TheraMed 4399', '9259 Cedar Road', 'Red Deer', 'Prince Edward Island', 'W90 4Y0', '5632533540', 'www.theramed4399547.org', 'Hospital', 447, '9030132642'),
('CareLab 8160', '6489 Hickory Court', 'Kingston', 'British Columbia', 'K45 7M8', '3116756830', 'www.carelab8160595.org', 'Special Instalment', 449, '5369471410');

INSERT INTO Works_at VALUES
('6571679245', 'MediHealthcare 5150', '2017-10-7', '2023-4-25'),
('4143950679', 'CareSolutions 5960', '2015-5-22', '2018-9-9'),
('7391506488', 'MediBioTech 1105', '2018-11-2', NULL),
('4575361696', 'HealthMed 2952', '2021-5-27', NULL),
('4575361696', 'MediHealthcare 5150', '2016-4-14', '2020-7-3'),
('9912816682', 'VitaTech 0587', '2015-2-13', NULL),
('2866125812', 'BioPharmaTech 5870', '2022-10-8', NULL),
('5627998961', 'GenTech 5134', '2016-11-25', NULL),
('4730575855', 'GenResearch 1353', '2016-1-6', '2016-4-1'),
('1509576621', 'HealthMed 2952', '2015-8-17', NULL),
('3879706395', 'GenPharm 3200', '2018-1-17', '2023-7-21'),
('9030132642', 'MediHealthcare 5150', '2018-5-12', NULL),
('2004242762', 'GenTech 5134', '2017-3-4', NULL),
('0359019614', 'GenMed 9797', '2015-7-22', NULL),
('1683345372', 'CareSolutions 5960', '2021-7-27', '2023-4-7'),
('1203546579', 'GenPharm 3200', '2015-4-26', '2016-3-20'),
('9419313157', 'GenResearch 1353', '2020-10-14', '2021-2-6'),
('9030132642', 'CareHealthcare 0426', '2019-2-5', NULL),
('4575361696', 'MediHealthcare 5150', '2022-9-20', NULL),
('5982987803', 'VitaLab 2133', '2022-5-2', '2022-8-25'),
('2866125812', 'MediBioTech 1105', '2017-1-26', '2023-3-21'),
('0822623179', 'GenMed 9797', '2019-10-25', '2021-1-5'),
('9912816682', 'HealthMed 2952', '2018-4-2', '2020-5-17'),
('1203546579', 'MediHealthcare 5150', '2016-11-5', '2023-9-26'),
('3905885841', 'TheraMed 4399', '2021-10-15', NULL),
('9912816682', 'VitaTech 0587', '2017-7-17', NULL),
('5982987803', 'CareSolutions 5960', '2020-3-21', NULL),
('4143950679', 'CareResearch 3717', '2017-4-6', NULL),
('2866125812', 'BioPharmaCare 8260', '2018-1-17', NULL),
('7308687241', 'GenResearch 1353', '2015-11-24', NULL),
('9419313157', 'CureMed 0094', '2017-5-27', NULL),
('7391506488', 'GenPharm 3200', '2018-2-26', '2019-6-27'),
('0785023104', 'HealthMed 2952', '2016-5-12', '2021-3-15'),
('7250422444', 'GenMed 9797', '2021-5-3', '2022-6-11'),
('2004242762', 'CareSolutions 5960', '2017-5-4', '2020-11-10'),
('9185803923', 'BioPharm 1020', '2019-9-13', NULL),
('1683345372', 'CureBioTech 0584', '2017-8-9', '2022-5-18'),
('9419313157', 'MediHealthcare 5150', '2022-7-12', '2023-4-20'),
('9583418041', 'GenPharm 3200', '2018-9-17', '2023-4-2'),
('5982987803', 'GenMed 9797', '2016-7-20', '2019-6-26');

INSERT INTO lives_in VALUES
('9907 Hickory Road', '5369471410', '1976-4-9'),
('2320 Oak Terrace', '3527748995', '2016-7-23'),
('3445 Willow Court', '9912816682', '2007-7-24'),
('7227 Magnolia Way', '9030132642', '2001-6-27'),
('0814 Hickory Circle', '2534531475', '1983-11-18'),
('3367 Birch Drive', '2004242762', '1984-3-13'),
('2527 Maple Road', '0359019614', '2005-9-3'),
('0814 Hickory Circle', '5627998961', '2021-6-23'),
('6431 Elm Circle', '2037409545', '1996-2-19'),
('4181 Spruce Way', '3879706395', '1973-1-16'),
('4835 Cedar Street', '7250422444', '1992-2-10'),
('0915 Willow Lane', '1509576621', '1992-6-4'),
('9016 Hickory Drive', '7308687241', '1979-4-4'),
('1880 Hickory Terrace', '8537979202', '1974-10-9'),
('2527 Maple Road', '4730575855', '1983-9-12'),
('2527 Maple Road', '7391506488', '2018-11-16'),
('2320 Oak Terrace', '0915256161', '2005-1-5'),
('1880 Hickory Terrace', '4575361696', '1970-5-15'),
('0915 Willow Lane', '6802792522', '1997-10-15'),
('8919 Birch Court', '5982987803', '1980-1-6'),
('8094 Elm Terrace', '2933596128', '2015-4-8'),
('5306 Magnolia Terrace', '3905885841', '2023-10-4'),
('6938 Oak Road', '9583418041', '1989-7-4'),
('3941 Willow Terrace', '9419313157', '1981-10-17'),
('9834 Spruce Terrace', '0785023104', '1973-4-17'),
('7227 Magnolia Way', '5717054898', '1997-5-13'),
('8252 Oak Avenue', '0822623179', '1977-4-24'),
('0582 Maple Street', '1203546579', '2015-2-21'),
('1880 Hickory Terrace', '4143950679', '1978-2-12'),
('0582 Maple Street', '3174021718', '1998-8-10'),
('4795 Spruce Boulevard', '2953435579', '1988-8-26'),
('3445 Willow Court', '6571679245', '2005-11-8'),
('8772 Oak Boulevard', '9794873457', '2011-11-16'),
('6938 Oak Road', '0005190205', '1970-3-4'),
('1880 Hickory Terrace', '2866125812', '1978-2-26'),
('4795 Spruce Boulevard', '9185803923', '1983-8-23'),
('9016 Hickory Drive', '0088906369', '2006-8-6'),
('8252 Oak Avenue', '2578762107', '2012-9-13'),
('8252 Oak Avenue', '2045778834', '1972-9-26'),
('4835 Cedar Street', '1683345372', '1984-7-14'),
('6431 Elm Circle', '0822623179', '2023-7-6'),
('3941 Willow Terrace', '2534531475', '2023-2-27'),
('0582 Maple Street', '0359019614', '2016-7-11'),
('8919 Birch Court', '4575361696', '2021-4-8'),
('4903 Pine Street', '2578762107', '2022-1-15'),
('4795 Spruce Boulevard', '6802792522', '2015-2-8'),
('3367 Birch Drive', '0005190205', '2022-2-13'),
('2146 Pine Lane', '5627998961', '2023-2-19'),
('0814 Hickory Circle', '2534531475', '2016-7-7'),
('0469 Willow Circle', '4575361696', '2015-9-9'),
('0814 Hickory Circle', '5369471410', '2020-10-16'),
('3250 Cedar Circle', '2004242762', '2020-9-13'),
('6938 Oak Road', '4730575855', '2019-7-23'),
('4835 Cedar Street', '0005190205', '2022-10-25'),
('8252 Oak Avenue', '2037409545', '2018-4-25'),
('9892 Cedar Terrace', '9030132642', '2015-7-22'),
('6645 Spruce Avenue', '2004242762', '2015-7-27'),
('6645 Spruce Avenue', '5369471410', '2021-3-2'),
('7870 Willow Road', '4575361696', '2023-5-2'),
('9892 Cedar Terrace', '7308687241', '2017-6-3'),
('0915 Willow Lane', '5982987803', '2023-7-23'),
('2917 Willow Street', '9583418041', '2015-8-6'),
('8252 Oak Avenue', '9912816682', '2022-8-2'),
('1992 Birch Terrace', '5369471410', '2020-4-16'),
('5306 Magnolia Terrace', '5982987803', '2017-7-6'),
('0915 Willow Lane', '9185803923', '2021-1-9'),
('0272 Spruce Drive', '5369471410', '2017-3-1'),
('3941 Willow Terrace', '2866125812', '2016-6-4'),
('0582 Maple Street', '6571679245', '2021-9-20'),
('2146 Pine Lane', '5369471410', '2023-1-21'),
('3445 Willow Court', '0005190205', '2021-7-9'),
('3250 Cedar Circle', '2933596128', '2015-2-17'),
('2917 Willow Street', '1509576621', '2021-2-25'),
('6431 Elm Circle', '9583418041', '2018-4-25'),
('2320 Oak Terrace', '2866125812', '2023-10-14'),
('5306 Magnolia Terrace', '4575361696', '2016-7-25'),
('2320 Oak Terrace', '1203546579', '2018-11-5'),
('1992 Birch Terrace', '0005190205', '2018-7-7'),
('6938 Oak Road', '2004242762', '2022-7-16'),
('2320 Oak Terrace', '0785023104', '2018-7-24');

INSERT INTO lives_with VALUES
('9030132642', '4575361696', 'Non-Parent Dependent'),
('0915256161', '2933596128', 'Children'),
('4730575855', '0915256161', 'Roommate'),
('1203546579', '3527748995', 'Roommate'),
('3527748995', '0785023104', 'Children'),
('9583418041', '6802792522', 'Non-Parent Dependent'),
('8537979202', '2933596128', 'Roommate'),
('9030132642', '8537979202', 'Non-Parent Dependent'),
('0785023104', '0005190205', 'Non-Parent Dependent'),
('5717054898', '5627998961', 'Children'),
('7308687241', '9030132642', 'Roommate'),
('2866125812', '2953435579', 'Parent'),
('1683345372', '2037409545', 'Partner'),
('9030132642', '6571679245', 'Partner'),
('1683345372', '6802792522', 'Children'),
('7250422444', '2953435579', 'Non-Parent Dependent'),
('0785023104', '7391506488', 'Roommate'),
('1203546579', '2578762107', 'Non-Parent Dependent'),
('4143950679', '9912816682', 'Non-Parent Dependent'),
('9583418041', '1203546579', 'Roommate'),
('3879706395', '2578762107', 'Parent'),
('0005190205', '9794873457', 'Children'),
('9030132642', '4143950679', 'Partner'),
('0822623179', '2534531475', 'Non-Parent Dependent'),
('1203546579', '2534531475', 'Non-Parent Dependent'),
('0915256161', '0785023104', 'Children'),
('4143950679', '7391506488', 'Roommate'),
('5627998961', '0822623179', 'Non-Parent Dependent'),
('3527748995', '0785023104', 'Parent'),
('1203546579', '2037409545', 'Partner'),
('7308687241', '4575361696', 'Non-Parent Dependent'),
('9030132642', '2045778834', 'Partner'),
('1683345372', '6802792522', 'Partner'),
('2004242762', '3174021718', 'Roommate'),
('2534531475', '2004242762', 'Roommate'),
('9030132642', '5369471410', 'Non-Parent Dependent'),
('4730575855', '9419313157', 'Children'),
('3905885841', '6802792522', 'Partner'),
('2534531475', '5717054898', 'Roommate'),
('2578762107', '4575361696', 'Parent');

INSERT INTO Infection VALUES
('2020-3-23', 'Other', 7, '7391506488'),
('2023-10-17', 'COVID-19', 13, '9185803923'),
('2021-5-21', 'Other', 3, '7250422444'),
('2021-5-27', 'SARS-Cov-2 Variant', 1, '8537979202'),
('2023-8-26', 'COVID-19', 4, '3527748995'),
('2023-9-5', 'SARS-Cov-2 Variant', 4, '8537979202'),
('2023-1-10', 'COVID-19', 6, '2578762107'),
('2023-2-27', 'Other', 6, '0088906369'),
('2021-7-13', 'Other', 4, '4143950679'),
('2021-4-17', 'SARS-Cov-2 Variant', 6, '2933596128'),
('2021-5-15', 'COVID-19', 12, '1683345372'),
('2022-6-21', 'COVID-19', 12, '9419313157'),
('2022-10-5', 'COVID-19', 12, '0915256161'),
('2023-1-14', 'COVID-19', 3, '0785023104'),
('2022-11-21', 'SARS-Cov-2 Variant', 10, '2045778834'),
('2021-2-9', 'Other', 4, '2953435579'),
('2022-6-25', 'Other', 3, '9185803923'),
('2021-9-20', 'COVID-19', 8, '2866125812'),
('2023-9-19', 'SARS-Cov-2 Variant', 3, '4575361696'),
('2022-8-14', 'COVID-19', 11, '5627998961'),
('2023-8-7', 'Other', 3, '9583418041'),
('2021-7-24', 'SARS-Cov-2 Variant', 8, '8537979202'),
('2022-8-24', 'COVID-19', 8, '5717054898'),
('2020-1-22', 'Other', 12, '6802792522'),
('2022-8-12', 'Other', 11, '2953435579'),
('2021-4-3', 'Other', 13, '0822623179'),
('2022-4-26', 'COVID-19', 13, '0822623179'),
('2021-11-6', 'Other', 7, '0915256161'),
('2020-4-23', 'Other', 12, '0785023104'),
('2022-8-26', 'COVID-19', 8, '6571679245'),
('2021-3-16', 'Other', 11, '2866125812'),
('2020-8-21', 'SARS-Cov-2 Variant', 1, '2534531475'),
('2021-8-3', 'SARS-Cov-2 Variant', 3, '7250422444'),
('2021-8-27', 'Other', 3, '6802792522'),
('2022-6-12', 'Other', 10, '0005190205'),
('2022-4-7', 'COVID-19', 2, '3905885841'),
('2020-4-23', 'COVID-19', 7, '1509576621'),
('2021-2-26', 'SARS-Cov-2 Variant', 9, '3527748995'),
('2021-10-4', 'SARS-Cov-2 Variant', 12, '7391506488'),
('2021-6-15', 'COVID-19', 1, '2866125812'),
('2020-1-15', 'Other', 7, '0822623179'),
('2022-1-23', 'Other', 9, '5627998961'),
('2020-1-3', 'COVID-19', 1, '1683345372'),
('2023-11-6', 'SARS-Cov-2 Variant', 9, '0359019614'),
('2021-1-19', 'COVID-19', 10, '4575361696'),
('2021-8-5', 'SARS-Cov-2 Variant', 13, '6571679245'),
('2022-5-7', 'COVID-19', 10, '0822623179'),
('2022-6-12', 'COVID-19', 2, '3527748995'),
('2021-10-7', 'COVID-19', 9, '9185803923'),
('2022-5-17', 'SARS-Cov-2 Variant', 5, '2004242762');

INSERT INTO Vaccination VALUES
(2, 'Johnson & Johnson', '2022-2-9', '2534531475', 'MediHealthcare 5150'),
(5, 'Moderna', '2021-11-23', '7308687241', 'VitaTech 0587'),
(6, 'Moderna', '2023-3-16', '1683345372', 'BioPharm 1020'),
(2, 'Moderna', '2021-4-10', '9794873457', 'VitaTech 0587'),
(3, 'Johnson & Johnson', '2022-2-3', '1683345372', 'PharmaLab 5093'),
(4, 'Pfizer', '2020-2-15', '2578762107', 'BioPharmaCare 8260'),
(4, 'AstraZeneca', '2023-4-7', '0915256161', 'VitaResearch 0836'),
(8, 'Moderna', '2020-6-27', '1683345372', 'CareResearch 3717'),
(4, 'Pfizer', '2022-8-7', '7391506488', 'BioPharmaTech 5870'),
(4, 'Pfizer', '2022-6-6', '0822623179', 'TheraMed 4399'),
(2, 'Johnson & Johnson', '2023-9-27', '2578762107', 'CareHealthcare 0426'),
(3, 'Pfizer', '2022-10-9', '2037409545', 'CareSolutions 5960'),
(4, 'AstraZeneca', '2021-10-5', '2045778834', 'VitaResearch 0836'),
(1, 'Moderna', '2020-1-23', '0822623179', 'BioPharmaTech 5870'),
(1, 'Moderna', '2022-9-10', '0005190205', 'CureBioTech 0584'),
(5, 'Johnson & Johnson', '2021-9-9', '9912816682', 'GenPharm 3200'),
(8, 'Johnson & Johnson', '2022-8-18', '2045778834', 'GenMed 9797'),
(3, 'Moderna', '2021-9-2', '0785023104', 'GenMed 9797'),
(7, 'Johnson & Johnson', '2021-10-7', '3527748995', 'HealthMed 2952'),
(5, 'Pfizer', '2023-8-10', '9419313157', 'CareLab 8160'),
(3, 'AstraZeneca', '2023-7-19', '2037409545', 'PharmaLab 5093'),
(8, 'Moderna', '2020-10-2', '0785023104', 'BioBioTech 5255'),
(6, 'Johnson & Johnson', '2022-1-22', '9583418041', 'GenPharmaCare 7446'),
(5, 'Johnson & Johnson', '2022-9-15', '2933596128', 'GenPharmaTech 4522'),
(3, 'Pfizer', '2022-1-16', '9419313157', 'VitaResearch 0836'),
(1, 'Pfizer', '2023-2-14', '2578762107', 'BioPharmaCare 8260'),
(7, 'Pfizer', '2022-10-8', '5717054898', 'CureBioTech 0584'),
(8, 'AstraZeneca', '2021-3-24', '3879706395', 'PharmaLab 5093'),
(2, 'Moderna', '2022-10-17', '2578762107', 'CareSolutions 5960'),
(5, 'Johnson & Johnson', '2022-3-2', '9583418041', 'VitaLab 2133'),
(5, 'Moderna', '2022-1-16', '6802792522', 'GenResearch 1353'),
(8, 'AstraZeneca', '2022-11-10', '6802792522', 'GenPharmaCare 7446'),
(1, 'Pfizer', '2021-5-3', '0359019614', 'CareLab 8160'),
(7, 'AstraZeneca', '2023-7-12', '2578762107', 'BioPharmaCare 8260'),
(5, 'Johnson & Johnson', '2021-11-3', '2578762107', 'TheraMed 4399'),
(5, 'AstraZeneca', '2023-1-3', '5369471410', 'BioSolutions 9179'),
(7, 'Pfizer', '2022-1-15', '2953435579', 'TheraMed 4399'),
(4, 'Pfizer', '2022-8-12', '0359019614', 'CureMed 0094'),
(8, 'Moderna', '2020-10-10', '4730575855', 'CareSolutions 5960'),
(3, 'Moderna', '2022-11-15', '3879706395', 'BioSolutions 9179'),
(1, 'Johnson & Johnson', '2020-9-8', '9419313157', 'MediHealthcare 5150'),
(5, 'Johnson & Johnson', '2021-7-7', '6802792522', 'BioPharmaCare 8260'),
(5, 'AstraZeneca', '2020-5-11', '2933596128', 'GenMed 9797'),
(6, 'Moderna', '2023-6-26', '8537979202', 'GenPharmaTech 4522'),
(2, 'Pfizer', '2023-9-18', '2933596128', 'CareResearch 3717');

INSERT INTO Schedule VALUES
('2021-10-26', '2018-7-15 4:25:17', '2023-6-13 1:28:58', 'VitaResearch 0836', '0822623179'),
('2018-11-16', '2018-2-3 7:11:56', '2021-6-19 14:21:34', 'CareSolutions 5960', '9794873457'),
('2023-11-6', '2020-6-13 1:52:40', '2023-2-7 11:40:10', 'CareHealthcare 0426', '2045778834'),
('2022-5-7', '2020-2-10 21:48:43', '2020-5-18 9:32:26', 'GenMed 9797', '6571679245'),
('2022-7-3', '2021-9-14 18:3:42', '2022-4-1 12:47:40', 'GenTech 5134', '7308687241'),
('2021-9-4', '2018-3-12 4:28:45', '2023-9-7 17:43:59', 'CureMed 0094', '7391506488'),
('2018-1-27', '2019-8-22 13:49:16', '2020-4-4 12:38:13', 'GenPharm 3200', '3879706395'),
('2020-11-9', '2019-4-19 15:3:21', '2020-3-4 3:24:55', 'GenPharmaTech 4522', '9912816682'),
('2023-9-6', '2023-2-5 16:13:6', '2023-10-10 1:44:28', 'MediHealthcare 5150', '3879706395'),
('2022-4-12', '2019-8-10 20:22:27', '2021-6-26 8:52:44', 'VitaTech 0587', '8537979202'),
('2019-2-16', '2018-10-27 22:35:2', '2022-11-4 7:10:55', 'VitaResearch 0836', '4730575855'),
('2019-9-8', '2023-2-21 22:46:6', '2023-6-21 10:30:59', 'GenPharm 3200', '5982987803'),
('2020-9-7', '2023-9-1 21:7:24', '2023-9-25 21:18:13', 'GenTech 5134', '9185803923'),
('2022-1-6', '2021-7-22 2:52:10', '2023-4-13 5:27:25', 'MediHealthcare 5150', '2578762107'),
('2023-10-14', '2020-1-24 20:47:5', '2021-3-18 19:19:16', 'CureBioTech 0584', '3905885841'),
('2019-3-26', '2020-11-15 12:49:5', '2022-6-9 9:42:40', 'HealthMed 2952', '2578762107'),
('2023-5-18', '2021-11-8 10:52:12', '2022-10-15 5:2:19', 'VitaTech 0587', '5717054898'),
('2021-1-26', '2019-11-10 22:37:16', '2022-5-27 12:55:26', 'CareHealthcare 0426', '7250422444'),
('2017-8-19', '2022-11-3 20:17:3', '2022-11-24 5:43:25', 'MediBioTech 1105', '2866125812'),
('2019-5-7', '2020-8-25 10:47:40', '2020-11-1 1:6:15', 'HealthMed 2952', '2004242762'),
('2021-9-13', '2022-2-15 15:1:28', '2023-8-22 15:5:47', 'CareResearch 3717', '9419313157'),
('2022-5-18', '2020-8-20 2:12:53', '2023-5-5 10:52:40', 'BioSolutions 9179', '3905885841'),
('2020-6-5', '2021-3-22 23:3:48', '2021-8-8 7:17:36', 'BioSolutions 9179', '2004242762'),
('2020-5-6', '2018-9-3 10:53:8', '2019-11-25 13:23:52', 'BioBioTech 5255', '1683345372'),
('2021-4-8', '2021-1-12 20:46:40', '2023-9-5 4:14:19', 'VitaResearch 0836', '0359019614'),
('2023-4-7', '2023-3-6 7:14:58', '2023-3-21 3:2:53', 'BioPharmaTech 5870', '2866125812'),
('2021-2-1', '2020-9-1 15:23:42', '2021-1-18 9:3:25', 'CureBioTech 0584', '5717054898'),
('2017-3-25', '2019-3-13 20:50:15', '2022-9-26 7:35:3', 'GenResearch 1353', '1509576621'),
('2017-4-7', '2023-3-17 11:26:14', '2023-6-27 7:10:36', 'VitaResearch 0836', '9794873457'),
('2022-6-16', '2023-11-7 14:3:33', '2023-11-21 22:46:55', 'BioPharmaCare 8260', '5717054898');


