INSERT INTO Residence VALUES
('8680 Magnolia Drive', 'Quebec City', 'Nova Scotia', 'D23 6Z6', '4434880778', 2, 'Condominium'),
('6464 Willow Drive', 'Drummondville', 'Manitoba', 'Z75 1Z2', '3113810185', 6, 'Apartment'),
('7134 Birch Drive', 'Fredericton', 'Newfoundland and Labrador', 'G53 2V8', '3077580498', 3, 'Semi-Detached House'),
('9481 Magnolia Road', 'Aurora', 'Alberta', 'M94 8C9', '7969992152', 6, 'Apartment'),
('5730 Oak Lane', 'White Rock', 'Saskatchewan', 'J34 3N5', '6054565572', 3, 'House'),
('6453 Maple Way', 'Toronto', 'Nova Scotia', 'C41 0P8', '8044505160', 6, 'House'),
('2529 Pine Way', 'Red Deer', 'Nunavut', 'N33 2C1', '9224165677', 3, 'Condominium'),
('3742 Cedar Terrace', 'Ottawa', 'Northwest Territories', 'S12 2I1', '7226606101', 5, 'House'),
('6327 Maple Boulevard', 'Brandon', 'Nova Scotia', 'R50 7O2', '8980484536', 2, 'Semi-Detached House'),
('9391 Birch Court', 'Kitchener', 'Saskatchewan', 'P01 8M1', '4882464850', 4, 'Condominium'),
('0658 Oak Way', 'Cornwall', 'Quebec', 'C45 6G9', '2826287014', 5, 'Apartment'),
('2059 Cedar Circle', 'Kanata', 'Nova Scotia', 'Q97 9H9', '5011414261', 7, 'House'),
('9128 Willow Street', 'Mirabel', 'Nunavut', 'T91 2E6', '5807515478', 5, 'Apartment'),
('9154 Hickory Drive', 'Windsor', 'Prince Edward Island', 'Q31 7F2', '6661087385', 6, 'House'),
('6456 Spruce Drive', 'Saint-Jérôme', 'Quebec', 'Z35 8K8', '9585516381', 7, 'Condominium'),
('4481 Pine Boulevard', 'Kelowna', 'Saskatchewan', 'J94 2K6', '7181142264', 1, 'Apartment'),
('9952 Spruce Court', 'Saint-Hyacinthe', 'Northwest Territories', 'Y32 5O4', '4851959535', 5, 'Condominium'),
('6589 Elm Court', 'Medicine Hat', 'Manitoba', 'X57 7C5', '7315494090', 7, 'House'),
('3540 Maple Road', 'Regina', 'Nunavut', 'A86 3Y7', '2356518286', 3, 'House'),
('2024 Maple Avenue', 'Edmonton', 'Manitoba', 'Z97 4X1', '5732653332', 4, 'House'),
('6980 Spruce Street', 'Halifax', 'Quebec', 'P42 5X4', '6517735119', 3, 'Semi-Detached House'),
('8286 Elm Drive', 'Belleville', 'Ontario', 'O58 9Y9', '6516433702', 1, 'Semi-Detached House'),
('2431 Magnolia Court', 'London', 'Quebec', 'B73 4Q9', '6101293149', 1, 'Condominium'),
('8380 Cedar Lane', 'Calgary', 'Nunavut', 'E83 3U1', '3042816993', 2, 'House'),
('3409 Elm Street', 'Kingston', 'Nova Scotia', 'W74 9C4', '9733203077', 1, 'House'),
('4548 Willow Court', 'St. Albert', 'Alberta', 'T40 7W3', '8627031085', 7, 'Semi-Detached House'),
('9390 Pine Road', 'Hamilton', 'Nova Scotia', 'P64 0D9', '9762259341', 4, 'Semi-Detached House'),
('5669 Hickory Terrace', 'Guelph', 'Nunavut', 'P94 8T0', '3810030511', 5, 'Semi-Detached House'),
('5217 Hickory Lane', 'Peterborough', 'Quebec', 'C92 7J0', '6244370797', 2, 'Semi-Detached House'),
('2936 Spruce Boulevard', 'Saskatoon', 'Alberta', 'H77 6X0', '4333324899', 2, 'Semi-Detached House'),
('9256 Cedar Court', 'Abbotsford', 'Quebec', 'J58 7X9', '6770074862', 4, 'House'),
('1064 Spruce Avenue', 'St. Johns', 'Nova Scotia', 'C36 1P0', '3710193345', 5, 'Condominium'),
('5971 Birch Avenue', 'Moncton', 'Alberta', 'W85 2J8', '3813849081', 7, 'Condominium'),
('6780 Cedar Boulevard', 'Lethbridge', 'Ontario', 'L08 6R6', '4141359847', 6, 'Condominium'),
('2971 Oak Street', 'Oshawa', 'Nunavut', 'B88 1F9', '9282269143', 5, 'Apartment'),
('5841 Magnolia Circle', 'Norfolk County', 'Northwest Territories', 'K08 2T2', '4036962283', 4, 'Semi-Detached House'),
('1433 Oak Avenue', 'Sherbrooke', 'Alberta', 'B70 8S2', '2802159478', 5, 'House'),
('7380 Hickory Road', 'Montreal', 'Prince Edward Island', 'L37 0C2', '7754950394', 4, 'Semi-Detached House'),
('3471 Spruce Circle', 'Prince George', 'Alberta', 'R04 2N7', '5183377699', 4, 'Apartment'),
('6366 Willow Circle', 'Chicoutimi', 'Northwest Territories', 'L23 4F9', '5680332058', 4, 'Semi-Detached House');

INSERT INTO Person VALUES
('6270729101', 'Carter', 'Perez', '2022-5-16', 'S117683767', '4823772736', 'Canadian', 'carterperez79@gmail.com', 'Interior Designer', '6780 Cedar Boulevard'),
('7550628627', 'Alexander', 'Rodriguez', '1992-8-11', 'A767225682', '2515456170', 'Canadian', 'alexanderrodriguez05@gmail.com', 'Artist', '5217 Hickory Lane'),
('5641588047', 'Daniel', 'Robinson', '1972-9-21', 'I937846517', '6329019150', 'Canadian', 'danielrobinson73@gmail.com', 'Fashion Designer', '5971 Birch Avenue'),
('9741541772', 'Lily', 'Taylor', '1952-10-15', 'X039441993', '4468821519', 'Canadian', 'lilytaylor39@gmail.com', 'Real Estate Agent', '2431 Magnolia Court'),
('1042100953', 'Sebastian', 'Martin', '1999-1-11', 'O942417995', '5867761990', 'Canadian', 'sebastianmartin14@gmail.com', 'Marketing Manager', '6980 Spruce Street'),
('9421818123', 'Amelia', 'Nelson', '1989-2-19', 'O028332357', '3038222810', 'Canadian', 'amelianelson51@gmail.com', 'Actor', '5669 Hickory Terrace'),
('3204976019', 'Grace', 'Nelson', '1988-8-1', 'Y323243096', '7359519665', 'Canadian', 'gracenelson46@gmail.com', 'Plumber', '6464 Willow Drive'),
('8531748847', 'Aiden', 'Scott', '1972-5-8', 'A062690012', '7230147702', 'Canadian', 'aidenscott30@gmail.com', 'Journalist', '2431 Magnolia Court'),
('7836763333', 'Madison', 'Gonzalez', '1945-11-2', 'K098967317', '3001224475', 'Canadian', 'madisongonzalez30@gmail.com', 'Pilot', '3742 Cedar Terrace'),
('5661399196', 'Abigail', 'Thompson', '1971-7-13', 'N876605355', '9451665816', 'Canadian', 'abigailthompson52@gmail.com', 'Carpenter', '1433 Oak Avenue'),
('1233239315', 'Matthew', 'Smith', '1946-11-2', 'C257762627', '7782752732', 'Canadian', 'matthewsmith56@gmail.com', 'Pharmacist', '9481 Magnolia Road'),
('3299805453', 'Henry', 'Jones', '1961-3-24', 'I992844457', '3670525065', 'Canadian', 'henryjones56@gmail.com', 'Mechanic', '1064 Spruce Avenue'),
('7799892812', 'Michael', 'Moore', '1979-8-6', 'V348396539', '9460262659', 'Canadian', 'michaelmoore01@gmail.com', 'Engineer', '5971 Birch Avenue'),
('1675417598', 'Sebastian', 'Walker', '1950-2-9', 'L308104326', '6499660459', 'Canadian', 'sebastianwalker76@gmail.com', 'Translator', '5669 Hickory Terrace'),
('1299271064', 'Madison', 'Martinez', '1983-10-18', 'W252509490', '5499532412', 'Canadian', 'madisonmartinez20@gmail.com', 'Doctor', '8680 Magnolia Drive'),
('6490024729', 'Madison', 'Hall', '1953-5-24', 'P019236310', '8524548066', 'Canadian', 'madisonhall34@gmail.com', 'Social Worker', '5669 Hickory Terrace'),
('2582407277', 'Isabella', 'Taylor', '2000-5-21', 'Y479997623', '2384839171', 'Canadian', 'isabellataylor56@gmail.com', 'Photographer', '2024 Maple Avenue'),
('9051173662', 'Mila', 'Phillips', '1993-8-19', 'W528308751', '3905975731', 'Canadian', 'milaphillips80@gmail.com', 'Geologist', '1064 Spruce Avenue'),
('2434419419', 'Sebastian', 'King', '1956-5-16', 'W844774075', '3466983631', 'Canadian', 'sebastianking29@gmail.com', 'Construction Worker', '6589 Elm Court'),
('1138447470', 'Mila', 'Gonzalez', '1951-3-11', 'S652614944', '6029374234', 'Canadian', 'milagonzalez82@gmail.com', 'Fitness Trainer', '6453 Maple Way'),
('1459980966', 'Jackson', 'Nelson', '1983-9-13', 'P687641172', '3356087347', 'Canadian', 'jacksonnelson42@gmail.com', 'Nurse', '8286 Elm Drive'),
('7574719654', 'Harper', 'Anderson', '1943-5-26', 'I027900870', '4665846070', 'Canadian', 'harperanderson99@gmail.com', 'Police Officer', '5730 Oak Lane'),
('0118564299', 'Joseph', 'Jackson', '1966-4-4', 'I860009248', '9022747237', 'Canadian', 'josephjackson18@gmail.com', 'Economist', '9391 Birch Court'),
('9214766121', 'Aiden', 'Martin', '2020-4-15', 'Y822928541', '7531947958', 'Canadian', 'aidenmartin03@gmail.com', 'Dentist', '6980 Spruce Street'),
('2177754881', 'David', 'Wilson', '1988-3-2', 'N038595298', '2121079848', 'Canadian', 'davidwilson35@gmail.com', 'Paramedic', '1433 Oak Avenue'),
('3050953696', 'Evelyn', 'Jones', '1998-6-15', 'E221823864', '9352180608', 'Canadian', 'evelynjones87@gmail.com', 'Veterinarian', '8380 Cedar Lane'),
('7598959029', 'Aria', 'Edwards', '1944-1-4', 'B704028559', '6223096675', 'Canadian', 'ariaedwards05@gmail.com', 'HR Manager', '3742 Cedar Terrace'),
('0371544255', 'Michael', 'Parker', '1967-3-10', 'B770464626', '7128846822', 'Canadian', 'michaelparker61@gmail.com', 'Meteorologist', '9391 Birch Court'),
('2151203141', 'Oliver', 'Martinez', '1948-5-13', 'N766942123', '7304846778', 'Canadian', 'olivermartinez75@gmail.com', 'Accountant', '5730 Oak Lane'),
('0726076131', 'David', 'Rodriguez', '2000-6-10', 'B491163012', '7590253548', 'Canadian', 'davidrodriguez48@gmail.com', 'Teacher', '9390 Pine Road'),
('0409901631', 'Jackson', 'Clark', '1956-6-17', 'N170598246', '3144310890', 'Canadian', 'jacksonclark29@gmail.com', 'Lawyer', '5669 Hickory Terrace'),
('1946566963', 'Oliver', 'Garcia', '2022-9-25', 'P363026131', '8733933582', 'Canadian', 'olivergarcia30@gmail.com', 'Bartender', '8680 Magnolia Drive'),
('1294029177', 'Lucas', 'Adams', '1992-1-22', 'N871750232', '4481033694', 'Canadian', 'lucasadams67@gmail.com', 'Marine Biologist', '7134 Birch Drive'),
('6271201229', 'Avery', 'Walker', '1945-9-2', 'Z590885691', '7069371804', 'Canadian', 'averywalker32@gmail.com', 'Flight Attendant', '9390 Pine Road'),
('3482507574', 'Amelia', 'Roberts', '1978-1-17', 'Y309907918', '2663552894', 'Canadian', 'ameliaroberts82@gmail.com', 'Software Developer', '5971 Birch Avenue'),
('1962479058', 'Sofia', 'Robinson', '2017-2-7', 'T988134528', '2962234898', 'Canadian', 'sofiarobinson59@gmail.com', 'Librarian', '5971 Birch Avenue'),
('4491934893', 'Benjamin', 'Lopez', '2009-11-5', 'D653543076', '6702624796', 'Canadian', 'benjaminlopez95@gmail.com', 'Biologist', '9390 Pine Road'),
('8115807560', 'Henry', 'Johnson', '1986-8-5', 'C341489342', '4419746280', 'Canadian', 'henryjohnson28@gmail.com', 'Electrician', '3471 Spruce Circle'),
('0286139697', 'Sophia', 'Martin', '1956-4-24', 'B185364587', '8035287240', 'Canadian', 'sophiamartin50@gmail.com', 'Psychologist', '2529 Pine Way'),
('5449522599', 'Logan', 'Clark', '2016-5-9', 'M544861208', '2416680995', 'Canadian', 'loganclark42@gmail.com', 'Web Designer', '9390 Pine Road');

INSERT INTO Employee VALUES
('3299805453', 'Regular Employee'),
('6490024729', 'Cashier'),
('7550628627', 'Security Personnel'),
('0726076131', 'Cashier'),
('7799892812', 'Cashier'),
('3050953696', 'Regular Employee'),
('1459980966', 'Pharmacist'),
('9421818123', 'Receptionist'),
('1138447470', 'Security Personnel'),
('0371544255', 'Pharmacist'),
('1962479058', 'Nurse'),
('1299271064', 'Pharmacist'),
('9051173662', 'Pharmacist'),
('7574719654', 'Pharmacist'),
('8115807560', 'Pharmacist'),
('1946566963', 'Administrative Personnel'),
('0409901631', 'Receptionist'),
('1233239315', 'Regular Employee'),
('1294029177', 'Cashier'),
('2582407277', 'Pharmacist'),
('4491934893', 'Administrative Personnel'),
('1675417598', 'Doctor'),
('8531748847', 'Nurse'),
('2177754881', 'Pharmacist'),
('9741541772', 'Doctor'),
('6271201229', 'Cashier'),
('3204976019', 'Regular Employee'),
('0286139697', 'Regular Employee'),
('7598959029', 'Nurse'),
('0118564299', 'Doctor'),
('7836763333', 'Nurse'),
('3482507574', 'Receptionist'),
('5661399196', 'Regular Employee'),
('1042100953', 'Regular Employee'),
('9214766121', 'Security Personnel');

INSERT INTO Facility VALUES
('VitaPharm', '7937 Hickory Avenue', 'Saint-Jérôme', 'Nunavut', 'M33 5E0', '2367312350', 'www.vitapharm820.org', 'Hospital', 386, '7550628627'),
('CareTech', '3124 Spruce Court', 'Kitchener', 'Manitoba', 'U20 0G8', '9456690112', 'www.caretech697.org', 'Clinic', 659, '0118564299'),
('HealthMed', '9777 Willow Boulevard', 'Victoriaville', 'British Columbia', 'X54 9C9', '3195672008', 'www.healthmed515.org', 'Hospital', 800, '1299271064'),
('LifeSolutions', '6358 Hickory Road', 'Saint John', 'Manitoba', 'I99 2A0', '6843255547', 'www.lifesolutions640.org', 'CLSC', 953, '6490024729'),
('HealthPharmaTech', '1268 Willow Street', 'Brandon', 'British Columbia', 'A00 9P7', '3390810897', 'www.healthpharmatech202.org', 'Hospital', 357, '1962479058'),
('BioBioTech', '4966 Willow Avenue', 'St. Johns', 'British Columbia', 'U79 7S8', '8273405731', 'www.biobiotech596.org', 'Special Instalment', 324, '9421818123'),
('CarePharmaCare', '5397 Elm Avenue', 'White Rock', 'Manitoba', 'P31 6F6', '6354235537', 'www.carepharmacare328.org', 'Pharmacy', 946, '8531748847'),
('CareResearch', '0662 Oak Lane', 'Hamilton', 'Newfoundland and Labrador', 'K94 2Q8', '3804185355', 'www.careresearch273.org', 'Hospital', 369, '1042100953'),
('TheraPharmaTech', '2370 Birch Boulevard', 'Montreal', 'Nunavut', 'C94 2Y1', '5967797450', 'www.therapharmatech435.org', 'CLSC', 414, '1233239315'),
('BioSolutions', '0390 Oak Terrace', 'Windsor', 'Northwest Territories', 'T15 3D5', '4014512225', 'www.biosolutions441.org', 'Pharmacy', 719, '1459980966'),
('VitaTech', '1095 Willow Circle', 'Kanata', 'Newfoundland and Labrador', 'K57 4C1', '7577125328', 'www.vitatech931.org', 'Clinic', 620, '8115807560'),
('VitaLab', '2786 Magnolia Avenue', 'North Bay', 'Newfoundland and Labrador', 'D21 9S7', '4211056357', 'www.vitalab339.org', 'CLSC', 926, '8531748847'),
('CurePharmaCare', '6930 Willow Lane', 'Kelowna', 'Prince Edward Island', 'T39 5I8', '5181993275', 'www.curepharmacare749.org', 'Clinic', 921, '8115807560'),
('LifeResearch', '3263 Hickory Circle', 'Abbotsford', 'Nunavut', 'K70 9V5', '4978306791', 'www.liferesearch258.org', 'Pharmacy', 927, '7836763333'),
('PharmaBioTech', '0305 Hickory Way', 'Edmonton', 'Ontario', 'T57 9T2', '4837221515', 'www.pharmabiotech868.org', 'Hospital', 633, '8115807560'),
('BioTech', '4686 Pine Drive', 'Aurora', 'Nova Scotia', 'R64 9V8', '7235908257', 'www.biotech730.org', 'Special Instalment', 859, '6490024729'),
('PharmaMed', '7322 Pine Circle', 'Mirabel', 'British Columbia', 'P58 8Y0', '8360113314', 'www.pharmamed831.org', 'Clinic', 963, '7550628627'),
('PharmaPharm', '3866 Oak Circle', 'Barrie', 'New Brunswick', 'D18 2M2', '4476354419', 'www.pharmapharm497.org', 'CLSC', 541, '1042100953'),
('PharmaPharmaCare', '4148 Birch Street', 'Regina', 'Manitoba', 'W34 7Y3', '3438193130', 'www.pharmapharmacare588.org', 'CLSC', 841, '1299271064'),
('LifePharm', '1745 Spruce Terrace', 'Newmarket', 'Saskatchewan', 'S56 7V7', '7584358903', 'www.lifepharm227.org', 'CLSC', 538, '8531748847'),
('CareHealthcare', '5680 Pine Avenue', 'Lethbridge', 'Prince Edward Island', 'J46 6F5', '4128981161', 'www.carehealthcare739.org', 'Clinic', 99, '9214766121'),
('HealthTech', '0286 Birch Drive', 'Drummondville', 'Ontario', 'Z40 7Z6', '9819086137', 'www.healthtech646.org', 'Pharmacy', 269, '4491934893'),
('CureBioTech', '1252 Magnolia Street', 'Winnipeg', 'Manitoba', 'W88 6G1', '2178969759', 'www.curebiotech909.org', 'Clinic', 182, '3482507574'),
('GenResearch', '4400 Spruce Lane', 'Ottawa', 'Newfoundland and Labrador', 'B45 6O5', '5623861405', 'www.genresearch593.org', 'Hospital', 875, '9214766121'),
('CureResearch', '6161 Maple Circle', 'Medicine Hat', 'British Columbia', 'H43 9S3', '3961735929', 'www.cureresearch609.org', 'Hospital', 279, '1962479058');

INSERT INTO Works_at VALUES
('5661399196', 'VitaTech', '2023-3-26', NULL),
('8531748847', 'BioSolutions', '2023-6-4', NULL),
('3050953696', 'PharmaPharmaCare', '2023-2-21', '2023-3-23'),
('9741541772', 'TheraPharmaTech', '2016-4-1', NULL),
('3204976019', 'BioSolutions', '2021-7-4', '2022-6-24'),
('1299271064', 'PharmaPharm', '2022-5-26', NULL),
('1042100953', 'BioSolutions', '2020-11-25', NULL),
('9421818123', 'CareTech', '2017-7-15', '2021-11-22'),
('7574719654', 'PharmaMed', '2020-1-17', NULL),
('3482507574', 'PharmaBioTech', '2021-4-9', NULL),
('7598959029', 'LifeResearch', '2021-3-22', '2021-6-19'),
('7574719654', 'HealthMed', '2022-6-8', '2022-9-9'),
('3204976019', 'PharmaPharm', '2017-9-18', NULL),
('0118564299', 'HealthMed', '2015-6-21', NULL),
('1294029177', 'CarePharmaCare', '2017-7-4', '2018-2-13'),
('0286139697', 'CarePharmaCare', '2016-10-21', '2020-3-2'),
('1946566963', 'CurePharmaCare', '2020-2-9', '2021-9-18'),
('8531748847', 'CareTech', '2018-8-6', '2023-7-16'),
('9421818123', 'PharmaMed', '2022-6-17', '2023-8-4'),
('3204976019', 'PharmaMed', '2020-3-1', NULL),
('2177754881', 'LifePharm', '2023-8-4', NULL),
('2177754881', 'HealthTech', '2015-4-9', NULL),
('6271201229', 'LifePharm', '2022-6-19', NULL),
('1946566963', 'CareTech', '2017-11-19', NULL),
('3482507574', 'CareResearch', '2018-11-10', NULL),
('6271201229', 'LifeSolutions', '2021-7-20', '2021-11-6'),
('4491934893', 'CarePharmaCare', '2019-6-25', '2020-6-16'),
('7550628627', 'GenResearch', '2021-5-14', NULL),
('6490024729', 'CurePharmaCare', '2022-2-13', NULL),
('6490024729', 'CurePharmaCare', '2017-1-8', NULL),
('6271201229', 'CureBioTech', '2022-5-3', '2022-7-14'),
('0409901631', 'LifeSolutions', '2019-4-9', '2021-7-3'),
('9741541772', 'VitaPharm', '2018-9-7', NULL),
('3299805453', 'PharmaPharmaCare', '2016-5-8', '2022-4-10'),
('0409901631', 'VitaTech', '2020-1-20', NULL),
('7836763333', 'CareResearch', '2015-2-14', NULL),
('3204976019', 'CarePharmaCare', '2020-10-2', NULL),
('9421818123', 'PharmaMed', '2018-7-3', '2023-9-1'),
('6271201229', 'HealthPharmaTech', '2021-10-5', NULL),
('0118564299', 'PharmaPharm', '2022-3-11', '2022-7-19');

INSERT INTO lives_in VALUES
('4548 Willow Court', '0118564299', '2015-1-9'),
('8286 Elm Drive', '0726076131', '2022-10-3'),
('9154 Hickory Drive', '1299271064', '2020-7-2'),
('5971 Birch Avenue', '1675417598', '2020-5-24'),
('6453 Maple Way', '6271201229', '2023-1-24'),
('0658 Oak Way', '3050953696', '2019-5-11'),
('6980 Spruce Street', '3050953696', '2022-6-21'),
('5217 Hickory Lane', '3204976019', '2020-3-27'),
('8680 Magnolia Drive', '4491934893', '2020-6-15'),
('1433 Oak Avenue', '1042100953', '2022-6-16'),
('5730 Oak Lane', '3299805453', '2021-5-15'),
('4481 Pine Boulevard', '9421818123', '2021-11-11'),
('9256 Cedar Court', '7836763333', '2016-2-5'),
('9391 Birch Court', '0118564299', '2023-7-17'),
('7380 Hickory Road', '1675417598', '2016-2-19'),
('2059 Cedar Circle', '7574719654', '2017-3-14'),
('6453 Maple Way', '2582407277', '2021-7-23'),
('3540 Maple Road', '1233239315', '2015-8-10'),
('2936 Spruce Boulevard', '1138447470', '2018-7-14'),
('6980 Spruce Street', '3482507574', '2016-1-19'),
('9256 Cedar Court', '0118564299', '2023-8-26'),
('5669 Hickory Terrace', '5641588047', '2018-6-20'),
('6780 Cedar Boulevard', '7574719654', '2016-2-19'),
('1064 Spruce Avenue', '1946566963', '2018-1-18'),
('6780 Cedar Boulevard', '1294029177', '2023-11-23'),
('2059 Cedar Circle', '7799892812', '2017-5-14'),
('5841 Magnolia Circle', '0726076131', '2023-4-18'),
('5841 Magnolia Circle', '1299271064', '2021-4-14'),
('5971 Birch Avenue', '3299805453', '2017-8-14'),
('0658 Oak Way', '1299271064', '2023-7-12'),
('2971 Oak Street', '0409901631', '2022-2-16'),
('6980 Spruce Street', '2582407277', '2021-6-10'),
('5730 Oak Lane', '1138447470', '2021-8-19'),
('3409 Elm Street', '1299271064', '2020-3-1'),
('9256 Cedar Court', '2177754881', '2022-4-2'),
('0658 Oak Way', '0371544255', '2015-3-6'),
('6464 Willow Drive', '0409901631', '2018-8-13'),
('6780 Cedar Boulevard', '9214766121', '2020-5-26'),
('5841 Magnolia Circle', '0118564299', '2023-8-20'),
('6780 Cedar Boulevard', '1962479058', '2018-8-24');

INSERT INTO lives_with VALUES
('1299271064', '2434419419', 'Parent'),
('1233239315', '7799892812', 'Non-Parent Dependent'),
('9421818123', '1946566963', 'Non-Parent Dependent'),
('7836763333', '0118564299', 'Partner'),
('7550628627', '1233239315', 'Partner'),
('8115807560', '3204976019', 'Non-Parent Dependent'),
('7598959029', '0286139697', 'Partner'),
('5661399196', '0726076131', 'Roommate'),
('1946566963', '3204976019', 'Parent'),
('0371544255', '1294029177', 'Children'),
('8531748847', '0118564299', 'Roommate'),
('8115807560', '5641588047', 'Roommate'),
('7598959029', '7799892812', 'Children'),
('1233239315', '9051173662', 'Partner'),
('2582407277', '0118564299', 'Non-Parent Dependent'),
('9051173662', '1042100953', 'Non-Parent Dependent'),
('0371544255', '9741541772', 'Partner'),
('7550628627', '6271201229', 'Parent'),
('1946566963', '7799892812', 'Roommate'),
('0118564299', '9421818123', 'Non-Parent Dependent'),
('2177754881', '1962479058', 'Non-Parent Dependent'),
('9741541772', '9214766121', 'Children'),
('3482507574', '1294029177', 'Partner'),
('2582407277', '3482507574', 'Partner'),
('0371544255', '0118564299', 'Roommate'),
('7836763333', '2177754881', 'Roommate'),
('3204976019', '0286139697', 'Children'),
('0409901631', '7598959029', 'Non-Parent Dependent'),
('1946566963', '6490024729', 'Partner'),
('1946566963', '5661399196', 'Non-Parent Dependent'),
('7836763333', '0409901631', 'Non-Parent Dependent'),
('0371544255', '1294029177', 'Parent'),
('2177754881', '9051173662', 'Parent'),
('1042100953', '1459980966', 'Roommate'),
('3482507574', '0286139697', 'Parent'),
('3299805453', '2177754881', 'Parent'),
('8115807560', '1233239315', 'Partner'),
('0118564299', '2151203141', 'Children'),
('5661399196', '0371544255', 'Children'),
('3482507574', '3050953696', 'Roommate');

INSERT INTO Infection VALUES
('2021-4-6', 'SARS-Cov-2 Variant', 6, '6271201229'),
('2021-6-20', 'COVID-19', 13, '4491934893'),
('2021-3-14', 'SARS-Cov-2 Variant', 4, '2582407277'),
('2020-6-5', 'SARS-Cov-2 Variant', 10, '0371544255'),
('2020-9-21', 'SARS-Cov-2 Variant', 1, '3482507574'),
('2021-6-14', 'COVID-19', 6, '1962479058'),
('2022-4-23', 'Other', 4, '6270729101'),
('2022-9-8', 'COVID-19', 6, '7836763333'),
('2020-1-8', 'SARS-Cov-2 Variant', 3, '1299271064'),
('2022-7-10', 'COVID-19', 11, '8115807560'),
('2021-6-10', 'SARS-Cov-2 Variant', 2, '7598959029'),
('2020-8-2', 'Other', 11, '2582407277'),
('2020-11-6', 'SARS-Cov-2 Variant', 9, '0726076131'),
('2020-10-8', 'COVID-19', 7, '3299805453'),
('2022-7-24', 'COVID-19', 1, '9051173662'),
('2023-3-4', 'Other', 4, '9421818123'),
('2022-9-23', 'Other', 4, '3050953696'),
('2020-11-10', 'COVID-19', 2, '0286139697'),
('2022-8-16', 'SARS-Cov-2 Variant', 11, '2151203141'),
('2020-1-25', 'SARS-Cov-2 Variant', 10, '3050953696'),
('2023-9-27', 'Other', 12, '1946566963'),
('2021-2-16', 'SARS-Cov-2 Variant', 9, '0371544255'),
('2022-1-25', 'Other', 2, '2151203141'),
('2023-1-11', 'SARS-Cov-2 Variant', 7, '1042100953'),
('2020-1-7', 'COVID-19', 12, '1233239315'),
('2020-10-25', 'Other', 8, '3050953696'),
('2023-1-23', 'COVID-19', 7, '1138447470'),
('2021-9-20', 'SARS-Cov-2 Variant', 5, '3050953696'),
('2022-2-1', 'SARS-Cov-2 Variant', 4, '6490024729'),
('2020-3-12', 'COVID-19', 7, '7799892812'),
('2021-2-17', 'SARS-Cov-2 Variant', 8, '3299805453'),
('2021-5-5', 'COVID-19', 5, '7574719654'),
('2023-5-9', 'SARS-Cov-2 Variant', 1, '0286139697'),
('2021-3-5', 'SARS-Cov-2 Variant', 11, '1042100953'),
('2022-4-5', 'COVID-19', 3, '9051173662'),
('2023-6-14', 'COVID-19', 2, '1459980966'),
('2022-6-6', 'Other', 12, '1962479058'),
('2023-4-11', 'SARS-Cov-2 Variant', 9, '3299805453'),
('2022-3-26', 'COVID-19', 11, '1138447470'),
('2020-6-20', 'SARS-Cov-2 Variant', 10, '2177754881'),
('2020-10-20', 'Other', 11, '8115807560'),
('2022-7-19', 'Other', 3, '7598959029'),
('2022-4-2', 'Other', 8, '9051173662'),
('2020-10-20', 'COVID-19', 13, '1675417598'),
('2023-6-20', 'SARS-Cov-2 Variant', 10, '1946566963'),
('2020-10-18', 'COVID-19', 10, '2434419419'),
('2023-11-2', 'COVID-19', 6, '0118564299'),
('2022-6-9', 'SARS-Cov-2 Variant', 12, '1233239315'),
('2021-9-22', 'Other', 7, '9741541772'),
('2022-7-8', 'SARS-Cov-2 Variant', 3, '1138447470');

INSERT INTO Vaccine VALUES
(1, 'AstraZeneca', '2023-10-14', '9214766121', 'LifeResearch'),
(2, 'Johnson & Johnson', '2020-7-2', '5661399196', 'BioBioTech'),
(3, 'AstraZeneca', '2020-1-7', '1675417598', 'HealthPharmaTech'),
(3, 'AstraZeneca', '2022-8-20', '4491934893', 'VitaLab'),
(1, 'Pfizer', '2020-7-6', '9421818123', 'BioTech'),
(3, 'AstraZeneca', '2021-8-22', '1138447470', 'CureResearch'),
(1, 'Moderna', '2023-2-20', '2582407277', 'CarePharmaCare'),
(3, 'Johnson & Johnson', '2021-1-12', '7550628627', 'CureBioTech'),
(2, 'Moderna', '2023-6-19', '1946566963', 'CareTech'),
(2, 'Johnson & Johnson', '2023-7-12', '7799892812', 'CareTech'),
(1, 'AstraZeneca', '2020-3-18', '4491934893', 'LifePharm'),
(2, 'Pfizer', '2021-9-5', '8115807560', 'VitaLab'),
(1, 'Johnson & Johnson', '2020-6-26', '9051173662', 'VitaPharm'),
(3, 'Moderna', '2023-9-26', '7598959029', 'CareTech'),
(1, 'Johnson & Johnson', '2021-1-5', '8115807560', 'LifeResearch'),
(1, 'Johnson & Johnson', '2022-6-2', '3482507574', 'BioSolutions'),
(1, 'AstraZeneca', '2022-4-24', '7799892812', 'CareHealthcare'),
(3, 'AstraZeneca', '2023-3-20', '0409901631', 'CareHealthcare'),
(3, 'Johnson & Johnson', '2020-5-24', '2434419419', 'HealthMed'),
(2, 'AstraZeneca', '2021-8-5', '3050953696', 'LifeSolutions'),
(1, 'Moderna', '2022-7-20', '6490024729', 'PharmaPharm'),
(1, 'Pfizer', '2021-9-16', '0286139697', 'VitaTech'),
(1, 'Johnson & Johnson', '2022-2-26', '2434419419', 'CareHealthcare'),
(3, 'Pfizer', '2023-10-17', '6270729101', 'BioBioTech'),
(3, 'Moderna', '2021-6-16', '2582407277', 'PharmaMed'),
(2, 'Pfizer', '2021-9-27', '1294029177', 'BioTech'),
(2, 'Pfizer', '2021-1-18', '6490024729', 'TheraPharmaTech'),
(2, 'Johnson & Johnson', '2021-11-16', '5641588047', 'CareHealthcare'),
(3, 'Pfizer', '2021-10-26', '7836763333', 'CureResearch'),
(3, 'Moderna', '2020-9-11', '1459980966', 'CareTech'),
(1, 'Moderna', '2020-8-15', '4491934893', 'BioSolutions'),
(3, 'Moderna', '2022-8-17', '3050953696', 'CureResearch'),
(2, 'Pfizer', '2021-8-6', '7574719654', 'GenResearch'),
(1, 'Moderna', '2022-9-20', '6490024729', 'PharmaBioTech'),
(3, 'AstraZeneca', '2020-11-19', '5449522599', 'TheraPharmaTech'),
(2, 'Johnson & Johnson', '2023-9-8', '3204976019', 'HealthPharmaTech'),
(2, 'Moderna', '2023-1-13', '2151203141', 'PharmaMed'),
(1, 'AstraZeneca', '2023-11-26', '6271201229', 'CareTech'),
(1, 'Pfizer', '2022-6-21', '7574719654', 'CureBioTech'),
(1, 'Moderna', '2021-8-14', '6490024729', 'PharmaPharm'),
(2, 'Pfizer', '2022-8-25', '1459980966', 'LifePharm'),
(3, 'Moderna', '2021-11-21', '3050953696', 'HealthPharmaTech'),
(1, 'Johnson & Johnson', '2023-6-17', '5449522599', 'CarePharmaCare'),
(1, 'Moderna', '2023-3-10', '5449522599', 'VitaPharm'),
(3, 'Pfizer', '2020-8-18', '2151203141', 'BioBioTech');

INSERT INTO Schedule VALUES
('2023-9-10', '2021-7-12 1:26:53', '2023-6-13 1:32:42', 'CareHealthcare', '0409901631'),
('2020-4-14', '2018-8-8 6:10:35', '2019-7-15 6:8:38', 'LifeResearch', '1042100953'),
('2018-8-13', '2020-7-18 14:30:41', '2022-6-12 18:53:26', 'HealthMed', '7799892812'),
('2018-6-18', '2019-5-1 13:33:37', '2020-7-8 10:14:36', 'BioBioTech', '9051173662'),
('2022-5-18', '2022-4-1 3:43:52', '2023-6-19 2:23:10', 'BioBioTech', '0118564299'),
('2023-10-16', '2021-11-18 8:11:51', '2023-3-7 12:25:6', 'CarePharmaCare', '2177754881'),
('2018-8-22', '2020-3-23 21:45:14', '2023-9-8 11:20:2', 'VitaPharm', '7574719654'),
('2022-4-1', '2022-2-20 12:53:47', '2022-5-20 18:51:46', 'CareResearch', '3482507574'),
('2020-4-24', '2018-4-12 20:49:50', '2023-6-7 12:3:51', 'CarePharmaCare', '7550628627'),
('2019-1-26', '2023-5-24 19:37:49', '2023-11-4 13:11:57', 'LifePharm', '9051173662'),
('2017-8-13', '2023-6-12 4:44:8', '2023-9-19 8:56:29', 'PharmaPharmaCare', '2177754881'),
('2023-10-6', '2019-9-15 18:14:36', '2021-3-19 20:27:51', 'PharmaMed', '0371544255'),
('2020-2-21', '2023-3-16 21:45:44', '2023-5-11 16:40:37', 'VitaPharm', '1138447470'),
('2023-9-11', '2021-3-8 18:40:28', '2021-5-19 5:31:48', 'LifeSolutions', '0286139697'),
('2021-4-27', '2022-11-16 18:41:32', '2023-8-5 11:56:47', 'VitaLab', '1962479058'),
('2021-2-12', '2021-9-12 14:38:39', '2022-2-6 15:20:55', 'BioSolutions', '1042100953'),
('2020-3-6', '2019-11-17 9:29:41', '2023-11-20 2:45:11', 'VitaLab', '6490024729'),
('2023-8-8', '2022-11-25 12:1:57', '2023-3-3 3:11:42', 'TheraPharmaTech', '3299805453'),
('2018-5-27', '2018-5-21 15:42:6', '2018-6-26 15:27:2', 'BioTech', '1233239315'),
('2023-7-5', '2019-5-14 16:29:9', '2020-7-11 23:49:46', 'CureBioTech', '7574719654'),
('2022-4-2', '2019-2-14 6:10:18', '2023-11-4 7:3:29', 'HealthPharmaTech', '1459980966'),
('2021-8-11', '2022-4-24 15:4:48', '2023-6-5 21:51:29', 'PharmaPharmaCare', '8531748847'),
('2020-1-27', '2020-10-3 11:50:14', '2021-3-16 3:4:33', 'VitaPharm', '8531748847'),
('2019-7-24', '2022-8-17 21:32:5', '2023-1-23 21:8:37', 'CureBioTech', '1946566963'),
('2020-6-18', '2022-1-5 11:50:52', '2023-6-7 17:40:52', 'CureBioTech', '1042100953'),
('2017-4-8', '2021-8-19 23:23:20', '2022-1-23 19:36:1', 'BioTech', '7836763333'),
('2022-10-25', '2019-4-10 2:57:58', '2020-8-7 20:30:18', 'CareHealthcare', '1946566963'),
('2021-4-26', '2023-5-7 12:30:16', '2023-8-8 3:52:41', 'PharmaPharm', '1042100953'),
('2018-4-25', '2021-3-27 17:28:55', '2021-5-8 18:50:37', 'HealthMed', '0409901631'),
('2018-5-3', '2019-11-21 3:7:40', '2020-11-24 11:14:12', 'CarePharmaCare', '8115807560');


