INSERT INTO Residence VALUES
('4665 Pine Road', 'Guelph', 'British Columbia', 'J65 6K0', '6660524992', 6, 'Apartment'),
('8088 Hickory Road', 'Saint-Jérôme', 'Prince Edward Island', 'G53 3Q0', '6102361096', 5, 'House'),
('9554 Maple Street', 'Calgary', 'Nova Scotia', 'H54 6A1', '6143062660', 2, 'Semi-Detached House'),
('0812 Pine Lane', 'Abbotsford', 'Northwest Territories', 'L21 3Y3', '5614368423', 7, 'House'),
('7302 Willow Avenue', 'Newmarket', 'Saskatchewan', 'D09 0V6', '6324356511', 5, 'Apartment'),
('9290 Cedar Boulevard', 'Norfolk County', 'British Columbia', 'B28 9P6', '4255015392', 2, 'Apartment'),
('1970 Oak Street', 'Moncton', 'Northwest Territories', 'V91 5R0', '5385893402', 4, 'Semi-Detached House'),
('6011 Elm Street', 'Barrie', 'Quebec', 'Q89 4J9', '4963611821', 2, 'House'),
('7409 Oak Way', 'Cornwall', 'Alberta', 'Q65 1V0', '8540949167', 1, 'Apartment'),
('9089 Spruce Road', 'St. Johns', 'Alberta', 'G00 5G6', '3101670835', 5, 'House'),
('6040 Magnolia Lane', 'Kelowna', 'Newfoundland and Labrador', 'G91 5G4', '9828384480', 6, 'Semi-Detached House'),
('6488 Willow Court', 'Prince George', 'Newfoundland and Labrador', 'L30 6N4', '9498966828', 5, 'Apartment'),
('9499 Spruce Terrace', 'North Bay', 'Quebec', 'L85 6P4', '6999507297', 6, 'Condominium'),
('0470 Spruce Boulevard', 'Kingston', 'Newfoundland and Labrador', 'Z93 4N5', '3550896765', 7, 'Apartment'),
('3194 Maple Terrace', 'Lethbridge', 'British Columbia', 'W54 9S8', '9716026225', 2, 'House'),
('9729 Oak Boulevard', 'Oshawa', 'British Columbia', 'K97 6O3', '4427534465', 1, 'Semi-Detached House'),
('8838 Cedar Circle', 'Ottawa', 'Saskatchewan', 'V96 3K4', '3189922799', 2, 'House'),
('8953 Spruce Street', 'Belleville', 'Manitoba', 'K32 1V6', '8513369106', 2, 'Apartment'),
('2706 Magnolia Avenue', 'Winnipeg', 'Prince Edward Island', 'M83 0K2', '6032126908', 1, 'Semi-Detached House'),
('3702 Pine Drive', 'Medicine Hat', 'Nova Scotia', 'E63 0S0', '4536941413', 2, 'Condominium'),
('2415 Oak Avenue', 'Kitchener', 'Northwest Territories', 'T68 9A9', '3543801388', 2, 'House'),
('9750 Magnolia Drive', 'Hamilton', 'Saskatchewan', 'X14 0W9', '3454745975', 2, 'Semi-Detached House'),
('7860 Hickory Court', 'Victoria', 'British Columbia', 'A00 4X1', '5156035390', 2, 'Condominium'),
('2027 Elm Drive', 'Mirabel', 'Northwest Territories', 'T05 0G5', '9736575516', 2, 'Condominium'),
('2412 Hickory Avenue', 'Sherbrooke', 'Saskatchewan', 'L35 8S3', '8462285000', 2, 'House'),
('7528 Maple Way', 'Victoriaville', 'Northwest Territories', 'R31 1P5', '7304057595', 3, 'Semi-Detached House'),
('7477 Magnolia Court', 'Aurora', 'British Columbia', 'J97 4I7', '6475153408', 5, 'Semi-Detached House'),
('1570 Willow Circle', 'Drummondville', 'Nova Scotia', 'U42 8I0', '5759901745', 7, 'Condominium'),
('2040 Cedar Avenue', 'Toronto', 'Saskatchewan', 'I50 9W5', '8421635023', 6, 'House'),
('1376 Oak Road', 'Peterborough', 'Prince Edward Island', 'V46 2U3', '6294326841', 3, 'Semi-Detached House'),
('2790 Birch Court', 'Saint John', 'Alberta', 'F55 5Q9', '9923072553', 7, 'Condominium'),
('5342 Maple Lane', 'Saint-Hyacinthe', 'New Brunswick', 'J36 6X7', '6700017092', 2, 'Semi-Detached House'),
('6131 Willow Street', 'Red Deer', 'Nova Scotia', 'W58 2C8', '6297831282', 1, 'House'),
('5123 Pine Boulevard', 'Edmonton', 'British Columbia', 'G69 9S7', '2199091503', 6, 'Condominium'),
('7147 Birch Drive', 'Saskatoon', 'Nunavut', 'L01 4F4', '9251793356', 5, 'Semi-Detached House'),
('7113 Hickory Boulevard', 'Montreal', 'Newfoundland and Labrador', 'T99 7N8', '7810051079', 2, 'House'),
('5197 Maple Court', 'Trois-Rivieres', 'New Brunswick', 'C42 0T1', '5288418064', 4, 'House'),
('3454 Maple Circle', 'White Rock', 'New Brunswick', 'C19 6K0', '9447571797', 1, 'Apartment'),
('9547 Spruce Drive', 'Windsor', 'Newfoundland and Labrador', 'L93 1L2', '8397223896', 1, 'Semi-Detached House'),
('1390 Hickory Way', 'Regina', 'Northwest Territories', 'R85 0P3', '9703793103', 6, 'House');

INSERT INTO Person VALUES
('2260500948', 'Mason', 'Hernandez', '1986-11-20', 'E615419501', '3735866182', 'Canadian', 'masonhernandez02@gmail.com', 'Veterinarian', '8953 Spruce Street'),
('0352805595', 'Aria', 'Hall', '2008-8-18', 'W269747630', '3177357061', 'Canadian', 'ariahall02@gmail.com', 'Fashion Designer', '9547 Spruce Drive'),
('1205563516', 'Sofia', 'Garcia', '1971-4-2', 'Q406461441', '6519112981', 'Canadian', 'sofiagarcia56@gmail.com', 'Construction Worker', '3702 Pine Drive'),
('6121341357', 'Riley', 'Carter', '1996-10-9', 'K042432236', '9039590574', 'Canadian', 'rileycarter53@gmail.com', 'Meteorologist', '6040 Magnolia Lane'),
('2086201006', 'Amelia', 'Martinez', '2011-6-23', 'N336986053', '8744752055', 'Canadian', 'ameliamartinez78@gmail.com', 'Bartender', '2040 Cedar Avenue'),
('5257955021', 'Sophia', 'Wright', '1950-3-5', 'D433827039', '2284474325', 'Canadian', 'sophiawright68@gmail.com', 'Sales Representative', '6011 Elm Street'),
('6191543408', 'Aria', 'Garcia', '1980-5-13', 'U801650546', '9780320939', 'Canadian', 'ariagarcia50@gmail.com', 'Chemist', '2415 Oak Avenue'),
('7612042517', 'Charlotte', 'Green', '1954-10-7', 'O803092612', '3363438603', 'Canadian', 'charlottegreen76@gmail.com', 'Real Estate Agent', '8953 Spruce Street'),
('2331224098', 'Noah', 'Nelson', '2017-2-21', 'M857300326', '2432534367', 'Canadian', 'noahnelson47@gmail.com', 'Lawyer', '6488 Willow Court'),
('3075212018', 'Sophia', 'Rodriguez', '1964-3-7', 'X039817754', '6713230229', 'Canadian', 'sophiarodriguez95@gmail.com', 'Artist', '9290 Cedar Boulevard'),
('2178414967', 'Henry', 'Johnson', '2020-4-18', 'J576068170', '6101783332', 'Canadian', 'henryjohnson08@gmail.com', 'Actor', '8953 Spruce Street'),
('0303612982', 'Noah', 'Lee', '1990-9-2', 'G251336213', '6851887245', 'Canadian', 'noahlee40@gmail.com', 'Fitness Trainer', '7147 Birch Drive'),
('4726571017', 'Jackson', 'White', '1955-7-26', 'B177415450', '7008221131', 'Canadian', 'jacksonwhite54@gmail.com', 'Chef', '5123 Pine Boulevard'),
('9670592853', 'Samuel', 'Wright', '1990-9-7', 'K015865071', '6289680155', 'Canadian', 'samuelwright41@gmail.com', 'Translator', '9729 Oak Boulevard'),
('7696348020', 'Mason', 'Lee', '1994-9-10', 'F526161417', '5689970050', 'Canadian', 'masonlee44@gmail.com', 'Social Worker', '7302 Willow Avenue'),
('2181430456', 'Ava', 'Parker', '2001-5-17', 'U920202376', '6616735703', 'Canadian', 'avaparker82@gmail.com', 'Pilot', '9547 Spruce Drive'),
('1783801804', 'Aiden', 'Perez', '1981-7-13', 'D951487193', '5577857068', 'Canadian', 'aidenperez72@gmail.com', 'Police Officer', '2027 Elm Drive'),
('8411002008', 'Carter', 'Harris', '1985-5-14', 'L931217793', '4094145492', 'Canadian', 'carterharris70@gmail.com', 'Graphic Designer', '8838 Cedar Circle'),
('9082649065', 'Carter', 'Thomas', '1948-1-9', 'F262049151', '3390462431', 'Canadian', 'carterthomas63@gmail.com', 'Doctor', '3454 Maple Circle'),
('8806598946', 'Sebastian', 'White', '2014-6-2', 'L993316124', '8050924819', 'Canadian', 'sebastianwhite61@gmail.com', 'Carpenter', '3702 Pine Drive'),
('3413450348', 'Samuel', 'Clark', '1995-10-18', 'E638873246', '4159755880', 'Canadian', 'samuelclark59@gmail.com', 'Dentist', '4665 Pine Road'),
('7038111419', 'Elijah', 'Thompson', '1996-3-11', 'U305649592', '4193667815', 'Canadian', 'elijahthompson95@gmail.com', 'Marketing Manager', '1376 Oak Road'),
('0698128072', 'William', 'Turner', '1973-5-12', 'Q378952226', '7782372868', 'Canadian', 'williamturner59@gmail.com', 'Financial Analyst', '9729 Oak Boulevard'),
('2288361610', 'Chloe', 'Walker', '1997-5-27', 'E279635182', '5844086252', 'Canadian', 'chloewalker52@gmail.com', 'HR Manager', '0812 Pine Lane'),
('7927185362', 'Benjamin', 'Evans', '1980-10-14', 'V449334763', '4554370644', 'Canadian', 'benjaminevans95@gmail.com', 'Librarian', '9499 Spruce Terrace'),
('8137925815', 'Emma', 'Moore', '1956-3-7', 'T233411045', '2627103455', 'Canadian', 'emmamoore15@gmail.com', 'Writer', '2415 Oak Avenue'),
('8317668780', 'William', 'Johnson', '1957-9-21', 'H810786533', '8834775795', 'Canadian', 'williamjohnson64@gmail.com', 'Paramedic', '2790 Birch Court'),
('9906160429', 'Henry', 'Martin', '1940-2-6', 'A757861554', '8921425375', 'Canadian', 'henrymartin20@gmail.com', 'Photographer', '7302 Willow Avenue'),
('3762716369', 'Elizabeth', 'Robinson', '1972-4-2', 'F984341925', '4522517637', 'Canadian', 'elizabethrobinson20@gmail.com', 'Engineer', '7147 Birch Drive'),
('8890592393', 'Riley', 'Scott', '1952-4-5', 'W830507284', '8264331421', 'Canadian', 'rileyscott76@gmail.com', 'Journalist', '2415 Oak Avenue'),
('8649452849', 'Elizabeth', 'Anderson', '2017-10-19', 'G061694147', '5848687300', 'Canadian', 'elizabethanderson75@gmail.com', 'Marine Biologist', '8088 Hickory Road'),
('4152762929', 'Alexander', 'Gonzalez', '2016-3-15', 'D897529245', '7042679928', 'Canadian', 'alexandergonzalez74@gmail.com', 'Interior Designer', '1570 Willow Circle'),
('8919843155', 'Elijah', 'Taylor', '2001-8-3', 'R297207358', '5411856314', 'Canadian', 'elijahtaylor53@gmail.com', 'Software Developer', '1570 Willow Circle'),
('0467803436', 'Samuel', 'Smith', '1955-8-24', 'F327371601', '3788524367', 'Canadian', 'samuelsmith83@gmail.com', 'Electrician', '2415 Oak Avenue'),
('2254257847', 'Evelyn', 'Campbell', '1948-1-23', 'P180918084', '4269663772', 'Canadian', 'evelyncampbell09@gmail.com', 'Teacher', '1570 Willow Circle'),
('0373966920', 'Sebastian', 'Perez', '1971-4-1', 'M083007525', '2659439770', 'Canadian', 'sebastianperez77@gmail.com', 'Web Designer', '5123 Pine Boulevard'),
('1648698087', 'Noah', 'Perez', '1960-1-24', 'Y108609468', '5870953355', 'Canadian', 'noahperez35@gmail.com', 'Nurse', '2790 Birch Court'),
('9706360047', 'Daniel', 'Thomas', '2023-4-22', 'C958417006', '9179026145', 'Canadian', 'danielthomas76@gmail.com', 'Mechanic', '7409 Oak Way'),
('0433667485', 'Aiden', 'Adams', '1949-1-21', 'M685384186', '9214038334', 'Canadian', 'aidenadams38@gmail.com', 'Plumber', '7113 Hickory Boulevard'),
('7377793685', 'Evelyn', 'Nelson', '1971-9-1', 'P391985693', '2409591147', 'Canadian', 'evelynnelson74@gmail.com', 'Economist', '6131 Willow Street');

INSERT INTO Employee VALUES
('9082649065', 'Administrative Personnel'),
('4726571017', 'Pharmacist'),
('8890592393', 'Administrative Personnel'),
('4152762929', 'Regular Employee'),
('2260500948', 'Pharmacist'),
('0373966920', 'Receptionist'),
('1205563516', 'Security Personnel'),
('1648698087', 'Nurse'),
('1783801804', 'Pharmacist'),
('8919843155', 'Receptionist'),
('0433667485', 'Cashier'),
('2181430456', 'Receptionist'),
('9706360047', 'Administrative Personnel'),
('5257955021', 'Administrative Personnel'),
('7377793685', 'Regular Employee'),
('3413450348', 'Regular Employee'),
('0352805595', 'Cashier'),
('2254257847', 'Administrative Personnel'),
('3075212018', 'Nurse'),
('6121341357', 'Administrative Personnel'),
('2086201006', 'Security Personnel'),
('7696348020', 'Regular Employee'),
('0303612982', 'Cashier'),
('0698128072', 'Nurse'),
('2178414967', 'Pharmacist'),
('8317668780', 'Security Personnel'),
('8806598946', 'Cashier'),
('9906160429', 'Nurse'),
('7927185362', 'Receptionist'),
('3762716369', 'Receptionist'),
('0467803436', 'Cashier'),
('7612042517', 'Regular Employee'),
('8411002008', 'Cashier'),
('8649452849', 'Pharmacist'),
('9670592853', 'Nurse');

INSERT INTO Facility VALUES
('MediPharmaTech 8212', '5297 Oak Circle', 'Trois-Rivieres', 'Quebec', 'L45 9A0', '3768330894', 'www.medipharmatech8212878.org', 'CLSC', 292, '3413450348'),
('LifeLab 5954', '4084 Magnolia Street', 'St. Albert', 'Northwest Territories', 'L13 1F3', '9131436075', 'www.lifelab5954409.org', 'Special Instalment', 31, '0352805595'),
('BioLab 9950', '3872 Birch Court', 'Edmonton', 'Nova Scotia', 'C31 8Z7', '9810190992', 'www.biolab9950209.org', 'Hospital', 863, '8317668780'),
('HealthLab 0790', '5238 Willow Terrace', 'Sherbrooke', 'Nova Scotia', 'I28 7Q4', '4155141644', 'www.healthlab0790078.org', 'Hospital', 267, '8919843155'),
('BioTech 9585', '3797 Birch Terrace', 'Montreal', 'Northwest Territories', 'G76 0C5', '8275143841', 'www.biotech9585366.org', 'Clinic', 244, '1205563516'),
('PharmaPharm 9081', '1294 Pine Avenue', 'Abbotsford', 'Prince Edward Island', 'R08 4N1', '4213980730', 'www.pharmapharm9081847.org', 'Pharmacy', 476, '2254257847'),
('CarePharmaCare 5504', '5284 Elm Avenue', 'Windsor', 'Prince Edward Island', 'R08 9P2', '8605473268', 'www.carepharmacare5504292.org', 'Clinic', 721, '8919843155'),
('MediPharm 2918', '3004 Maple Road', 'Oshawa', 'Ontario', 'Y18 9G3', '5873570543', 'www.medipharm2918209.org', 'CLSC', 130, '5257955021'),
('GenTech 0525', '8901 Birch Way', 'Halifax', 'Prince Edward Island', 'V93 5U4', '6744270634', 'www.gentech0525888.org', 'CLSC', 971, '9706360047'),
('BioResearch 9534', '8902 Hickory Terrace', 'Winnipeg', 'Nunavut', 'D62 2U2', '2244782006', 'www.bioresearch9534358.org', 'Hospital', 407, '8919843155'),
('CureHealthcare 9057', '2010 Willow Boulevard', 'St. Johns', 'Nunavut', 'Z67 4I2', '9523657629', 'www.curehealthcare9057288.org', 'Hospital', 211, '2178414967'),
('CureMed 9116', '3595 Elm Road', 'Saint-Hyacinthe', 'Ontario', 'W89 6Q9', '2017730299', 'www.curemed9116504.org', 'Hospital', 397, '7696348020'),
('HealthPharmaCare 2948', '6953 Hickory Way', 'Red Deer', 'Manitoba', 'E32 2X8', '6083110711', 'www.healthpharmacare2948009.org', 'Clinic', 927, '9706360047'),
('CurePharmaTech 8256', '6402 Cedar Street', 'Vancouver', 'New Brunswick', 'E61 8Q6', '4721040004', 'www.curepharmatech8256004.org', 'Special Instalment', 347, '1783801804'),
('MediPharmaCare 2661', '9218 Maple Terrace', 'Belleville', 'Saskatchewan', 'U07 9J2', '3647351139', 'www.medipharmacare2661953.org', 'Hospital', 429, '2254257847'),
('PharmaResearch 5725', '7582 Willow Avenue', 'Norfolk County', 'Nova Scotia', 'J30 0Q2', '9429379536', 'www.pharmaresearch5725301.org', 'Clinic', 997, '2086201006'),
('GenLab 9800', '2404 Birch Avenue', 'Calgary', 'Quebec', 'Y03 2L9', '7848615552', 'www.genlab9800176.org', 'CLSC', 37, '4726571017'),
('BioPharmaCare 6479', '3692 Willow Lane', 'Medicine Hat', 'Nova Scotia', 'T80 7Q2', '9954338930', 'www.biopharmacare6479383.org', 'Special Instalment', 764, '3413450348'),
('MediBioTech 0882', '8706 Hickory Court', 'Guelph', 'Alberta', 'N97 4X1', '6857354762', 'www.medibiotech0882752.org', 'CLSC', 635, '5257955021'),
('LifePharmaTech 0417', '4882 Cedar Terrace', 'Kitchener', 'Alberta', 'Q62 8W6', '2282997159', 'www.lifepharmatech0417723.org', 'Special Instalment', 615, '7927185362'),
('CarePharm 9378', '5811 Spruce Boulevard', 'Saint-Jérôme', 'Saskatchewan', 'W37 4A6', '6349475408', 'www.carepharm9378454.org', 'Pharmacy', 347, '0373966920'),
('HealthBioTech 0461', '6775 Oak Terrace', 'Hamilton', 'New Brunswick', 'J68 4F9', '9173281498', 'www.healthbiotech0461482.org', 'Pharmacy', 638, '0467803436'),
('TheraHealthcare 9847', '6392 Willow Way', 'Regina', 'New Brunswick', 'L61 9V8', '5207837411', 'www.therahealthcare9847670.org', 'Pharmacy', 898, '8890592393'),
('PharmaHealthcare 4501', '7635 Elm Circle', 'Moncton', 'Prince Edward Island', 'B09 5Y2', '4827660870', 'www.pharmahealthcare4501529.org', 'Pharmacy', 202, '8919843155'),
('TheraPharmaCare 6756', '9055 Pine Court', 'Aurora', 'Nova Scotia', 'J44 6O7', '2014854426', 'www.therapharmacare6756384.org', 'Hospital', 415, '7696348020');

INSERT INTO Works_at VALUES
('8411002008', 'HealthLab 0790', '2016-8-16', '2016-10-24'),
('8806598946', 'MediPharmaCare 2661', '2023-9-14', '2023-11-27'),
('7612042517', 'HealthPharmaCare 2948', '2022-3-17', NULL),
('0467803436', 'CarePharm 9378', '2016-1-21', '2022-11-23'),
('2178414967', 'BioLab 9950', '2023-4-25', NULL),
('9706360047', 'BioResearch 9534', '2020-10-4', '2022-6-4'),
('1205563516', 'TheraHealthcare 9847', '2023-8-11', NULL),
('4152762929', 'CureMed 9116', '2016-3-23', '2017-3-5'),
('0373966920', 'GenTech 0525', '2023-10-4', NULL),
('7612042517', 'TheraHealthcare 9847', '2021-11-8', NULL),
('8411002008', 'LifeLab 5954', '2016-1-27', '2021-7-15'),
('0467803436', 'CarePharm 9378', '2017-11-9', '2020-10-23'),
('4726571017', 'PharmaHealthcare 4501', '2023-2-12', '2023-5-4'),
('1648698087', 'PharmaHealthcare 4501', '2021-11-12', NULL),
('7377793685', 'HealthBioTech 0461', '2016-8-24', NULL),
('0373966920', 'BioTech 9585', '2018-5-27', '2020-8-15'),
('8890592393', 'PharmaPharm 9081', '2022-8-17', '2023-7-9'),
('3413450348', 'GenLab 9800', '2017-7-6', '2020-8-5'),
('2260500948', 'CarePharmaCare 5504', '2016-10-13', NULL),
('8649452849', 'MediPharmaCare 2661', '2019-4-13', '2019-5-14'),
('0433667485', 'HealthBioTech 0461', '2019-8-26', NULL),
('2254257847', 'CureMed 9116', '2015-7-27', NULL),
('9082649065', 'CarePharmaCare 5504', '2021-9-16', '2023-11-3'),
('4152762929', 'TheraHealthcare 9847', '2019-10-11', NULL),
('1783801804', 'BioLab 9950', '2022-10-5', '2023-7-14'),
('2181430456', 'GenTech 0525', '2019-10-1', '2021-8-2'),
('3075212018', 'CarePharmaCare 5504', '2020-10-26', '2020-11-19'),
('8317668780', 'HealthPharmaCare 2948', '2017-7-27', '2023-5-15'),
('7696348020', 'CarePharmaCare 5504', '2023-5-25', NULL),
('1783801804', 'BioTech 9585', '2018-4-26', NULL),
('8649452849', 'LifeLab 5954', '2018-5-12', NULL),
('7612042517', 'BioPharmaCare 6479', '2023-7-3', NULL),
('4152762929', 'CurePharmaTech 8256', '2022-11-14', '2023-10-3'),
('0698128072', 'BioResearch 9534', '2019-6-16', NULL),
('8806598946', 'CureMed 9116', '2016-7-25', '2018-8-12'),
('0433667485', 'MediBioTech 0882', '2023-11-27', '2023-11-27'),
('2260500948', 'HealthBioTech 0461', '2019-11-16', '2022-3-12'),
('8411002008', 'HealthPharmaCare 2948', '2017-6-20', NULL),
('4152762929', 'HealthBioTech 0461', '2020-11-24', '2021-11-25'),
('2181430456', 'GenLab 9800', '2021-3-15', '2021-11-22');

INSERT INTO lives_in VALUES
('2412 Hickory Avenue', '9082649065', '2021-3-16'),
('8838 Cedar Circle', '0352805595', '2015-8-6'),
('8953 Spruce Street', '8890592393', '2022-1-10'),
('1570 Willow Circle', '3762716369', '2021-8-22'),
('9499 Spruce Terrace', '4152762929', '2018-7-8'),
('2412 Hickory Avenue', '7696348020', '2019-2-13'),
('3194 Maple Terrace', '2254257847', '2017-3-20'),
('5197 Maple Court', '8919843155', '2020-1-9'),
('9750 Magnolia Drive', '4726571017', '2018-11-26'),
('6011 Elm Street', '7612042517', '2018-2-6'),
('6488 Willow Court', '7038111419', '2018-11-20'),
('5197 Maple Court', '2254257847', '2022-8-25'),
('7477 Magnolia Court', '5257955021', '2020-11-2'),
('7113 Hickory Boulevard', '2086201006', '2018-1-8'),
('2790 Birch Court', '3413450348', '2018-2-6'),
('2412 Hickory Avenue', '9706360047', '2016-5-23'),
('3454 Maple Circle', '2254257847', '2015-8-17'),
('1376 Oak Road', '0303612982', '2015-3-15'),
('5342 Maple Lane', '7927185362', '2021-10-25'),
('1570 Willow Circle', '9670592853', '2016-8-16'),
('9750 Magnolia Drive', '2260500948', '2016-7-11'),
('7528 Maple Way', '8806598946', '2023-5-13'),
('8953 Spruce Street', '0433667485', '2016-7-21'),
('0470 Spruce Boulevard', '0373966920', '2020-1-13'),
('2415 Oak Avenue', '1205563516', '2022-3-10'),
('2790 Birch Court', '8411002008', '2017-11-16'),
('6011 Elm Street', '0433667485', '2017-7-15'),
('7860 Hickory Court', '1205563516', '2017-1-24'),
('2415 Oak Avenue', '7696348020', '2018-6-8'),
('0470 Spruce Boulevard', '0373966920', '2023-9-20'),
('6131 Willow Street', '3762716369', '2022-10-6'),
('8953 Spruce Street', '7612042517', '2020-11-19'),
('9290 Cedar Boulevard', '1783801804', '2021-7-7'),
('7147 Birch Drive', '8806598946', '2018-9-12'),
('5342 Maple Lane', '1205563516', '2017-11-23'),
('7147 Birch Drive', '2178414967', '2015-7-5'),
('2027 Elm Drive', '8919843155', '2016-11-16'),
('7302 Willow Avenue', '2254257847', '2016-1-2'),
('2412 Hickory Avenue', '9670592853', '2015-2-5'),
('2415 Oak Avenue', '9706360047', '2019-11-14');

INSERT INTO lives_with VALUES
('2178414967', '3762716369', 'Children'),
('9706360047', '2086201006', 'Non-Parent Dependent'),
('6121341357', '2178414967', 'Children'),
('4726571017', '8317668780', 'Roommate'),
('0352805595', '8890592393', 'Parent'),
('0698128072', '3413450348', 'Parent'),
('4152762929', '8890592393', 'Parent'),
('5257955021', '2260500948', 'Non-Parent Dependent'),
('0352805595', '6191543408', 'Children'),
('6121341357', '3413450348', 'Parent'),
('9906160429', '2086201006', 'Children'),
('3762716369', '6191543408', 'Parent'),
('2181430456', '8649452849', 'Non-Parent Dependent'),
('8919843155', '9670592853', 'Roommate'),
('8317668780', '5257955021', 'Children'),
('0433667485', '2288361610', 'Partner'),
('9082649065', '9670592853', 'Non-Parent Dependent'),
('0303612982', '9082649065', 'Roommate'),
('7377793685', '9706360047', 'Partner'),
('7612042517', '0352805595', 'Children'),
('8806598946', '1205563516', 'Children'),
('0303612982', '1648698087', 'Roommate'),
('9082649065', '7927185362', 'Parent'),
('7696348020', '4152762929', 'Children'),
('3413450348', '8919843155', 'Parent'),
('2086201006', '7612042517', 'Partner'),
('8919843155', '7038111419', 'Children'),
('0467803436', '2181430456', 'Partner'),
('2181430456', '1783801804', 'Children'),
('7612042517', '8411002008', 'Roommate'),
('3413450348', '0433667485', 'Roommate'),
('9082649065', '8806598946', 'Partner'),
('7612042517', '4152762929', 'Children'),
('0698128072', '8317668780', 'Children'),
('1783801804', '7038111419', 'Roommate'),
('5257955021', '2288361610', 'Children'),
('0352805595', '0303612982', 'Parent'),
('1648698087', '7038111419', 'Partner'),
('5257955021', '8317668780', 'Non-Parent Dependent'),
('1648698087', '2181430456', 'Roommate');

INSERT INTO Infection VALUES
('2023-11-23', 'COVID-19', 12, '0698128072'),
('2022-1-5', 'COVID-19', 6, '2086201006'),
('2021-7-9', 'SARS-Cov-2 Variant', 5, '0698128072'),
('2023-7-19', 'SARS-Cov-2 Variant', 3, '0373966920'),
('2021-2-26', 'SARS-Cov-2 Variant', 5, '0698128072'),
('2021-2-12', 'SARS-Cov-2 Variant', 7, '3413450348'),
('2023-4-12', 'Other', 1, '8919843155'),
('2021-11-3', 'Other', 5, '7377793685'),
('2023-9-16', 'Other', 5, '2331224098'),
('2020-11-21', 'SARS-Cov-2 Variant', 2, '8411002008'),
('2022-9-6', 'SARS-Cov-2 Variant', 10, '8806598946'),
('2022-6-22', 'SARS-Cov-2 Variant', 13, '8806598946'),
('2022-8-14', 'SARS-Cov-2 Variant', 9, '1648698087'),
('2023-2-24', 'COVID-19', 7, '7696348020'),
('2021-1-17', 'Other', 4, '6191543408'),
('2021-3-16', 'COVID-19', 10, '2260500948'),
('2022-7-5', 'COVID-19', 4, '9706360047'),
('2021-1-27', 'COVID-19', 4, '1205563516'),
('2022-6-21', 'Other', 1, '9670592853'),
('2023-1-4', 'SARS-Cov-2 Variant', 2, '8919843155'),
('2023-7-2', 'COVID-19', 13, '8890592393'),
('2020-5-12', 'SARS-Cov-2 Variant', 1, '8806598946'),
('2020-5-26', 'SARS-Cov-2 Variant', 1, '8649452849'),
('2021-10-20', 'COVID-19', 6, '0373966920'),
('2021-5-17', 'COVID-19', 9, '8649452849'),
('2021-11-15', 'Other', 1, '2260500948'),
('2023-9-1', 'Other', 6, '0373966920'),
('2022-10-20', 'SARS-Cov-2 Variant', 9, '2178414967'),
('2023-4-1', 'Other', 9, '2254257847'),
('2020-5-13', 'COVID-19', 1, '9906160429'),
('2020-7-9', 'SARS-Cov-2 Variant', 4, '8919843155'),
('2020-3-4', 'SARS-Cov-2 Variant', 10, '6191543408'),
('2023-3-20', 'COVID-19', 10, '2178414967'),
('2021-6-25', 'SARS-Cov-2 Variant', 3, '2331224098'),
('2021-4-21', 'SARS-Cov-2 Variant', 4, '9670592853'),
('2021-4-22', 'Other', 1, '2181430456'),
('2023-9-22', 'COVID-19', 11, '2260500948'),
('2021-11-25', 'COVID-19', 5, '8890592393'),
('2022-9-25', 'SARS-Cov-2 Variant', 12, '2288361610'),
('2023-2-3', 'Other', 4, '8919843155'),
('2020-4-17', 'SARS-Cov-2 Variant', 8, '2260500948'),
('2022-9-16', 'SARS-Cov-2 Variant', 3, '0433667485'),
('2022-1-7', 'Other', 1, '2086201006'),
('2023-1-8', 'COVID-19', 4, '3762716369'),
('2020-7-13', 'SARS-Cov-2 Variant', 13, '2288361610'),
('2022-8-20', 'COVID-19', 6, '7927185362'),
('2023-6-18', 'COVID-19', 10, '6121341357'),
('2022-11-16', 'SARS-Cov-2 Variant', 4, '3413450348'),
('2021-9-21', 'Other', 7, '8137925815'),
('2022-10-10', 'COVID-19', 2, '6191543408');

INSERT INTO Vaccination VALUES
(1, 'Moderna', '2023-9-25', '3413450348', 'MediPharmaTech 8212'),
(3, 'AstraZeneca', '2020-2-15', '7696348020', 'BioLab 9950'),
(3, 'AstraZeneca', '2022-4-11', '2181430456', 'BioResearch 9534'),
(3, 'Johnson & Johnson', '2023-11-16', '7038111419', 'MediBioTech 0882'),
(3, 'AstraZeneca', '2021-6-23', '2260500948', 'PharmaPharm 9081'),
(1, 'Pfizer', '2020-6-25', '2178414967', 'MediPharmaTech 8212'),
(2, 'Pfizer', '2023-7-23', '9082649065', 'BioPharmaCare 6479'),
(2, 'Moderna', '2020-2-15', '7038111419', 'LifeLab 5954'),
(2, 'AstraZeneca', '2022-1-4', '2260500948', 'PharmaHealthcare 4501'),
(2, 'Pfizer', '2021-5-24', '7927185362', 'CureMed 9116'),
(3, 'Johnson & Johnson', '2022-3-3', '6121341357', 'CureMed 9116'),
(3, 'Johnson & Johnson', '2020-6-14', '4152762929', 'CarePharmaCare 5504'),
(1, 'Pfizer', '2020-11-23', '0373966920', 'MediPharmaTech 8212'),
(1, 'Johnson & Johnson', '2020-6-4', '8919843155', 'PharmaPharm 9081'),
(2, 'AstraZeneca', '2023-8-22', '0433667485', 'CarePharm 9378'),
(1, 'Pfizer', '2022-2-9', '4726571017', 'CurePharmaTech 8256'),
(1, 'Johnson & Johnson', '2021-4-18', '1783801804', 'CureMed 9116'),
(1, 'Moderna', '2020-9-16', '6191543408', 'HealthBioTech 0461'),
(3, 'Pfizer', '2021-8-16', '0433667485', 'BioResearch 9534'),
(1, 'AstraZeneca', '2022-6-26', '6191543408', 'PharmaPharm 9081'),
(2, 'Moderna', '2022-3-22', '2331224098', 'LifePharmaTech 0417'),
(2, 'Pfizer', '2023-3-20', '9082649065', 'HealthBioTech 0461'),
(3, 'AstraZeneca', '2022-11-24', '9906160429', 'TheraPharmaCare 6756'),
(2, 'Pfizer', '2020-6-24', '2254257847', 'MediPharmaTech 8212'),
(2, 'Johnson & Johnson', '2022-5-5', '7377793685', 'BioPharmaCare 6479'),
(1, 'AstraZeneca', '2021-6-24', '8919843155', 'CarePharmaCare 5504'),
(2, 'Pfizer', '2020-7-17', '2178414967', 'BioTech 9585'),
(1, 'Pfizer', '2021-9-21', '0433667485', 'CarePharm 9378'),
(3, 'Pfizer', '2021-8-26', '9082649065', 'MediBioTech 0882'),
(1, 'Pfizer', '2022-4-24', '0373966920', 'CarePharm 9378'),
(3, 'AstraZeneca', '2020-8-16', '8411002008', 'CureHealthcare 9057'),
(1, 'Moderna', '2022-11-16', '2288361610', 'BioPharmaCare 6479'),
(2, 'AstraZeneca', '2021-2-14', '7927185362', 'MediPharmaTech 8212'),
(2, 'Pfizer', '2022-8-9', '2178414967', 'LifeLab 5954'),
(3, 'Pfizer', '2020-6-20', '1205563516', 'PharmaPharm 9081'),
(2, 'Moderna', '2023-10-9', '5257955021', 'LifeLab 5954'),
(3, 'AstraZeneca', '2021-1-14', '4152762929', 'PharmaResearch 5725'),
(1, 'Pfizer', '2023-2-6', '3413450348', 'MediPharm 2918'),
(1, 'Johnson & Johnson', '2023-1-8', '1205563516', 'LifeLab 5954'),
(1, 'Moderna', '2020-7-25', '2331224098', 'TheraPharmaCare 6756'),
(3, 'Pfizer', '2023-10-6', '3762716369', 'PharmaResearch 5725'),
(3, 'Pfizer', '2021-6-5', '7612042517', 'CarePharmaCare 5504'),
(3, 'Moderna', '2020-3-23', '7927185362', 'GenTech 0525'),
(3, 'Johnson & Johnson', '2022-9-3', '3762716369', 'MediPharmaTech 8212'),
(3, 'Moderna', '2020-4-2', '7696348020', 'GenTech 0525');

INSERT INTO Schedule VALUES
('2023-8-15', '2020-7-14 5:49:2', '2022-8-9 9:14:4', 'CarePharm 9378', '7927185362'),
('2017-8-9', '2021-10-25 7:3:28', '2023-1-8 4:41:23', 'TheraHealthcare 9847', '8411002008'),
('2020-9-26', '2022-7-5 13:49:58', '2022-7-25 3:16:54', 'CureMed 9116', '1205563516'),
('2022-4-11', '2018-1-9 8:57:34', '2023-9-14 12:46:36', 'MediPharmaTech 8212', '4726571017'),
('2017-6-14', '2018-8-10 2:53:26', '2021-10-2 8:36:29', 'CarePharmaCare 5504', '0352805595'),
('2018-6-21', '2021-1-3 2:39:31', '2021-1-10 20:13:55', 'GenTech 0525', '5257955021'),
('2018-9-1', '2019-11-27 4:17:45', '2022-2-4 16:45:33', 'HealthPharmaCare 2948', '8806598946'),
('2017-7-3', '2021-10-7 15:47:33', '2022-5-3 23:58:18', 'MediBioTech 0882', '5257955021'),
('2023-5-14', '2022-11-17 23:36:8', '2023-8-27 19:25:40', 'CarePharm 9378', '8411002008'),
('2023-1-22', '2023-7-8 22:59:48', '2023-10-9 19:8:40', 'MediPharmaTech 8212', '8411002008'),
('2023-11-11', '2022-6-26 16:41:15', '2022-10-17 13:54:42', 'MediPharmaCare 2661', '8806598946'),
('2017-3-19', '2019-9-24 1:19:26', '2023-11-23 5:43:29', 'GenTech 0525', '3075212018'),
('2020-1-18', '2021-9-24 3:35:42', '2021-10-16 7:40:1', 'MediPharmaTech 8212', '6121341357'),
('2021-7-27', '2019-1-27 14:46:39', '2019-10-6 16:8:20', 'CureHealthcare 9057', '1648698087'),
('2021-8-9', '2020-5-11 19:14:17', '2022-10-1 3:1:42', 'MediPharmaCare 2661', '7377793685'),
('2019-7-25', '2019-10-4 22:34:30', '2020-9-21 6:42:19', 'BioLab 9950', '8411002008'),
('2021-10-10', '2023-10-18 11:16:37', '2023-11-5 21:16:20', 'GenLab 9800', '7696348020'),
('2018-11-21', '2023-2-2 6:25:56', '2023-11-3 23:28:51', 'HealthBioTech 0461', '3075212018'),
('2018-5-9', '2021-10-21 20:36:52', '2023-3-14 13:33:15', 'CureMed 9116', '2260500948'),
('2017-8-16', '2019-5-6 21:21:44', '2020-6-8 7:4:16', 'BioPharmaCare 6479', '1648698087'),
('2022-4-24', '2023-7-24 7:52:31', '2023-8-13 20:42:12', 'LifeLab 5954', '2260500948'),
('2021-11-13', '2018-1-14 5:57:31', '2020-11-16 14:8:49', 'MediPharm 2918', '2178414967'),
('2021-10-10', '2023-2-18 6:8:50', '2023-6-5 3:17:44', 'PharmaHealthcare 4501', '9082649065'),
('2023-10-25', '2021-6-15 19:45:41', '2023-6-2 12:34:26', 'CurePharmaTech 8256', '7696348020'),
('2020-8-15', '2023-3-1 20:32:27', '2023-10-15 6:41:35', 'GenTech 0525', '3762716369'),
('2022-10-9', '2019-9-3 6:57:7', '2020-8-6 3:40:56', 'PharmaPharm 9081', '2254257847'),
('2017-7-18', '2021-6-10 16:31:3', '2021-9-2 1:45:18', 'BioLab 9950', '0433667485'),
('2020-7-21', '2020-6-22 8:33:15', '2020-10-18 16:40:4', 'PharmaPharm 9081', '5257955021'),
('2022-7-10', '2020-3-24 6:34:46', '2023-5-12 16:17:22', 'LifePharmaTech 0417', '8411002008'),
('2019-4-22', '2021-3-27 16:33:6', '2023-5-20 13:47:7', 'HealthLab 0790', '7927185362');


