INSERT INTO Residence VALUES
('7674 Hickory Lane', 'Vancouver', 'Nunavut', 'H10 7W5', '9029099404', 5, 'Detached House'),
('0420 Spruce Terrace', 'Hamilton', 'Ontario', 'X74 5V3', '3641812489', 3, 'Semi-Detached House'),
('2067 Hickory Boulevard', 'Moncton', 'New Brunswick', 'U77 8K6', '7152129125', 3, 'Apartment'),
('1202 Pine Circle', 'Windsor', 'Newfoundland and Labrador', 'S51 5X9', '3867196538', 6, 'Detached House'),
('7284 Birch Street', 'Toronto', 'New Brunswick', 'L87 4E2', '3947745657', 1, 'Semi-Detached House'),
('7766 Hickory Court', 'Abbotsford', 'British Columbia', 'W48 6D7', '9103489004', 1, 'Apartment'),
('9594 Oak Drive', 'Trois-Rivières', 'Prince Edward Island', 'T02 3U0', '8455526456', 3, 'Conduminium'),
('8173 Birch Court', 'Ottawa', 'Saskatchewan', 'Z53 4K5', '4075285921', 2, 'Apartment'),
('9453 Elm Drive', 'St. Albert', 'Northwest Territories', 'P04 3A8', '8393869024', 3, 'Apartment'),
('9532 Magnolia Street', 'Victoria', 'Quebec', 'W97 6N9', '7133157920', 3, 'Semi-Detached House'),
('1989 Cedar Lane', 'Kitchener', 'New Brunswick', 'K60 8Z7', '5012962145', 2, 'Semi-Detached House'),
('4870 Spruce Drive', 'London', 'Ontario', 'G63 0E5', '2228668090', 6, 'Apartment'),
('2402 Cedar Terrace', 'Norfolk County', 'Manitoba', 'V86 5U1', '7906251137', 1, 'Apartment'),
('3591 Elm Court', 'North Bay', 'New Brunswick', 'N58 2J0', '7979546572', 4, 'Semi-Detached House'),
('6026 Willow Court', 'Brandon', 'Prince Edward Island', 'F28 6L9', '9238646353', 2, 'Semi-Detached House'),
('0541 Pine Avenue', 'Kingston', 'British Columbia', 'F88 6Q3', '8703650932', 4, 'Detached House'),
('7269 Pine Terrace', 'Drummondville', 'Manitoba', 'C63 3N1', '7566950193', 6, 'Detached House'),
('5230 Willow Street', 'St. Johns', 'Ontario', 'L49 2J7', '5167521193', 2, 'Semi-Detached House'),
('5176 Elm Circle', 'Oshawa', 'Northwest Territories', 'C30 3E7', '5766193815', 6, 'Semi-Detached House'),
('4247 Pine Drive', 'Aurora', 'Prince Edward Island', 'P98 4T0', '4784057948', 3, 'Semi-Detached House'),
('7676 Maple Road', 'Lethbridge', 'Prince Edward Island', 'I29 4S1', '4760028969', 5, 'Semi-Detached House'),
('7251 Magnolia Court', 'Edmonton', 'Quebec', 'Z49 7B1', '2968554230', 7, 'Semi-Detached House'),
('6650 Elm Way', 'Red Deer', 'Quebec', 'R28 1O3', '5502159084', 1, 'Apartment'),
('2145 Birch Way', 'Barrie', 'Ontario', 'R77 2O5', '8041507228', 6, 'Conduminium'),
('7299 Spruce Circle', 'Medicine Hat', 'Northwest Territories', 'S88 2L8', '8280595983', 1, 'Conduminium'),
('2749 Pine Court', 'Calgary', 'Quebec', 'P41 3Y3', '9893546635', 4, 'Semi-Detached House'),
('5536 Birch Terrace', 'Prince George', 'Manitoba', 'K11 4L2', '9649600209', 3, 'Semi-Detached House'),
('7935 Hickory Terrace', 'White Rock', 'Saskatchewan', 'R06 6H4', '8469466195', 3, 'Apartment'),
('0495 Hickory Street', 'Quebec City', 'Nova Scotia', 'G33 2Q6', '8179805443', 6, 'Apartment'),
('8058 Birch Road', 'Sherbrooke', 'Ontario', 'M16 5S6', '2765562471', 2, 'Apartment');

INSERT INTO Person VALUES
('4063398332', 'Madison', 'Jackson', '1997-3-9', 'Y812111502', '8344351571', 'Canadian', 'madisonjackson25@gmail.com', '6650 Elm Way'),
('8404644461', 'Elizabeth', 'Clark', '1986-3-8', 'R561542972', '9422842406', 'Canadian', 'elizabethclark03@gmail.com', '7935 Hickory Terrace'),
('7936327576', 'Olivia', 'Anderson', '1943-2-3', 'H077711540', '4287263620', 'Canadian', 'oliviaanderson94@gmail.com', '2067 Hickory Boulevard'),
('3265510323', 'Harper', 'Smith', '1983-6-14', 'U697078605', '2970867620', 'Canadian', 'harpersmith90@gmail.com', '4870 Spruce Drive'),
('4720011817', 'Victoria', 'Moore', '1977-1-13', 'T065606062', '9075911458', 'Canadian', 'victoriamoore11@gmail.com', '0495 Hickory Street'),
('4142931997', 'Grace', 'Williams', '1992-8-15', 'G524101253', '3653832097', 'Canadian', 'gracewilliams86@gmail.com', '0541 Pine Avenue'),
('7019679138', 'James', 'Davis', '2016-6-25', 'N633848216', '5777320956', 'Canadian', 'jamesdavis01@gmail.com', '8173 Birch Court'),
('3836259337', 'Daniel', 'Edwards', '2023-8-5', 'C918424265', '5777488555', 'Canadian', 'danieledwards93@gmail.com', '7766 Hickory Court'),
('8801879523', 'Sophia', 'Green', '1943-6-26', 'H123587224', '6466809475', 'Canadian', 'sophiagreen41@gmail.com', '7674 Hickory Lane'),
('7391581194', 'Abigail', 'Gonzalez', '1996-4-11', 'C276320823', '6858587765', 'Canadian', 'abigailgonzalez59@gmail.com', '3591 Elm Court'),
('7589979294', 'Madison', 'Baker', '1970-5-17', 'W263964533', '6897201429', 'Canadian', 'madisonbaker52@gmail.com', '7284 Birch Street'),
('9796233408', 'Amelia', 'Edwards', '1997-10-14', 'C598891586', '6206823280', 'Canadian', 'ameliaedwards28@gmail.com', '6650 Elm Way'),
('1821757359', 'James', 'Lee', '1978-5-26', 'S324774010', '6378025853', 'Canadian', 'jameslee36@gmail.com', '9532 Magnolia Street'),
('6633877849', 'Sofia', 'Turner', '2003-10-15', 'Z591901057', '9064169587', 'Canadian', 'sofiaturner79@gmail.com', '7676 Maple Road'),
('2837881156', 'Carter', 'Carter', '2013-2-13', 'H392758617', '2165276609', 'Canadian', 'cartercarter39@gmail.com', '6650 Elm Way'),
('6358727706', 'Mia', 'Hall', '1994-9-9', 'A253576624', '2567394431', 'Canadian', 'miahall91@gmail.com', '0420 Spruce Terrace'),
('6206486374', 'Jacob', 'Clark', '2010-11-11', 'P283050026', '7217720037', 'Canadian', 'jacobclark10@gmail.com', '7269 Pine Terrace'),
('7449755058', 'William', 'Gonzalez', '2008-8-24', 'C392659326', '2778155125', 'Canadian', 'williamgonzalez06@gmail.com', '9532 Magnolia Street'),
('7834438923', 'Elijah', 'Johnson', '2010-11-26', 'C019468900', '8403206864', 'Canadian', 'elijahjohnson57@gmail.com', '4247 Pine Drive'),
('4951754734', 'Abigail', 'Hall', '1999-1-22', 'H760242649', '4413706031', 'Canadian', 'abigailhall09@gmail.com', '0420 Spruce Terrace'),
('4942391379', 'Noah', 'Clark', '1993-8-24', 'K042962967', '4346788689', 'Canadian', 'noahclark77@gmail.com', '2749 Pine Court'),
('0309455154', 'Jacob', 'Hernandez', '2005-5-6', 'I607768929', '6675083651', 'Canadian', 'jacobhernandez01@gmail.com', '7674 Hickory Lane'),
('0900958894', 'Sophia', 'Edwards', '1974-4-25', 'A867856188', '6943589094', 'Canadian', 'sophiaedwards39@gmail.com', '7269 Pine Terrace'),
('9943771413', 'Michael', 'Clark', '1945-8-17', 'Y577638033', '8536605803', 'Canadian', 'michaelclark76@gmail.com', '0541 Pine Avenue'),
('4453823986', 'Ava', 'Brown', '1969-2-6', 'K188831875', '6985883155', 'Canadian', 'avabrown32@gmail.com', '4870 Spruce Drive'),
('6220508732', 'Mila', 'Jones', '2019-8-2', 'I158910971', '3094522209', 'Canadian', 'milajones56@gmail.com', '7674 Hickory Lane'),
('4591702842', 'Logan', 'Clark', '2002-6-17', 'C836592670', '3554889409', 'Canadian', 'loganclark31@gmail.com', '2145 Birch Way'),
('7403546693', 'Carter', 'Jackson', '1943-8-2', 'C937732581', '6029540851', 'Canadian', 'carterjackson24@gmail.com', '0541 Pine Avenue'),
('9198072244', 'Emma', 'Hall', '1970-5-19', 'F579451598', '8175159049', 'Canadian', 'emmahall58@gmail.com', '1989 Cedar Lane'),
('7897426564', 'Elijah', 'Young', '1998-11-22', 'X268530905', '7037253613', 'Canadian', 'elijahyoung42@gmail.com', '7676 Maple Road'),
('7934331740', 'Elijah', 'Lewis', '2015-11-25', 'T617135652', '7122454322', 'Canadian', 'elijahlewis39@gmail.com', '4870 Spruce Drive'),
('2856849428', 'Olivia', 'Edwards', '1987-2-3', 'F073443650', '9845917378', 'Canadian', 'oliviaedwards47@gmail.com', '0495 Hickory Street'),
('1192274140', 'David', 'Taylor', '1952-9-20', 'M021676269', '2714340187', 'Canadian', 'davidtaylor56@gmail.com', '0420 Spruce Terrace'),
('1667177657', 'Mila', 'Adams', '1992-7-4', 'Q783581923', '4364513818', 'Canadian', 'milaadams26@gmail.com', '7284 Birch Street'),
('0990750644', 'Madison', 'Mitchell', '2020-11-26', 'U305369942', '6268351127', 'Canadian', 'madisonmitchell08@gmail.com', '9594 Oak Drive'),
('7379947497', 'Sebastian', 'Brown', '2008-2-10', 'E946109601', '5384722274', 'Canadian', 'sebastianbrown49@gmail.com', '2067 Hickory Boulevard'),
('4818986163', 'Mia', 'Phillips', '1963-5-13', 'E796683051', '3576648683', 'Canadian', 'miaphillips45@gmail.com', '7676 Maple Road'),
('5073514947', 'Grace', 'Young', '1947-6-24', 'U987627155', '5711078823', 'Canadian', 'graceyoung28@gmail.com', '2402 Cedar Terrace'),
('1993068756', 'Charlotte', 'Scott', '1988-9-27', 'U760768143', '7297887238', 'Canadian', 'charlottescott58@gmail.com', '1989 Cedar Lane'),
('6348622243', 'Samuel', 'Wilson', '1980-9-11', 'Q422003234', '8268129931', 'Canadian', 'samuelwilson80@gmail.com', '7284 Birch Street'),
('2056725595', 'Lily', 'Allen', '2015-5-3', 'C450968701', '5679886327', 'Canadian', 'lilyallen08@gmail.com', '2145 Birch Way'),
('9915725075', 'Victoria', 'Turner', '1961-1-12', 'N057148453', '6371764147', 'Canadian', 'victoriaturner43@gmail.com', '0495 Hickory Street'),
('1956592636', 'Elijah', 'Anderson', '1989-11-9', 'Y846399364', '3186429973', 'Canadian', 'elijahanderson30@gmail.com', '1989 Cedar Lane'),
('6886265689', 'William', 'Davis', '1985-6-12', 'S090602960', '6610470179', 'Canadian', 'williamdavis86@gmail.com', '0541 Pine Avenue'),
('6403743187', 'Emily', 'Perez', '1972-4-17', 'G097410556', '3618980365', 'Canadian', 'emilyperez42@gmail.com', '5536 Birch Terrace'),
('4974227352', 'Aiden', 'Baker', '1977-8-7', 'L692979638', '6469701197', 'Canadian', 'aidenbaker36@gmail.com', '7251 Magnolia Court'),
('2178976477', 'Chloe', 'Perez', '2023-1-22', 'F599063183', '9763490430', 'Canadian', 'chloeperez14@gmail.com', '4247 Pine Drive'),
('2772760348', 'Amelia', 'King', '2008-2-8', 'Q114477974', '7414330608', 'Canadian', 'ameliaking68@gmail.com', '0420 Spruce Terrace'),
('4898045660', 'Evelyn', 'Allen', '2016-6-24', 'M119388417', '5931761382', 'Canadian', 'evelynallen77@gmail.com', '7935 Hickory Terrace'),
('4501044356', 'Jackson', 'Parker', '1959-7-6', 'V857075990', '6393208023', 'Canadian', 'jacksonparker77@gmail.com', '5176 Elm Circle'),
('5481982979', 'Abigail', 'Jackson', '2017-11-13', 'T452280697', '2113066220', 'Canadian', 'abigailjackson83@gmail.com', '2402 Cedar Terrace'),
('4645119147', 'Mason', 'Rodriguez', '2014-1-5', 'R337970370', '2208354627', 'Canadian', 'masonrodriguez06@gmail.com', '0541 Pine Avenue'),
('1271226831', 'Victoria', 'Walker', '2005-6-8', 'X622061376', '7989856588', 'Canadian', 'victoriawalker87@gmail.com', '7269 Pine Terrace'),
('7172403629', 'Grace', 'Robinson', '2022-2-19', 'S176505251', '7572758305', 'Canadian', 'gracerobinson10@gmail.com', '0420 Spruce Terrace'),
('8710596292', 'Olivia', 'Martin', '1951-6-12', 'Y371389750', '3836196173', 'Canadian', 'oliviamartin60@gmail.com', '5176 Elm Circle'),
('2800784011', 'Scarlett', 'Miller', '1969-2-9', 'U547933762', '8792632083', 'Canadian', 'scarlettmiller89@gmail.com', '2145 Birch Way'),
('4416317372', 'Henry', 'Adams', '1959-9-21', 'A128043092', '8751038182', 'Canadian', 'henryadams60@gmail.com', '7269 Pine Terrace'),
('0365086669', 'Jackson', 'Wilson', '2008-5-14', 'D418882828', '6828114631', 'Canadian', 'jacksonwilson97@gmail.com', '2749 Pine Court'),
('5083877570', 'Grace', 'Scott', '1990-11-7', 'O842041495', '9597825554', 'Canadian', 'gracescott53@gmail.com', '7299 Spruce Circle'),
('8975058677', 'Ava', 'Rodriguez', '1988-9-8', 'E953947146', '6560550000', 'Canadian', 'avarodriguez95@gmail.com', '6650 Elm Way'),
('8856921843', 'Amelia', 'Miller', '1941-11-6', 'D076056199', '4205983220', 'Canadian', 'ameliamiller53@gmail.com', '2749 Pine Court'),
('2256437079', 'Noah', 'Evans', '1991-2-23', 'Q807536739', '3555637411', 'Canadian', 'noahevans44@gmail.com', '9453 Elm Drive'),
('1212727016', 'Harper', 'Rodriguez', '2016-6-25', 'G283977140', '5161760631', 'Canadian', 'harperrodriguez38@gmail.com', '0495 Hickory Street'),
('1730408123', 'Henry', 'Brown', '2022-7-5', 'B084316213', '6588099848', 'Canadian', 'henrybrown86@gmail.com', '7284 Birch Street'),
('7113937774', 'Oliver', 'Scott', '1951-4-23', 'F415884438', '5682740741', 'Canadian', 'oliverscott20@gmail.com', '7269 Pine Terrace'),
('4471217775', 'Madison', 'Phillips', '1956-8-19', 'L719716794', '3694478140', 'Canadian', 'madisonphillips77@gmail.com', '5176 Elm Circle'),
('0771781521', 'Jackson', 'Jones', '1943-9-1', 'F529765905', '5546429128', 'Canadian', 'jacksonjones38@gmail.com', '3591 Elm Court'),
('7858867844', 'William', 'Hall', '1970-9-24', 'D471946045', '9437042170', 'Canadian', 'williamhall01@gmail.com', '7766 Hickory Court'),
('1517890200', 'Jacob', 'Mitchell', '1940-9-7', 'G174165582', '9864094946', 'Canadian', 'jacobmitchell49@gmail.com', '0495 Hickory Street'),
('0913462090', 'Alexander', 'King', '2020-3-21', 'J064991862', '3260750530', 'Canadian', 'alexanderking14@gmail.com', '5176 Elm Circle'),
('0897261403', 'Logan', 'Jones', '1991-10-20', 'Y897275504', '9241779305', 'Canadian', 'loganjones87@gmail.com', '9532 Magnolia Street'),
('3230066488', 'Matthew', 'Rodriguez', '2004-9-16', 'J499068397', '7264216770', 'Canadian', 'matthewrodriguez75@gmail.com', '2749 Pine Court'),
('7776864604', 'Ava', 'Wright', '1973-3-5', 'Q115691057', '6060350554', 'Canadian', 'avawright57@gmail.com', '9594 Oak Drive'),
('7623099265', 'Oliver', 'Hall', '1944-8-27', 'C480114938', '9004540867', 'Canadian', 'oliverhall40@gmail.com', '4247 Pine Drive'),
('4052020570', 'Joseph', 'Anderson', '1975-6-7', 'H129232033', '3162722930', 'Canadian', 'josephanderson04@gmail.com', '2145 Birch Way'),
('4921728590', 'Riley', 'Smith', '1994-7-6', 'D189332984', '8651435369', 'Canadian', 'rileysmith38@gmail.com', '2749 Pine Court'),
('8399842664', 'Samuel', 'Johnson', '1958-9-19', 'N190927645', '5107373351', 'Canadian', 'samueljohnson64@gmail.com', '7766 Hickory Court'),
('1583568659', 'Ella', 'White', '1945-8-17', 'Y015186455', '7921284125', 'Canadian', 'ellawhite62@gmail.com', '6026 Willow Court'),
('8761308730', 'Oliver', 'Martinez', '1941-10-18', 'R334357219', '2693468941', 'Canadian', 'olivermartinez23@gmail.com', '7284 Birch Street'),
('3398509120', 'Ava', 'Thompson', '2017-6-20', 'H746656698', '2832101541', 'Canadian', 'avathompson36@gmail.com', '7284 Birch Street'),
('9338862673', 'Aria', 'King', '1945-10-17', 'J783232332', '3962371010', 'Canadian', 'ariaking98@gmail.com', '4247 Pine Drive'),
('9594861169', 'Oliver', 'Garcia', '1986-10-26', 'G952634669', '2086666326', 'Canadian', 'olivergarcia05@gmail.com', '2145 Birch Way'),
('8408575645', 'Harper', 'Baker', '1989-2-23', 'A980889771', '2438028529', 'Canadian', 'harperbaker18@gmail.com', '4870 Spruce Drive'),
('8562489616', 'Emily', 'Hernandez', '1960-2-10', 'L119671117', '5177034124', 'Canadian', 'emilyhernandez09@gmail.com', '1202 Pine Circle'),
('6569957668', 'Avery', 'Wilson', '1942-5-16', 'X638646211', '8065671880', 'Canadian', 'averywilson76@gmail.com', '0420 Spruce Terrace'),
('0302745560', 'Henry', 'Roberts', '1987-5-23', 'G991880644', '8607844320', 'Canadian', 'henryroberts16@gmail.com', '7251 Magnolia Court'),
('8073711407', 'Benjamin', 'Lee', '1952-7-12', 'J060236485', '9381502664', 'Canadian', 'benjaminlee72@gmail.com', '2067 Hickory Boulevard'),
('4799756252', 'Liam', 'Taylor', '1975-6-24', 'J009952070', '9657693377', 'Canadian', 'liamtaylor51@gmail.com', '9453 Elm Drive'),
('1941263997', 'Lucas', 'Lopez', '1979-1-26', 'G943173082', '7731650490', 'Canadian', 'lucaslopez99@gmail.com', '2749 Pine Court'),
('2824290303', 'David', 'Adams', '1944-6-5', 'G284099176', '6135710748', 'Canadian', 'davidadams64@gmail.com', '5176 Elm Circle'),
('2912339646', 'Benjamin', 'Davis', '2000-3-1', 'I317359542', '8254038241', 'Canadian', 'benjamindavis38@gmail.com', '3591 Elm Court'),
('6670690379', 'Isabella', 'Edwards', '1976-10-6', 'V903479321', '9206292173', 'Canadian', 'isabellaedwards71@gmail.com', '7284 Birch Street'),
('9342285268', 'Samuel', 'Edwards', '1992-5-14', 'P567683244', '9871356055', 'Canadian', 'samueledwards64@gmail.com', '7269 Pine Terrace'),
('9661479075', 'Olivia', 'Hill', '1968-10-1', 'G603604695', '7277793412', 'Canadian', 'oliviahill87@gmail.com', '7284 Birch Street'),
('4568869750', 'Elizabeth', 'Perez', '1993-4-11', 'O068440752', '7469910337', 'Canadian', 'elizabethperez56@gmail.com', '5536 Birch Terrace'),
('7269099019', 'Harper', 'Wilson', '1974-11-15', 'T466785656', '9379825610', 'Canadian', 'harperwilson05@gmail.com', '2749 Pine Court'),
('6779022676', 'Sebastian', 'Nelson', '1981-10-10', 'P876764378', '3792615618', 'Canadian', 'sebastiannelson41@gmail.com', '7251 Magnolia Court'),
('8424320141', 'David', 'Rodriguez', '1968-9-20', 'G157073201', '5691810600', 'Canadian', 'davidrodriguez73@gmail.com', '2145 Birch Way'),
('9536086712', 'William', 'Thompson', '2003-5-25', 'G459057792', '9092884672', 'Canadian', 'williamthompson74@gmail.com', '2749 Pine Court'),
('4727380713', 'James', 'Wright', '1992-6-25', 'G776940654', '8092925006', 'Canadian', 'jameswright37@gmail.com', '7269 Pine Terrace');

INSERT INTO Employee VALUES
('7623099265', 'Receptionist'),
('4453823986', 'Nurse'),
('7113937774', 'Pharmacist'),
('2256437079', 'Pharmacist'),
('7936327576', 'Receptionist'),
('1271226831', 'Nurse'),
('7269099019', 'Cashier'),
('1941263997', 'Receptionist'),
('8399842664', 'Administrative Personnel'),
('1956592636', 'Doctor'),
('2056725595', 'Regular Employee'),
('0913462090', 'Nurse'),
('8710596292', 'Regular Employee'),
('3398509120', 'Regular Employee'),
('8404644461', 'Cashier'),
('9661479075', 'Cashier'),
('1730408123', 'Regular Employee'),
('4645119147', 'Cashier'),
('1667177657', 'Administrative Personnel'),
('0309455154', 'Administrative Personnel'),
('0897261403', 'Administrative Personnel'),
('6220508732', 'Receptionist'),
('9915725075', 'Security Personnel'),
('7449755058', 'Cashier'),
('1517890200', 'Regular Employee'),
('7858867844', 'Administrative Personnel'),
('4471217775', 'Administrative Personnel'),
('9198072244', 'Nurse'),
('0302745560', 'Receptionist'),
('9943771413', 'Regular Employee');

INSERT INTO Facility VALUES
('GenResearch', 'Birch Circle', 'Quebec City', 'G39 5Z4', '5573646273', 'www.genresearch496.org', 'Special Instalment', 178, '7623099265'),
('CareMed', 'Magnolia Circle', 'Norfolk County', 'B20 4M9', '8973276482', 'www.caremed949.org', 'Special Instalment', 364, '1517890200'),
('BioBioTech', 'Willow Street', 'Toronto', 'J24 6Q5', '8732085845', 'www.biobiotech324.org', 'CLSC', 255, '0309455154'),
('HealthMed', 'Maple Circle', 'Belleville', 'S63 2R3', '5149735795', 'www.healthmed133.org', 'Clinic', 46, '9198072244'),
('TheraLab', 'Hickory Terrace', 'Cornwall', 'K56 0W0', '9585336811', 'www.theralab622.org', 'Pharmacy', 230, '1730408123'),
('TheraResearch', 'Maple Way', 'Vancouver', 'Z04 5F3', '6676718346', 'www.theraresearch633.org', 'Hospital', 236, '9943771413'),
('TheraSolutions', 'Birch Terrace', 'Trois-Rivières', 'W02 9Y8', '8261510332', 'www.therasolutions412.org', 'CLSC', 803, '7113937774'),
('BioPharmaCare', 'Pine Drive', 'Kelowna', 'Z56 4C7', '2407051116', 'www.biopharmacare425.org', 'Hospital', 573, '2256437079'),
('CureBioTech', 'Oak Boulevard', 'Hamilton', 'M44 4W8', '2776814388', 'www.curebiotech504.org', 'CLSC', 43, '8399842664'),
('HealthSolutions', 'Maple Street', 'Montreal', 'U56 9S9', '5032833518', 'www.healthsolutions481.org', 'Clinic', 599, '7858867844'),
('CureLab', 'Cedar Terrace', 'Brandon', 'P44 2A0', '5338850902', 'www.curelab264.org', 'Hospital', 428, '9198072244'),
('CureSolutions', 'Pine Terrace', 'Abbotsford', 'R33 3Z4', '3237151271', 'www.curesolutions991.org', 'Hospital', 888, '2256437079'),
('CurePharmaCare', 'Birch Lane', 'White Rock', 'P86 6K6', '4858272843', 'www.curepharmacare523.org', 'Clinic', 680, '1667177657'),
('CareLab', 'Cedar Circle', 'Saint-Hyacinthe', 'H18 1F6', '7157538296', 'www.carelab870.org', 'Clinic', 500, '9915725075'),
('GenLab', 'Oak Lane', 'St. Albert', 'D35 2Y8', '2394193049', 'www.genlab599.org', 'Special Instalment', 106, '4645119147'),
('CareHealthcare', 'Hickory Drive', 'Chicoutimi', 'P02 4H5', '8744624531', 'www.carehealthcare124.org', 'CLSC', 591, '0302745560'),
('MediPharmaTech', 'Pine Circle', 'Barrie', 'W05 8J1', '8532588809', 'www.medipharmatech328.org', 'Clinic', 822, '4645119147'),
('BioHealthcare', 'Magnolia Drive', 'Fredericton', 'T41 8B8', '4628993636', 'www.biohealthcare205.org', 'Special Instalment', 67, '7623099265'),
('TheraPharm', 'Willow Terrace', 'Victoriaville', 'M09 2Z1', '4153976587', 'www.therapharm137.org', 'CLSC', 488, '8404644461'),
('PharmaPharmaCare', 'Hickory Way', 'Saint-Jérôme', 'S44 3J7', '6117746461', 'www.pharmapharmacare772.org', 'Hospital', 248, '1271226831'),
('CureHealthcare', 'Maple Avenue', 'Red Deer', 'D03 7B0', '3674639241', 'www.curehealthcare419.org', 'Clinic', 537, '7858867844'),
('MediBioTech', 'Spruce Road', 'Saskatoon', 'E85 9F1', '3859760879', 'www.medibiotech592.org', 'Pharmacy', 390, '7269099019'),
('HealthLab', 'Oak Drive', 'Calgary', 'G02 3Y9', '5907938178', 'www.healthlab351.org', 'Pharmacy', 731, '9661479075'),
('PharmaSolutions', 'Spruce Avenue', 'Aurora', 'O17 9Q2', '6422278441', 'www.pharmasolutions980.org', 'Clinic', 197, '0309455154'),
('VitaPharmaCare', 'Magnolia Terrace', 'Kitchener', 'X15 3Z9', '6391393980', 'www.vitapharmacare223.org', 'Hospital', 386, '9915725075');

INSERT INTO Works_at VALUES
('9198072244', 'TheraResearch', '2021-2-2', '2023-11-20'),
('2256437079', 'CureLab', '2020-9-2', '2020-10-23'),
('0897261403', 'CareLab', '2023-1-17', 'NULL'),
('1271226831', 'CureSolutions', '2017-5-3', '2017-11-2'),
('0897261403', 'CareLab', '2017-7-3', '2022-8-5'),
('8404644461', 'HealthMed', '2016-10-8', '2020-11-16'),
('7113937774', 'CareHealthcare', '2018-7-20', '2021-1-16'),
('1941263997', 'BioHealthcare', '2016-3-22', '2022-3-13'),
('8710596292', 'GenLab', '2019-6-8', '2021-1-25'),
('6220508732', 'BioBioTech', '2023-1-6', 'NULL'),
('7269099019', 'BioPharmaCare', '2020-8-21', '2022-11-11'),
('1956592636', 'PharmaSolutions', '2016-8-10', '2022-11-9'),
('2256437079', 'MediBioTech', '2015-9-10', '2023-10-11'),
('2256437079', 'CurePharmaCare', '2021-4-25', '2021-9-5'),
('1956592636', 'CureHealthcare', '2016-2-17', '2023-10-1'),
('7449755058', 'CureLab', '2018-5-18', 'NULL'),
('0913462090', 'MediPharmaTech', '2015-4-6', 'NULL'),
('8399842664', 'CurePharmaCare', '2020-5-5', '2021-9-22'),
('4645119147', 'TheraLab', '2018-9-7', 'NULL'),
('1517890200', 'BioHealthcare', '2015-6-16', '2022-10-6'),
('0897261403', 'CureLab', '2020-7-17', 'NULL'),
('4471217775', 'CareHealthcare', '2017-3-21', '2019-5-5'),
('4471217775', 'TheraResearch', '2022-11-25', 'NULL'),
('9915725075', 'CureBioTech', '2016-9-8', 'NULL'),
('6220508732', 'CareLab', '2018-3-7', '2018-5-13'),
('8399842664', 'CurePharmaCare', '2022-7-11', '2023-4-6'),
('3398509120', 'TheraSolutions', '2015-7-8', '2016-7-17'),
('9198072244', 'CareHealthcare', '2021-3-16', '2021-10-22'),
('4645119147', 'BioHealthcare', '2017-5-25', 'NULL'),
('8710596292', 'CureBioTech', '2018-8-4', '2020-8-22'),
('0309455154', 'GenResearch', '2021-4-25', '2021-9-11'),
('9661479075', 'MediBioTech', '2019-5-23', 'NULL'),
('9661479075', 'TheraSolutions', '2017-3-26', '2021-10-3'),
('7936327576', 'CureHealthcare', '2021-5-5', '2023-3-8'),
('7623099265', 'CureSolutions', '2021-6-8', 'NULL'),
('1730408123', 'CareLab', '2021-10-20', '2022-10-16'),
('6220508732', 'MediBioTech', '2019-3-20', 'NULL'),
('0913462090', 'CureHealthcare', '2021-1-11', '2023-2-11'),
('9661479075', 'CureLab', '2017-2-7', '2018-6-11'),
('8399842664', 'PharmaPharmaCare', '2023-1-27', 'NULL'),
('7936327576', 'CareHealthcare', '2015-4-3', '2023-2-7'),
('2256437079', 'CureBioTech', '2018-8-4', 'NULL'),
('2256437079', 'CureBioTech', '2016-1-3', '2021-1-11'),
('7449755058', 'TheraResearch', '2016-9-19', 'NULL'),
('0309455154', 'CareMed', '2020-8-18', '2023-9-17');

INSERT INTO lives_in VALUES
('9453 Elm Drive', '1941263997', '2015-6-25'),
('0541 Pine Avenue', '7834438923', '2021-7-16'),
('9453 Elm Drive', '9943771413', '2018-3-16'),
('7299 Spruce Circle', '1730408123', '2016-5-5'),
('3591 Elm Court', '7936327576', '2021-3-24'),
('6650 Elm Way', '9338862673', '2016-9-14'),
('5230 Willow Street', '0897261403', '2015-6-18'),
('7299 Spruce Circle', '0771781521', '2015-6-4'),
('7674 Hickory Lane', '0302745560', '2021-9-4'),
('1989 Cedar Lane', '1941263997', '2022-10-3'),
('7269 Pine Terrace', '7834438923', '2016-4-9'),
('8173 Birch Court', '6358727706', '2020-4-23'),
('7284 Birch Street', '6358727706', '2021-10-16'),
('0495 Hickory Street', '4818986163', '2020-4-18'),
('6026 Willow Court', '1271226831', '2018-11-2'),
('6026 Willow Court', '7776864604', '2021-9-20'),
('4247 Pine Drive', '6206486374', '2023-5-1'),
('7766 Hickory Court', '4799756252', '2019-10-6'),
('7674 Hickory Lane', '2837881156', '2019-5-20'),
('7674 Hickory Lane', '6403743187', '2019-11-14'),
('3591 Elm Court', '7113937774', '2016-11-9'),
('2749 Pine Court', '6348622243', '2023-11-9'),
('9453 Elm Drive', '6348622243', '2019-4-11'),
('5536 Birch Terrace', '0309455154', '2015-7-12'),
('7766 Hickory Court', '2824290303', '2019-10-7'),
('6650 Elm Way', '4453823986', '2021-11-9'),
('4247 Pine Drive', '1956592636', '2019-1-22'),
('7766 Hickory Court', '1956592636', '2021-9-10'),
('7674 Hickory Lane', '7623099265', '2017-4-15'),
('8173 Birch Court', '0365086669', '2023-9-7'),
('7676 Maple Road', '4453823986', '2021-3-9'),
('7251 Magnolia Court', '4951754734', '2015-6-22'),
('7299 Spruce Circle', '7379947497', '2020-5-17'),
('0541 Pine Avenue', '4974227352', '2016-3-19'),
('0495 Hickory Street', '4921728590', '2023-11-11'),
('5176 Elm Circle', '2256437079', '2023-1-10'),
('5230 Willow Street', '7776864604', '2021-6-22'),
('7676 Maple Road', '6886265689', '2023-5-9'),
('2145 Birch Way', '9915725075', '2023-9-20'),
('2067 Hickory Boulevard', '2256437079', '2020-5-22'),
('2145 Birch Way', '8399842664', '2018-9-6'),
('3591 Elm Court', '4063398332', '2019-7-12'),
('7269 Pine Terrace', '4591702842', '2021-10-22'),
('7299 Spruce Circle', '4898045660', '2023-4-25'),
('9453 Elm Drive', '4898045660', '2019-8-27'),
('6650 Elm Way', '4471217775', '2023-11-14'),
('6650 Elm Way', '4591702842', '2016-11-9'),
('7935 Hickory Terrace', '4471217775', '2020-1-14'),
('7935 Hickory Terrace', '0897261403', '2016-9-22'),
('6650 Elm Way', '0365086669', '2022-8-26');

INSERT INTO lives_with VALUES
('7858867844', '4898045660', 'Roommate'),
('7269099019', '4453823986', 'Roommate'),
('8404644461', '1956592636', 'Partner'),
('7269099019', '4568869750', 'Partner'),
('7858867844', '8399842664', 'Roommate'),
('8404644461', '8801879523', 'Roommate'),
('1941263997', '8562489616', 'Descendent'),
('9661479075', '1730408123', 'Descendent'),
('7858867844', '4591702842', 'Partner'),
('2256437079', '8975058677', 'Parent'),
('0302745560', '0897261403', 'Parent'),
('2256437079', '4052020570', 'Partner'),
('0309455154', '7858867844', 'Descendent'),
('1941263997', '7897426564', 'Descendent'),
('8399842664', '2178976477', 'Roommate'),
('7113937774', '6348622243', 'Parent'),
('7269099019', '7403546693', 'Roommate'),
('1730408123', '4591702842', 'Partner'),
('0302745560', '7897426564', 'Roommate'),
('8404644461', '7019679138', 'Roommate'),
('9661479075', '6348622243', 'Roommate'),
('0302745560', '1993068756', 'Descendent'),
('6220508732', '7403546693', 'Partner'),
('2256437079', '4501044356', 'Parent'),
('1941263997', '6633877849', 'Parent'),
('4471217775', '8399842664', 'Descendent'),
('4645119147', '6886265689', 'Partner'),
('4453823986', '4645119147', 'Parent'),
('7936327576', '2856849428', 'Roommate'),
('1271226831', '4063398332', 'Descendent'),
('2056725595', '4568869750', 'Descendent'),
('1667177657', '4501044356', 'Partner'),
('7449755058', '4898045660', 'Roommate'),
('1517890200', '7269099019', 'Roommate'),
('8404644461', '6569957668', 'Descendent'),
('7858867844', '2837881156', 'Roommate'),
('1941263997', '1956592636', 'Descendent'),
('2056725595', '9536086712', 'Parent'),
('4645119147', '7934331740', 'Roommate'),
('7449755058', '4942391379', 'Parent'),
('7623099265', '7172403629', 'Partner'),
('1941263997', '0990750644', 'Parent'),
('2056725595', '9915725075', 'Partner'),
('7623099265', '8404644461', 'Descendent'),
('1271226831', '7113937774', 'Partner'),
('0913462090', '6633877849', 'Partner'),
('7858867844', '1271226831', 'Roommate'),
('8399842664', '6569957668', 'Parent'),
('0309455154', '1583568659', 'Parent'),
('4471217775', '8424320141', 'Parent');

INSERT INTO Infection VALUES
('2023-1-20', 'COVID-19', 8, '6358727706'),
('2022-3-26', 'COVID-19', 3, '4974227352'),
('2021-2-27', 'Other', 12, '7019679138'),
('2023-10-26', 'Other', 9, '2056725595'),
('2020-5-12', 'SARS-Cov-2 Variant', 5, '7897426564'),
('2022-2-5', 'SARS-Cov-2 Variant', 10, '9338862673'),
('2023-2-21', 'SARS-Cov-2 Variant', 12, '4818986163'),
('2020-3-5', 'SARS-Cov-2 Variant', 12, '4951754734'),
('2021-9-10', 'SARS-Cov-2 Variant', 10, '8562489616'),
('2022-11-10', 'Other', 6, '7776864604'),
('2023-10-18', 'SARS-Cov-2 Variant', 1, '4591702842'),
('2023-9-2', 'Other', 9, '2256437079'),
('2023-11-7', 'Other', 13, '7379947497'),
('2020-5-26', 'COVID-19', 3, '3230066488'),
('2022-8-2', 'COVID-19', 7, '8710596292'),
('2020-8-4', 'COVID-19', 4, '4501044356'),
('2023-5-18', 'Other', 3, '4898045660'),
('2022-2-25', 'SARS-Cov-2 Variant', 8, '6403743187'),
('2020-6-10', 'COVID-19', 1, '0990750644'),
('2020-4-24', 'COVID-19', 5, '9915725075'),
('2022-4-26', 'COVID-19', 8, '8856921843'),
('2020-6-6', 'Other', 10, '4416317372'),
('2023-1-19', 'SARS-Cov-2 Variant', 4, '2772760348'),
('2020-11-26', 'COVID-19', 11, '4471217775'),
('2023-8-3', 'Other', 12, '1271226831'),
('2020-6-19', 'COVID-19', 12, '2912339646'),
('2023-11-7', 'COVID-19', 9, '4568869750'),
('2020-3-18', 'SARS-Cov-2 Variant', 1, '4799756252'),
('2020-5-16', 'COVID-19', 3, '8073711407'),
('2020-3-12', 'Other', 9, '7391581194'),
('2020-2-20', 'COVID-19', 11, '4818986163'),
('2022-7-24', 'SARS-Cov-2 Variant', 3, '7934331740'),
('2023-9-21', 'COVID-19', 3, '8761308730'),
('2023-3-15', 'Other', 11, '4898045660'),
('2020-7-11', 'COVID-19', 6, '7776864604'),
('2020-9-18', 'SARS-Cov-2 Variant', 8, '4645119147'),
('2022-10-16', 'SARS-Cov-2 Variant', 13, '1993068756'),
('2023-3-24', 'COVID-19', 12, '0900958894'),
('2020-9-5', 'Other', 8, '1517890200'),
('2023-2-10', 'SARS-Cov-2 Variant', 8, '7113937774');

INSERT INTO Vaccine VALUES
(1, 'Pfizer', '2020-3-18', '7391581194', 'TheraResearch'),
(1, 'Pfizer', '2020-11-25', '0771781521', 'CureBioTech'),
(1, 'Johnson & Johnson', '2022-4-18', '1517890200', 'TheraPharm'),
(3, 'Johnson & Johnson', '2020-10-19', '9342285268', 'MediBioTech'),
(1, 'AstraZeneca', '2021-2-26', '9661479075', 'TheraPharm'),
(3, 'Johnson & Johnson', '2023-1-11', '4818986163', 'CareLab'),
(3, 'Pfizer', '2022-11-10', '4818986163', 'HealthSolutions'),
(2, 'AstraZeneca', '2020-3-4', '7113937774', 'TheraResearch'),
(2, 'Johnson & Johnson', '2020-8-27', '7589979294', 'TheraResearch'),
(2, 'Moderna', '2022-8-4', '7934331740', 'CareHealthcare'),
(1, 'Pfizer', '2023-11-22', '9342285268', 'VitaPharmaCare'),
(3, 'Moderna', '2022-1-13', '0309455154', 'PharmaPharmaCare'),
(2, 'Pfizer', '2022-7-22', '4591702842', 'TheraSolutions'),
(3, 'Johnson & Johnson', '2020-2-20', '8404644461', 'HealthLab'),
(3, 'Johnson & Johnson', '2020-11-14', '2772760348', 'BioBioTech'),
(1, 'Moderna', '2023-1-10', '7269099019', 'GenResearch'),
(3, 'AstraZeneca', '2021-3-9', '4951754734', 'GenLab'),
(2, 'Johnson & Johnson', '2023-1-5', '7019679138', 'GenLab'),
(1, 'AstraZeneca', '2022-9-22', '9338862673', 'TheraSolutions'),
(2, 'Moderna', '2023-8-7', '2056725595', 'CareLab'),
(2, 'Pfizer', '2020-2-9', '8424320141', 'CareMed'),
(3, 'AstraZeneca', '2022-2-3', '4142931997', 'CureHealthcare'),
(1, 'Pfizer', '2022-1-21', '4453823986', 'BioBioTech'),
(1, 'Johnson & Johnson', '2020-4-15', '4501044356', 'CareHealthcare'),
(1, 'AstraZeneca', '2021-10-24', '1583568659', 'CareMed'),
(2, 'Johnson & Johnson', '2022-7-13', '4453823986', 'CureHealthcare'),
(3, 'Moderna', '2021-5-23', '6358727706', 'HealthMed'),
(3, 'Johnson & Johnson', '2021-3-2', '6633877849', 'VitaPharmaCare'),
(1, 'Pfizer', '2022-6-24', '2837881156', 'VitaPharmaCare'),
(3, 'Pfizer', '2020-11-21', '4645119147', 'BioPharmaCare'),
(2, 'AstraZeneca', '2020-1-1', '3265510323', 'TheraResearch'),
(3, 'Pfizer', '2022-5-4', '0900958894', 'CareMed'),
(3, 'Moderna', '2021-7-10', '8761308730', 'BioBioTech'),
(1, 'Johnson & Johnson', '2023-4-10', '2800784011', 'BioPharmaCare'),
(3, 'Moderna', '2020-9-6', '7172403629', 'PharmaSolutions'),
(3, 'Johnson & Johnson', '2023-9-25', '5481982979', 'CureBioTech'),
(2, 'AstraZeneca', '2023-6-24', '7113937774', 'CareMed'),
(1, 'Moderna', '2020-2-11', '7269099019', 'CareHealthcare'),
(1, 'Pfizer', '2021-5-17', '2256437079', 'GenResearch'),
(1, 'Moderna', '2021-8-12', '6569957668', 'GenLab'),
(3, 'Pfizer', '2022-2-7', '4501044356', 'CureHealthcare'),
(3, 'AstraZeneca', '2022-3-25', '6779022676', 'HealthSolutions'),
(1, 'Moderna', '2021-6-18', '4720011817', 'CureSolutions'),
(1, 'AstraZeneca', '2020-1-10', '4720011817', 'CureBioTech'),
(1, 'AstraZeneca', '2022-2-26', '0309455154', 'VitaPharmaCare'),
(3, 'Pfizer', '2022-10-5', '1271226831', 'BioBioTech'),
(3, 'Moderna', '2023-5-8', '0990750644', 'VitaPharmaCare'),
(1, 'AstraZeneca', '2023-6-23', '8073711407', 'TheraPharm'),
(3, 'Pfizer', '2023-7-4', '0309455154', 'CureBioTech'),
(2, 'Moderna', '2023-8-23', '1821757359', 'BioPharmaCare'),
(3, 'Pfizer', '2021-3-24', '7391581194', 'TheraResearch'),
(2, 'Moderna', '2021-9-26', '7391581194', 'TheraLab'),
(2, 'Pfizer', '2021-10-20', '8424320141', 'CureHealthcare'),
(3, 'Pfizer', '2023-9-20', '4898045660', 'BioHealthcare'),
(1, 'Johnson & Johnson', '2021-3-18', '2056725595', 'VitaPharmaCare'),
(1, 'Moderna', '2020-8-27', '6220508732', 'CareMed'),
(1, 'Johnson & Johnson', '2022-10-13', '4799756252', 'GenResearch'),
(1, 'Johnson & Johnson', '2022-10-4', '4942391379', 'MediPharmaTech'),
(2, 'Moderna', '2020-10-26', '4453823986', 'TheraPharm'),
(1, 'Moderna', '2021-1-6', '9661479075', 'VitaPharmaCare'),
(1, 'Moderna', '2023-6-9', '4898045660', 'HealthLab'),
(2, 'Moderna', '2022-11-26', '6348622243', 'CureLab'),
(2, 'Johnson & Johnson', '2020-3-22', '8404644461', 'BioHealthcare'),
(3, 'AstraZeneca', '2022-9-24', '3265510323', 'CurePharmaCare'),
(2, 'AstraZeneca', '2022-11-4', '1583568659', 'MediBioTech'),
(1, 'Moderna', '2020-6-5', '5481982979', 'CureHealthcare'),
(3, 'AstraZeneca', '2022-9-20', '4142931997', 'BioHealthcare'),
(1, 'AstraZeneca', '2022-2-7', '9536086712', 'HealthMed'),
(3, 'Pfizer', '2021-2-12', '2837881156', 'CureHealthcare'),
(3, 'Moderna', '2022-6-11', '7897426564', 'HealthLab'),
(3, 'Pfizer', '2021-4-6', '2256437079', 'BioBioTech'),
(3, 'AstraZeneca', '2023-10-24', '1271226831', 'PharmaPharmaCare'),
(2, 'AstraZeneca', '2022-8-21', '6403743187', 'BioBioTech'),
(2, 'Pfizer', '2020-6-27', '3230066488', 'TheraResearch'),
(3, 'Moderna', '2023-1-26', '4501044356', 'PharmaSolutions'),
(2, 'Pfizer', '2022-9-4', '8399842664', 'BioBioTech'),
(3, 'Moderna', '2020-4-6', '3398509120', 'BioHealthcare'),
(1, 'AstraZeneca', '2022-5-16', '7172403629', 'CareMed'),
(2, 'AstraZeneca', '2022-11-24', '5083877570', 'PharmaPharmaCare'),
(3, 'Johnson & Johnson', '2022-8-26', '4416317372', 'BioHealthcare');


