INSERT INTO Residence VALUES
('3735 Cedar Terrace', 'Drummondville', 'Saskatchewan', 'P85 2Y1', '4237184196', 1, 'House'),
('7168 Magnolia Drive', 'Windsor', 'Manitoba', 'Q60 5M9', '6361965491', 6, 'Semi-Detached House'),
('2667 Magnolia Road', 'Ottawa', 'New Brunswick', 'M56 1K2', '9053011523', 2, 'Semi-Detached House'),
('9220 Spruce Avenue', 'Quebec City', 'Nunavut', 'I86 6L8', '6344086544', 1, 'House'),
('2225 Oak Circle', 'Newmarket', 'Ontario', 'W14 5Y3', '7837816296', 2, 'House'),
('0422 Oak Way', 'Montreal', 'Nunavut', 'E99 8Z2', '9656273647', 4, 'Apartment'),
('6139 Birch Lane', 'Hamilton', 'Quebec', 'Y52 7O7', '2982486306', 3, 'House'),
('2595 Maple Lane', 'Oshawa', 'Northwest Territories', 'Z54 0L9', '5716248225', 3, 'House'),
('8642 Willow Circle', 'Saint-Hyacinthe', 'British Columbia', 'H00 6L5', '5660344263', 6, 'Apartment'),
('3161 Cedar Boulevard', 'Halifax', 'Saskatchewan', 'K07 0Z7', '9875269015', 2, 'Apartment'),
('9846 Spruce Court', 'Moncton', 'New Brunswick', 'G05 4N6', '8280571022', 2, 'Condominium'),
('5549 Willow Court', 'Vancouver', 'Quebec', 'Y15 6V9', '8161443859', 2, 'House'),
('2726 Oak Street', 'North Bay', 'Nunavut', 'R67 8W1', '2566160877', 2, 'Apartment'),
('1110 Willow Terrace', 'Toronto', 'Nunavut', 'K03 8K5', '6387495534', 1, 'Apartment'),
('0278 Magnolia Avenue', 'Barrie', 'New Brunswick', 'Y31 4H1', '7817047191', 4, 'Semi-Detached House'),
('9339 Elm Avenue', 'Victoriaville', 'Ontario', 'H78 2F2', '4317716259', 7, 'House'),
('5534 Hickory Court', 'St. Johns', 'Newfoundland and Labrador', 'G78 6B5', '5573887885', 6, 'Condominium'),
('6927 Pine Drive', 'Edmonton', 'Nova Scotia', 'C51 3K8', '6863885533', 5, 'House'),
('4841 Cedar Way', 'Prince George', 'Nunavut', 'S87 7V7', '3398130934', 5, 'Apartment'),
('7059 Spruce Road', 'Kelowna', 'Saskatchewan', 'K02 1S3', '6770871621', 6, 'Condominium'),
('6153 Willow Lane', 'Belleville', 'Ontario', 'J75 8C8', '2988977750', 2, 'Apartment'),
('5995 Birch Circle', 'Lethbridge', 'Prince Edward Island', 'S69 3M0', '4007573508', 3, 'House'),
('6870 Willow Avenue', 'Saint-Jérôme', 'Saskatchewan', 'B86 9S6', '6419586370', 4, 'Semi-Detached House'),
('0440 Birch Way', 'Victoria', 'Newfoundland and Labrador', 'C44 6U7', '3948860110', 6, 'House'),
('9788 Pine Avenue', 'Trois-Rivieres', 'Nova Scotia', 'H54 3D0', '4215744988', 4, 'House'),
('5143 Pine Lane', 'Winnipeg', 'Manitoba', 'N72 4T0', '2617379203', 3, 'Condominium'),
('6408 Oak Court', 'Kingston', 'Nunavut', 'L54 8G4', '2821692630', 3, 'House'),
('2633 Pine Way', 'Guelph', 'Prince Edward Island', 'J80 7J0', '8395381383', 2, 'Apartment'),
('3269 Pine Road', 'Regina', 'Ontario', 'A05 9I6', '2901776695', 4, 'House'),
('3120 Spruce Lane', 'Aurora', 'Alberta', 'N39 4W4', '6385973301', 4, 'Apartment'),
('1001 Maple Road', 'Brandon', 'Northwest Territories', 'R42 1N1', '4334735287', 7, 'Apartment'),
('6960 Maple Avenue', 'London', 'New Brunswick', 'G63 4E5', '9394268522', 1, 'Condominium'),
('8951 Hickory Street', 'Norfolk County', 'Manitoba', 'K35 0Q5', '8214769466', 3, 'Semi-Detached House'),
('0846 Pine Terrace', 'Abbotsford', 'Manitoba', 'J04 5Q8', '4947378133', 4, 'Semi-Detached House'),
('7404 Willow Way', 'Peterborough', 'Alberta', 'S04 2I4', '9902035016', 5, 'Condominium'),
('8908 Spruce Terrace', 'Red Deer', 'British Columbia', 'E80 9Z6', '8213318137', 5, 'House'),
('0058 Oak Terrace', 'Calgary', 'Newfoundland and Labrador', 'X29 5Y4', '2430970762', 4, 'House'),
('1751 Willow Boulevard', 'Fredericton', 'Ontario', 'X83 6B4', '3384939188', 4, 'Apartment'),
('7093 Maple Drive', 'Mirabel', 'Saskatchewan', 'B21 9X9', '9183223589', 5, 'Condominium'),
('5440 Willow Drive', 'Saskatoon', 'British Columbia', 'U66 7S6', '7081375798', 6, 'House');

INSERT INTO Person VALUES
('0524717025', 'Samuel', 'Lee', '1963-7-18', 'X088914679', '5402984146', 'Canadian', 'samuellee78@gmail.com', 'Waiter/Waitress', '9220 Spruce Avenue'),
('6841847101', 'Olivia', 'Miller', '1981-6-16', 'J372885652', '2519381377', 'Canadian', 'oliviamiller20@gmail.com', 'Engineer', '9846 Spruce Court'),
('1309934517', 'Mia', 'Hill', '1989-3-11', 'S095744464', '5078238174', 'Canadian', 'miahill02@gmail.com', 'Real Estate Agent', '3735 Cedar Terrace'),
('7125766767', 'Henry', 'Mitchell', '1959-2-16', 'V314371045', '8910513910', 'Canadian', 'henrymitchell14@gmail.com', 'Photographer', '7093 Maple Drive'),
('8658159462', 'Evelyn', 'Wilson', '2018-8-3', 'X253013714', '2066664552', 'Canadian', 'evelynwilson59@gmail.com', 'Economist', '7059 Spruce Road'),
('0206007336', 'Elijah', 'Wilson', '1983-2-22', 'V331869042', '9236830627', 'Canadian', 'elijahwilson09@gmail.com', 'Librarian', '6139 Birch Lane'),
('2249373999', 'Scarlett', 'Miller', '1994-5-19', 'I757062350', '7264652863', 'Canadian', 'scarlettmiller84@gmail.com', 'Chef', '0846 Pine Terrace'),
('9852663520', 'Sophia', 'Jones', '1960-8-11', 'P262585083', '7830713992', 'Canadian', 'sophiajones04@gmail.com', 'Graphic Designer', '0440 Birch Way'),
('2566705979', 'Mason', 'Lopez', '1946-6-4', 'K895979235', '9592471507', 'Canadian', 'masonlopez65@gmail.com', 'Teacher', '3735 Cedar Terrace'),
('8738426348', 'Jackson', 'Davis', '1974-2-25', 'Q927966428', '9388273917', 'Canadian', 'jacksondavis16@gmail.com', 'Mechanic', '1751 Willow Boulevard'),
('7980826947', 'Avery', 'Johnson', '2011-1-25', 'S062568115', '8816642357', 'Canadian', 'averyjohnson79@gmail.com', 'Journalist', '7059 Spruce Road'),
('8886886743', 'Logan', 'Davis', '1989-10-11', 'H800000496', '8071704504', 'Canadian', 'logandavis53@gmail.com', 'Actor', '5143 Pine Lane'),
('6579614477', 'Noah', 'Robinson', '2009-4-13', 'O781953030', '2814498574', 'Canadian', 'noahrobinson01@gmail.com', 'Interior Designer', '0278 Magnolia Avenue'),
('3708781503', 'Sebastian', 'Williams', '1979-7-18', 'J639867497', '7786877153', 'Canadian', 'sebastianwilliams73@gmail.com', 'Marketing Manager', '8908 Spruce Terrace'),
('0603442707', 'Scarlett', 'Baker', '1963-4-14', 'W447378539', '2982464523', 'Canadian', 'scarlettbaker96@gmail.com', 'Doctor', '7168 Magnolia Drive'),
('3998211697', 'Elijah', 'Davis', '1976-1-15', 'U398421520', '2551269921', 'Canadian', 'elijahdavis74@gmail.com', 'Fitness Trainer', '9220 Spruce Avenue'),
('4396396276', 'Olivia', 'White', '1966-11-15', 'K215654823', '2713498857', 'Canadian', 'oliviawhite70@gmail.com', 'Writer', '5549 Willow Court'),
('1231681161', 'Emily', 'Phillips', '2004-4-27', 'D595714594', '4084686835', 'Canadian', 'emilyphillips83@gmail.com', 'Sales Representative', '2225 Oak Circle'),
('4105105249', 'Emma', 'Evans', '2005-2-20', 'F861741411', '7816942266', 'Canadian', 'emmaevans98@gmail.com', 'Construction Worker', '1110 Willow Terrace'),
('5717404166', 'Logan', 'Phillips', '1943-10-24', 'L578623844', '2121136909', 'Canadian', 'loganphillips76@gmail.com', 'Psychologist', '1751 Willow Boulevard'),
('1340138009', 'Isabella', 'Robinson', '1992-11-22', 'K132282265', '9884609961', 'Canadian', 'isabellarobinson53@gmail.com', 'Translator', '2225 Oak Circle'),
('7114781291', 'Ella', 'Thomas', '1966-1-23', 'W707609947', '5400123874', 'Canadian', 'ellathomas48@gmail.com', 'Dentist', '5995 Birch Circle'),
('0544378471', 'William', 'Walker', '2016-10-21', 'Y049315595', '3242474960', 'Canadian', 'williamwalker35@gmail.com', 'Software Developer', '8642 Willow Circle'),
('6388581485', 'Joseph', 'Turner', '2004-8-3', 'B124505746', '2038032339', 'Canadian', 'josephturner33@gmail.com', 'Social Worker', '7168 Magnolia Drive'),
('5091054563', 'Charlotte', 'Phillips', '1960-7-7', 'J098973888', '3639357779', 'Canadian', 'charlottephillips06@gmail.com', 'Web Designer', '2595 Maple Lane'),
('4181093472', 'Jacob', 'Thomas', '1968-8-17', 'P288907681', '6566088252', 'Canadian', 'jacobthomas44@gmail.com', 'Architect', '8951 Hickory Street'),
('2973451791', 'Emily', 'Roberts', '1951-6-7', 'L957466869', '9568811206', 'Canadian', 'emilyroberts77@gmail.com', 'Police Officer', '6870 Willow Avenue'),
('1710563958', 'Mia', 'Mitchell', '1968-10-10', 'C705523536', '3268334772', 'Canadian', 'miamitchell26@gmail.com', 'Bartender', '6139 Birch Lane'),
('0154862868', 'Ava', 'Campbell', '1972-1-10', 'X066819258', '6045911958', 'Canadian', 'avacampbell73@gmail.com', 'Chemist', '8951 Hickory Street'),
('4680974143', 'Noah', 'Turner', '1985-1-9', 'C397688579', '6410314758', 'Canadian', 'noahturner13@gmail.com', 'Electrician', '5534 Hickory Court'),
('6825077748', 'Joseph', 'King', '2022-7-18', 'I532525381', '3780863365', 'Canadian', 'josephking24@gmail.com', 'Meteorologist', '5143 Pine Lane'),
('4720034148', 'Isabella', 'Wright', '1987-10-21', 'Y593519716', '3337362261', 'Canadian', 'isabellawright39@gmail.com', 'Biologist', '5143 Pine Lane'),
('8464695818', 'Aria', 'Moore', '1952-4-26', 'Y281381549', '7746972336', 'Canadian', 'ariamoore81@gmail.com', 'Plumber', '9846 Spruce Court'),
('0346716590', 'Ava', 'Martinez', '1987-6-17', 'P954867223', '2519148786', 'Canadian', 'avamartinez56@gmail.com', 'Marine Biologist', '0278 Magnolia Avenue'),
('6495385219', 'Jackson', 'Thomas', '1972-5-23', 'W227179962', '5960845464', 'Canadian', 'jacksonthomas26@gmail.com', 'Carpenter', '6408 Oak Court'),
('4539209171', 'Olivia', 'Martinez', '1979-8-3', 'Y793444097', '7200555326', 'Canadian', 'oliviamartinez65@gmail.com', 'Accountant', '4841 Cedar Way'),
('6020818380', 'Benjamin', 'Nelson', '1974-2-19', 'S276686214', '9231570865', 'Canadian', 'benjaminnelson18@gmail.com', 'Financial Analyst', '1751 Willow Boulevard'),
('4208120108', 'Joseph', 'Anderson', '1979-4-14', 'S759321368', '5200682315', 'Canadian', 'josephanderson10@gmail.com', 'Paramedic', '5534 Hickory Court'),
('9333052970', 'Alexander', 'Wilson', '1942-10-9', 'W578487542', '6558286269', 'Canadian', 'alexanderwilson30@gmail.com', 'Pilot', '9846 Spruce Court'),
('1030715236', 'Emma', 'Young', '2011-3-6', 'H957791118', '6149194213', 'Canadian', 'emmayoung92@gmail.com', 'Artist', '9788 Pine Avenue');

INSERT INTO Employee VALUES
('3998211697', 'Receptionist'),
('4105105249', 'Administrative Personnel'),
('6495385219', 'Regular Employee'),
('2249373999', 'Receptionist'),
('0206007336', 'Pharmacist'),
('4181093472', 'Receptionist'),
('1030715236', 'Doctor'),
('5091054563', 'Doctor'),
('5717404166', 'Regular Employee'),
('1340138009', 'Doctor'),
('6579614477', 'Nurse'),
('9333052970', 'Receptionist'),
('4208120108', 'Regular Employee'),
('8738426348', 'Doctor'),
('0603442707', 'Pharmacist'),
('6020818380', 'Security Personnel'),
('1231681161', 'Doctor'),
('4539209171', 'Regular Employee'),
('8464695818', 'Administrative Personnel'),
('6825077748', 'Administrative Personnel'),
('4720034148', 'Regular Employee'),
('0154862868', 'Receptionist'),
('0346716590', 'Security Personnel'),
('7980826947', 'Regular Employee'),
('6841847101', 'Pharmacist'),
('7114781291', 'Doctor'),
('9852663520', 'Receptionist'),
('8886886743', 'Security Personnel'),
('2973451791', 'Pharmacist'),
('6388581485', 'Receptionist'),
('4680974143', 'Cashier'),
('0524717025', 'Receptionist'),
('8658159462', 'Doctor'),
('1710563958', 'Pharmacist'),
('4396396276', 'Security Personnel');

INSERT INTO Facility VALUES
('VitaTech 6262', '5020 Oak Circle', 'Windsor', 'British Columbia', 'F20 4J9', '3656270940', 'www.vitatech6262040.org', 'Clinic', 878, '4680974143'),
('HealthLab 4685', '7497 Maple Avenue', 'Quebec City', 'British Columbia', 'K43 0M3', '5547022355', 'www.healthlab4685763.org', 'Special Instalment', 763, '4208120108'),
('PharmaPharm 6786', '7565 Maple Road', 'Prince George', 'Northwest Territories', 'I49 3F1', '4534541115', 'www.pharmapharm6786806.org', 'Hospital', 642, '3998211697'),
('PharmaBioTech 6649', '0592 Oak Street', 'Medicine Hat', 'British Columbia', 'C30 3O7', '7672936122', 'www.pharmabiotech6649535.org', 'Clinic', 398, '4396396276'),
('VitaMed 2877', '4155 Magnolia Way', 'Victoria', 'New Brunswick', 'C80 8Z4', '6053617296', 'www.vitamed2877252.org', 'CLSC', 132, '1340138009'),
('CurePharmaTech 4598', '7131 Cedar Street', 'Aurora', 'Manitoba', 'Z57 8W9', '2492671072', 'www.curepharmatech4598642.org', 'Hospital', 921, '7980826947'),
('HealthSolutions 7932', '9561 Elm Boulevard', 'Belleville', 'Quebec', 'H22 8V3', '6152393486', 'www.healthsolutions7932020.org', 'Special Instalment', 910, '0603442707'),
('TheraPharmaTech 5048', '8617 Willow Terrace', 'Kingston', 'Manitoba', 'Q29 8C7', '5072118867', 'www.therapharmatech5048464.org', 'CLSC', 595, '6495385219'),
('TheraPharm 8407', '9962 Cedar Road', 'Peterborough', 'Manitoba', 'W03 6Z6', '5238306464', 'www.therapharm8407284.org', 'Clinic', 215, '7114781291'),
('CareTech 2682', '3382 Elm Avenue', 'Regina', 'New Brunswick', 'W58 1T3', '5788980151', 'www.caretech2682002.org', 'CLSC', 261, '2249373999'),
('PharmaSolutions 9494', '8159 Cedar Way', 'Mirabel', 'Saskatchewan', 'Y05 5O3', '9408942032', 'www.pharmasolutions9494077.org', 'Clinic', 599, '4539209171'),
('MediTech 8811', '9055 Birch Way', 'Montreal', 'Prince Edward Island', 'N27 1B0', '2726408580', 'www.meditech8811740.org', 'Hospital', 932, '5717404166'),
('CureHealthcare 7645', '0294 Magnolia Avenue', 'Trois-Rivieres', 'Nova Scotia', 'H28 7D4', '3513513044', 'www.curehealthcare7645232.org', 'Special Instalment', 789, '4680974143'),
('CareMed 4408', '1259 Birch Drive', 'Kanata', 'British Columbia', 'R28 0H4', '2570899436', 'www.caremed4408352.org', 'Pharmacy', 530, '6495385219'),
('PharmaResearch 1639', '5326 Elm Drive', 'Norfolk County', 'Manitoba', 'M29 7C0', '3817214326', 'www.pharmaresearch1639232.org', 'Pharmacy', 672, '2973451791'),
('CareResearch 8307', '1211 Spruce Way', 'Drummondville', 'British Columbia', 'G46 2B3', '7852544260', 'www.careresearch8307785.org', 'Special Instalment', 380, '2249373999'),
('GenHealthcare 2345', '0861 Birch Terrace', 'London', 'Nova Scotia', 'T76 7L0', '7390040833', 'www.genhealthcare2345757.org', 'Pharmacy', 941, '4396396276'),
('GenPharm 5234', '0055 Birch Court', 'Edmonton', 'Prince Edward Island', 'R86 7D7', '3362389065', 'www.genpharm5234810.org', 'Special Instalment', 171, '8464695818'),
('MediBioTech 0224', '9329 Elm Lane', 'Kelowna', 'Northwest Territories', 'N36 9D3', '5648214157', 'www.medibiotech0224675.org', 'Pharmacy', 764, '1231681161'),
('LifeLab 6758', '5733 Oak Drive', 'Victoriaville', 'Ontario', 'C06 5M5', '3650398714', 'www.lifelab6758330.org', 'CLSC', 168, '7980826947'),
('BioPharmaTech 3943', '5260 Spruce Boulevard', 'Saint John', 'Alberta', 'G02 9A5', '6708435560', 'www.biopharmatech3943752.org', 'Clinic', 98, '6825077748'),
('TheraHealthcare 2604', '5057 Willow Court', 'Calgary', 'Newfoundland and Labrador', 'A78 4O0', '2777833993', 'www.therahealthcare2604573.org', 'Hospital', 503, '4208120108'),
('LifeSolutions 8214', '7551 Maple Terrace', 'Hamilton', 'Alberta', 'Z28 6E4', '5264177210', 'www.lifesolutions8214379.org', 'CLSC', 123, '6020818380'),
('GenTech 3046', '9702 Cedar Lane', 'Newmarket', 'Northwest Territories', 'I25 7G1', '8968729162', 'www.gentech3046298.org', 'Hospital', 51, '6020818380'),
('HealthResearch 0658', '4898 Hickory Avenue', 'Saint-Hyacinthe', 'Quebec', 'Y79 3U5', '8414481505', 'www.healthresearch0658133.org', 'Pharmacy', 189, '0206007336');

INSERT INTO Works_at VALUES
('6388581485', 'CareMed 4408', '2018-10-4', '2020-2-19'),
('8464695818', 'CureHealthcare 7645', '2020-3-20', '2021-3-19'),
('0524717025', 'PharmaSolutions 9494', '2022-3-7', '2023-8-6'),
('8886886743', 'TheraHealthcare 2604', '2019-10-10', NULL),
('6388581485', 'TheraPharmaTech 5048', '2019-4-12', '2020-7-16'),
('1710563958', 'CureHealthcare 7645', '2023-8-22', NULL),
('0346716590', 'CareMed 4408', '2023-3-18', NULL),
('1340138009', 'TheraPharm 8407', '2020-2-18', '2020-6-10'),
('8886886743', 'HealthLab 4685', '2015-4-25', '2015-9-16'),
('4181093472', 'HealthSolutions 7932', '2019-1-27', '2023-6-17'),
('1030715236', 'BioPharmaTech 3943', '2015-4-12', '2020-4-19'),
('4720034148', 'LifeSolutions 8214', '2019-9-25', NULL),
('8658159462', 'TheraHealthcare 2604', '2016-7-4', NULL),
('3998211697', 'CareTech 2682', '2020-1-22', '2020-11-3'),
('6388581485', 'TheraHealthcare 2604', '2022-4-20', '2022-5-8'),
('1231681161', 'PharmaBioTech 6649', '2019-10-3', '2021-9-23'),
('3998211697', 'HealthLab 4685', '2015-8-25', '2017-1-10'),
('3998211697', 'HealthSolutions 7932', '2015-4-13', NULL),
('4208120108', 'VitaMed 2877', '2023-3-19', '2023-10-12'),
('6495385219', 'HealthSolutions 7932', '2023-9-26', '2023-10-12'),
('4539209171', 'VitaMed 2877', '2020-10-24', NULL),
('4181093472', 'CurePharmaTech 4598', '2022-5-10', '2023-3-22'),
('7980826947', 'VitaTech 6262', '2021-11-3', NULL),
('4680974143', 'PharmaResearch 1639', '2020-1-4', NULL),
('1030715236', 'MediTech 8811', '2019-3-25', '2020-11-14'),
('1231681161', 'CareMed 4408', '2016-9-15', '2019-9-19'),
('0524717025', 'PharmaResearch 1639', '2015-10-22', NULL),
('0524717025', 'GenHealthcare 2345', '2019-7-9', '2022-7-13'),
('7980826947', 'GenHealthcare 2345', '2019-1-24', '2023-5-26'),
('4105105249', 'LifeSolutions 8214', '2016-3-25', '2017-3-15'),
('0154862868', 'TheraHealthcare 2604', '2017-7-2', '2019-1-26'),
('6579614477', 'PharmaSolutions 9494', '2018-11-13', NULL),
('6020818380', 'MediBioTech 0224', '2020-5-2', NULL),
('5717404166', 'GenHealthcare 2345', '2023-9-15', NULL),
('4208120108', 'PharmaSolutions 9494', '2019-11-3', NULL),
('6020818380', 'BioPharmaTech 3943', '2018-11-24', '2022-5-15'),
('8658159462', 'CareTech 2682', '2021-4-23', '2021-6-23'),
('8738426348', 'CureHealthcare 7645', '2022-7-3', NULL),
('4105105249', 'MediTech 8811', '2017-7-21', '2018-1-2'),
('5717404166', 'VitaMed 2877', '2017-1-7', NULL);

INSERT INTO lives_in VALUES
('1110 Willow Terrace', '9333052970', '2018-10-1'),
('1751 Willow Boulevard', '6841847101', '2017-5-4'),
('6408 Oak Court', '4208120108', '2018-4-8'),
('5995 Birch Circle', '2973451791', '2019-3-18'),
('6960 Maple Avenue', '7125766767', '2023-4-25'),
('7168 Magnolia Drive', '1340138009', '2018-9-10'),
('6960 Maple Avenue', '5091054563', '2023-10-5'),
('8642 Willow Circle', '4539209171', '2019-9-17'),
('7093 Maple Drive', '6825077748', '2019-2-15'),
('4841 Cedar Way', '3998211697', '2019-6-8'),
('6153 Willow Lane', '0603442707', '2020-4-9'),
('6139 Birch Lane', '4539209171', '2021-8-6'),
('1110 Willow Terrace', '0154862868', '2016-9-6'),
('9339 Elm Avenue', '6495385219', '2017-10-4'),
('6960 Maple Avenue', '9852663520', '2019-4-16'),
('1751 Willow Boulevard', '8464695818', '2019-6-7'),
('3161 Cedar Boulevard', '6825077748', '2020-3-20'),
('8908 Spruce Terrace', '8464695818', '2018-4-27'),
('6139 Birch Lane', '4105105249', '2019-4-18'),
('5995 Birch Circle', '2249373999', '2019-8-10'),
('1751 Willow Boulevard', '0154862868', '2018-2-23'),
('6960 Maple Avenue', '8886886743', '2015-5-6'),
('9339 Elm Avenue', '4181093472', '2023-2-5'),
('7059 Spruce Road', '9852663520', '2021-10-3'),
('2633 Pine Way', '1710563958', '2020-7-10'),
('7093 Maple Drive', '4680974143', '2022-5-4'),
('8642 Willow Circle', '0524717025', '2019-10-7'),
('9788 Pine Avenue', '7114781291', '2016-2-4'),
('0440 Birch Way', '4680974143', '2021-10-2'),
('0058 Oak Terrace', '4720034148', '2015-10-5'),
('6870 Willow Avenue', '3998211697', '2018-4-11'),
('2667 Magnolia Road', '4680974143', '2019-6-22'),
('5143 Pine Lane', '6841847101', '2018-1-25'),
('0440 Birch Way', '2249373999', '2022-8-10'),
('7168 Magnolia Drive', '6579614477', '2017-5-2'),
('3269 Pine Road', '8464695818', '2019-4-8'),
('0440 Birch Way', '1340138009', '2021-11-13'),
('6870 Willow Avenue', '0206007336', '2023-3-6'),
('7404 Willow Way', '9852663520', '2018-1-23'),
('0058 Oak Terrace', '8464695818', '2018-8-17');

INSERT INTO lives_with VALUES
('4680974143', '6020818380', 'Roommate'),
('6825077748', '7980826947', 'Roommate'),
('7980826947', '0524717025', 'Children'),
('7114781291', '7980826947', 'Partner'),
('4680974143', '0346716590', 'Children'),
('0154862868', '0206007336', 'Roommate'),
('1231681161', '8886886743', 'Partner'),
('1340138009', '0603442707', 'Roommate'),
('0206007336', '0346716590', 'Partner'),
('6579614477', '4208120108', 'Children'),
('6495385219', '5091054563', 'Parent'),
('2249373999', '1231681161', 'Partner'),
('1030715236', '2249373999', 'Roommate'),
('2973451791', '7125766767', 'Parent'),
('7980826947', '0154862868', 'Roommate'),
('7114781291', '5091054563', 'Partner'),
('8738426348', '6825077748', 'Children'),
('2973451791', '1340138009', 'Children'),
('1340138009', '0524717025', 'Partner'),
('0206007336', '0154862868', 'Roommate'),
('9852663520', '5717404166', 'Roommate'),
('4208120108', '0154862868', 'Parent'),
('0206007336', '5717404166', 'Parent'),
('7980826947', '6579614477', 'Roommate'),
('0524717025', '4680974143', 'Partner'),
('4208120108', '1231681161', 'Partner'),
('8658159462', '1710563958', 'Roommate'),
('4680974143', '6825077748', 'Non-Parent Dependent'),
('2973451791', '4680974143', 'Children'),
('4181093472', '0603442707', 'Parent'),
('1030715236', '4680974143', 'Children'),
('6579614477', '2973451791', 'Children'),
('6841847101', '9852663520', 'Roommate'),
('6388581485', '5717404166', 'Partner'),
('1030715236', '4396396276', 'Parent'),
('1231681161', '4105105249', 'Non-Parent Dependent'),
('1340138009', '7980826947', 'Non-Parent Dependent'),
('6841847101', '4680974143', 'Children'),
('0603442707', '4680974143', 'Parent'),
('7980826947', '8738426348', 'Partner');

INSERT INTO Infection VALUES
('2020-10-20', 'Other', 4, '8886886743'),
('2020-9-10', 'COVID-19', 5, '1030715236'),
('2023-11-23', 'SARS-Cov-2 Variant', 6, '7125766767'),
('2023-1-2', 'COVID-19', 8, '8464695818'),
('2022-9-5', 'SARS-Cov-2 Variant', 8, '2973451791'),
('2023-8-21', 'SARS-Cov-2 Variant', 10, '6841847101'),
('2021-5-17', 'Other', 6, '8658159462'),
('2020-8-1', 'Other', 7, '5717404166'),
('2023-11-2', 'Other', 6, '1309934517'),
('2023-10-21', 'Other', 4, '8464695818'),
('2023-2-24', 'SARS-Cov-2 Variant', 1, '1309934517'),
('2021-3-17', 'Other', 6, '4539209171'),
('2022-8-17', 'SARS-Cov-2 Variant', 11, '4720034148'),
('2021-5-27', 'SARS-Cov-2 Variant', 6, '5091054563'),
('2021-9-10', 'COVID-19', 13, '8886886743'),
('2022-3-10', 'COVID-19', 9, '6495385219'),
('2021-4-10', 'Other', 13, '0603442707'),
('2022-8-22', 'SARS-Cov-2 Variant', 1, '6841847101'),
('2022-3-22', 'SARS-Cov-2 Variant', 2, '7980826947'),
('2020-2-8', 'COVID-19', 13, '6020818380'),
('2021-1-19', 'SARS-Cov-2 Variant', 6, '4539209171'),
('2023-3-16', 'SARS-Cov-2 Variant', 3, '6495385219'),
('2020-4-21', 'Other', 9, '1231681161'),
('2021-7-14', 'COVID-19', 10, '7980826947'),
('2023-9-19', 'Other', 6, '4680974143'),
('2020-9-3', 'COVID-19', 2, '1309934517'),
('2020-11-14', 'COVID-19', 8, '0603442707'),
('2020-7-4', 'COVID-19', 10, '2249373999'),
('2020-1-12', 'COVID-19', 2, '5091054563'),
('2020-2-13', 'SARS-Cov-2 Variant', 11, '7980826947'),
('2021-7-6', 'Other', 11, '8886886743'),
('2023-10-26', 'SARS-Cov-2 Variant', 3, '4396396276'),
('2023-10-26', 'Other', 6, '7114781291'),
('2021-4-10', 'Other', 6, '1340138009'),
('2022-6-25', 'Other', 10, '6388581485'),
('2021-2-12', 'SARS-Cov-2 Variant', 7, '1231681161'),
('2020-1-2', 'COVID-19', 1, '0206007336'),
('2021-6-10', 'Other', 6, '0206007336'),
('2023-4-8', 'Other', 10, '0524717025'),
('2020-6-22', 'SARS-Cov-2 Variant', 7, '4539209171'),
('2022-10-27', 'Other', 1, '6825077748'),
('2021-3-6', 'COVID-19', 3, '3708781503'),
('2020-1-24', 'COVID-19', 11, '4208120108'),
('2023-6-3', 'COVID-19', 1, '6388581485'),
('2020-3-23', 'SARS-Cov-2 Variant', 9, '6020818380'),
('2021-4-25', 'COVID-19', 1, '2249373999'),
('2023-3-12', 'COVID-19', 9, '9852663520'),
('2023-5-19', 'Other', 10, '4105105249'),
('2022-11-7', 'Other', 2, '1231681161'),
('2020-2-1', 'Other', 3, '6388581485');

INSERT INTO Vaccine VALUES
(1, 'Pfizer', '2023-9-2', '1231681161', 'LifeLab 6758'),
(2, 'Johnson & Johnson', '2022-7-17', '4105105249', 'PharmaPharm 6786'),
(2, 'Johnson & Johnson', '2020-3-27', '7125766767', 'HealthLab 4685'),
(2, 'Pfizer', '2023-7-20', '4396396276', 'PharmaResearch 1639'),
(3, 'Johnson & Johnson', '2023-9-20', '0603442707', 'LifeSolutions 8214'),
(3, 'AstraZeneca', '2020-4-12', '5091054563', 'CureHealthcare 7645'),
(3, 'AstraZeneca', '2023-8-19', '3998211697', 'MediBioTech 0224'),
(3, 'Moderna', '2022-10-24', '8738426348', 'PharmaSolutions 9494'),
(2, 'AstraZeneca', '2023-1-22', '4208120108', 'HealthSolutions 7932'),
(2, 'Johnson & Johnson', '2022-7-24', '4539209171', 'HealthSolutions 7932'),
(3, 'Pfizer', '2022-4-23', '8886886743', 'CareMed 4408'),
(3, 'Johnson & Johnson', '2022-9-10', '7114781291', 'MediTech 8811'),
(3, 'Johnson & Johnson', '2022-7-7', '2566705979', 'BioPharmaTech 3943'),
(1, 'Moderna', '2023-4-20', '9333052970', 'HealthLab 4685'),
(3, 'Pfizer', '2023-6-12', '2566705979', 'LifeSolutions 8214'),
(3, 'AstraZeneca', '2021-9-24', '5091054563', 'BioPharmaTech 3943'),
(2, 'Pfizer', '2020-2-20', '7114781291', 'PharmaBioTech 6649'),
(2, 'Moderna', '2023-5-20', '2249373999', 'CareTech 2682'),
(2, 'Pfizer', '2022-10-14', '2566705979', 'CareTech 2682'),
(1, 'Pfizer', '2023-8-7', '8886886743', 'TheraHealthcare 2604'),
(3, 'Moderna', '2021-1-24', '0154862868', 'LifeLab 6758'),
(3, 'Pfizer', '2023-9-1', '2973451791', 'PharmaPharm 6786'),
(2, 'Johnson & Johnson', '2023-5-15', '7980826947', 'VitaMed 2877'),
(3, 'Pfizer', '2022-1-10', '2249373999', 'HealthLab 4685'),
(1, 'Johnson & Johnson', '2020-2-22', '1030715236', 'TheraPharm 8407'),
(2, 'Pfizer', '2020-7-22', '6579614477', 'CareTech 2682'),
(3, 'Moderna', '2023-3-18', '0524717025', 'CareMed 4408'),
(2, 'Johnson & Johnson', '2023-5-1', '1231681161', 'PharmaSolutions 9494'),
(2, 'Moderna', '2022-4-25', '1231681161', 'GenPharm 5234'),
(2, 'Moderna', '2021-11-25', '5717404166', 'MediTech 8811'),
(2, 'AstraZeneca', '2022-6-9', '1340138009', 'CareMed 4408'),
(1, 'Johnson & Johnson', '2022-5-16', '8738426348', 'CareResearch 8307'),
(1, 'Moderna', '2021-6-26', '5091054563', 'VitaMed 2877'),
(1, 'AstraZeneca', '2020-7-18', '4396396276', 'TheraHealthcare 2604'),
(1, 'Pfizer', '2023-5-16', '8464695818', 'HealthResearch 0658'),
(3, 'AstraZeneca', '2022-5-22', '5091054563', 'GenHealthcare 2345'),
(2, 'Johnson & Johnson', '2022-1-3', '6825077748', 'HealthLab 4685'),
(2, 'AstraZeneca', '2020-8-24', '1030715236', 'TheraPharmaTech 5048'),
(2, 'Johnson & Johnson', '2022-5-22', '4396396276', 'PharmaPharm 6786'),
(2, 'Pfizer', '2022-8-10', '3998211697', 'GenPharm 5234'),
(1, 'AstraZeneca', '2023-10-10', '7980826947', 'TheraHealthcare 2604'),
(2, 'Moderna', '2021-3-11', '1340138009', 'PharmaSolutions 9494'),
(3, 'AstraZeneca', '2021-6-11', '3998211697', 'PharmaSolutions 9494'),
(2, 'Johnson & Johnson', '2023-8-15', '8886886743', 'HealthSolutions 7932'),
(1, 'Pfizer', '2020-6-14', '8658159462', 'LifeLab 6758');

INSERT INTO Schedule VALUES
('2020-3-16', '2019-7-12 14:58:59', '2022-4-20 23:22:42', 'CureHealthcare 7645', '6388581485'),
('2020-8-10', '2020-1-17 22:30:48', '2023-3-16 16:19:6', 'PharmaResearch 1639', '4105105249'),
('2019-4-22', '2020-5-22 12:34:19', '2022-1-6 22:12:48', 'HealthLab 4685', '5717404166'),
('2022-11-7', '2019-9-18 17:53:46', '2020-7-1 22:34:55', 'PharmaSolutions 9494', '5717404166'),
('2017-2-19', '2023-11-21 6:21:18', '2023-11-22 15:13:46', 'GenPharm 5234', '5717404166'),
('2023-4-4', '2021-6-17 21:40:13', '2021-7-14 15:41:16', 'TheraPharmaTech 5048', '3998211697'),
('2023-8-18', '2020-1-4 4:29:37', '2021-2-2 22:22:3', 'PharmaSolutions 9494', '2973451791'),
('2019-1-9', '2022-4-19 13:9:48', '2023-11-16 19:39:3', 'GenTech 3046', '3998211697'),
('2017-9-24', '2023-9-18 3:30:47', '2023-10-17 11:1:2', 'CurePharmaTech 4598', '7980826947'),
('2018-9-4', '2022-11-19 8:9:15', '2023-2-15 9:7:38', 'PharmaBioTech 6649', '3998211697'),
('2023-1-17', '2021-3-12 7:3:25', '2022-7-12 19:50:46', 'TheraPharmaTech 5048', '8738426348'),
('2020-7-25', '2022-11-6 9:10:36', '2023-5-13 8:2:32', 'PharmaResearch 1639', '6825077748'),
('2018-3-2', '2022-4-22 18:48:19', '2023-6-2 12:15:50', 'HealthSolutions 7932', '6388581485'),
('2020-4-6', '2022-2-18 14:35:11', '2023-9-27 14:59:45', 'GenPharm 5234', '1231681161'),
('2017-10-22', '2018-8-9 11:17:29', '2019-8-19 7:22:47', 'BioPharmaTech 3943', '4208120108'),
('2020-11-3', '2022-4-22 15:33:41', '2022-7-11 1:41:13', 'VitaMed 2877', '6579614477'),
('2020-4-10', '2019-9-17 23:14:7', '2020-2-25 15:56:9', 'GenTech 3046', '9333052970'),
('2023-6-15', '2019-2-2 6:14:49', '2019-3-18 21:24:5', 'MediBioTech 0224', '9333052970'),
('2022-1-23', '2020-11-26 13:42:48', '2023-10-13 18:46:51', 'TheraPharmaTech 5048', '0603442707'),
('2021-10-2', '2019-5-15 19:55:56', '2021-1-2 8:41:25', 'GenTech 3046', '1710563958'),
('2023-3-5', '2018-5-26 14:35:1', '2023-4-27 10:6:26', 'TheraHealthcare 2604', '2973451791'),
('2022-9-18', '2019-8-22 22:38:20', '2023-8-9 16:33:14', 'GenHealthcare 2345', '6495385219'),
('2017-8-22', '2023-1-5 8:48:46', '2023-8-27 15:16:40', 'TheraPharmaTech 5048', '7980826947'),
('2021-11-15', '2020-10-14 20:27:25', '2022-10-12 5:21:33', 'CareMed 4408', '7980826947'),
('2018-2-9', '2020-4-1 22:46:41', '2020-5-3 4:2:13', 'TheraHealthcare 2604', '9333052970'),
('2017-2-23', '2021-6-1 2:18:9', '2022-11-1 18:56:48', 'GenTech 3046', '1231681161'),
('2018-5-3', '2020-8-13 4:24:9', '2022-1-14 5:14:8', 'CureHealthcare 7645', '6388581485'),
('2020-7-21', '2022-2-5 7:38:3', '2022-5-14 15:47:5', 'LifeSolutions 8214', '0524717025'),
('2022-2-7', '2022-1-22 1:37:15', '2023-9-26 15:47:38', 'PharmaResearch 1639', '8464695818'),
('2017-4-10', '2023-5-17 15:47:3', '2023-9-10 18:16:51', 'VitaMed 2877', '0154862868');


